Description,Sales_Revenue,Units_Sold,Sales_Invoices,Cancellation_Value,Cancelled_Units,Cancellation_Invoices,Cancellation_Value_Rate_%
 4 PURPLE FLOCK DINNER CANDLES,285.7,142,38,0.0,0.0,0.0,0.0
 50'S CHRISTMAS GIFT BAG LARGE,2343.63,1915,129,2.5,2.0,1.0,0.10655846010238137
 DOLLY GIRL BEAKER,2886.25,2451,174,8.75,7.0,2.0,0.30224525043177897
 I LOVE LONDON MINI BACKPACK,1624.02,388,86,0.0,0.0,0.0,0.0
 I LOVE LONDON MINI RUCKSACK,4.15,1,1,0.0,0.0,0.0,0.0
 NINE DRAWER OFFICE TIDY,894.42,58,33,0.0,0.0,0.0,0.0
 OVAL WALL MIRROR DIAMANTE ,2391.12,236,156,49.75,5.0,3.0,2.038207688242307
 RED SPOT GIFT BAG LARGE,2089.92,1713,103,0.0,0.0,0.0,0.0
 SET 2 TEA TOWELS I LOVE LONDON ,8082.05,2783,269,25.4,8.0,3.0,0.3132920955417548
 SPACEBOY BABY GIFT SET,7741.749999999999,498,184,101.69999999999999,6.0,3.0,1.2966232971460263
 TOADSTOOL BEDSIDE LIGHT ,17.9,2,1,0.0,0.0,0.0,0.0
 TRELLIS COAT RACK,1118.6100000000001,227,56,4.95,1.0,1.0,0.4405639218199295
*Boombox Ipod Classic,16.98,1,1,0.0,0.0,0.0,0.0
*USB Office Mirror Ball,16.94,2,2,0.0,0.0,0.0,0.0
10 COLOUR SPACEBOY PEN,5585.45,6564,318,146.2,172.0,8.0,2.5507489117444364
12 COLOURED PARTY BALLOONS,1398.51,2134,163,13.0,20.0,1.0,0.9209994969925824
12 DAISY PEGS IN WOOD BOX,592.6199999999999,344,77,0.0,0.0,0.0,0.0
12 EGG HOUSE PAINTED WOOD,2378.52,149,99,12.75,1.0,1.0,0.5331894767215748
12 HANGING EGGS HAND PAINTED,83.2,40,7,0.0,0.0,0.0,0.0
12 IVORY ROSE PEG PLACE SETTINGS,1478.1,969,148,1.25,1.0,1.0,0.08449656943928077
12 MESSAGE CARDS WITH ENVELOPES,2947.87,1733,251,1.65,1.0,1.0,0.05594130570397895
12 PENCIL SMALL TUBE WOODLAND,3210.27,4497,355,2.6,4.0,2.0,0.08092453164927309
12 PENCILS SMALL TUBE RED RETROSPOT,4383.27,6633,362,78.0,120.0,4.0,1.7483810663779595
12 PENCILS SMALL TUBE SKULL,4527.43,6976,355,367.9,566.0,3.0,7.515325830945002
12 PENCILS TALL TUBE POSY,1166.07,3785,170,6.959999999999999,24.0,1.0,0.5933352088181887
12 PENCILS TALL TUBE RED RETROSPOT,2374.81,2737,268,5.95,7.0,3.0,0.249920193551639
12 PENCILS TALL TUBE SKULLS,1880.6699999999998,2151,256,3.4,4.0,3.0,0.18046038629137984
12 PENCILS TALL TUBE WOODLAND,1740.57,1974,249,16.15,19.0,4.0,0.9193269274557128
12 PINK HEN+CHICKS IN BASKET,104.55,41,14,15.299999999999999,6.0,1.0,12.76595744680851
12 PINK ROSE PEG PLACE SETTINGS,267.5,214,21,5.0,4.0,1.0,1.834862385321101
12 RED ROSE PEG PLACE SETTINGS,630.92,449,105,0.0,0.0,0.0,0.0
15 PINK FLUFFY CHICKS IN BOX,29.5,10,7,0.0,0.0,0.0,0.0
15CM CHRISTMAS GLASS BALL 20 LIGHTS,10910.61,1359,261,307.95,41.0,22.0,2.7450047064863936
16 PC CUTLERY SET PANTRY DESIGN,63.8,4,1,0.0,0.0,0.0,0.0
16 PIECE CUTLERY SET PANTRY DESIGN,3785.06,254,69,31.9,2.0,2.0,0.8357436284372903
18PC WOODEN CUTLERY SET DISPOSABLE,751.38,567,43,0.0,0.0,0.0,0.0
2 DAISIES HAIR COMB,52.56,18,12,17.700000000000003,6.0,1.0,25.19214346712212
2 PICTURE BOOK EGGS EASTER BUNNY,256.54,182,36,0.0,0.0,0.0,0.0
2 PICTURE BOOK EGGS EASTER CHICKS,222.22,171,25,1.25,1.0,1.0,0.5593591981026537
2 PICTURE BOOK EGGS EASTER DUCKS,165.89,124,25,0.0,0.0,0.0,0.0
20 DOLLY PEGS RETROSPOT,3251.6,2448,222,32.7,26.0,5.0,0.9956459519532322
200 BENDY SKULL STRAWS,742.37,660,55,1.25,1.0,1.0,0.16809660848282726
200 RED + WHITE BENDY STRAWS,1218.93,916,172,0.0,0.0,0.0,0.0
3 BIRDS CANVAS SCREEN,2.04,2,2,0.0,0.0,0.0,0.0
3 BLACK CATS W HEARTS BLANK CARD,4.5600000000000005,24,3,0.0,0.0,0.0,0.0
3 DRAWER ANTIQUE WHITE WOOD CABINET,6457.94,734,202,336.15000000000003,41.0,5.0,4.947682471088845
3 GARDENIA MORRIS BOXED CANDLES,936.27,501,77,20.75,7.0,3.0,2.1681887525861527
3 HEARTS HANGING DECORATION RUSTIC,11797.380000000001,3413,303,71.75,25.0,8.0,0.6045093448298232
3 HOOK HANGER MAGIC GARDEN,3276.2099999999996,1703,159,31.2,16.0,8.0,0.9433363266120622
3 HOOK PHOTO SHELF ANTIQUE WHITE,13611.81,1794,382,876.35,112.0,16.0,6.048732206160064
3 PIECE SPACEBOY COOKIE CUTTER SET,5472.6900000000005,2624,378,29.400000000000002,14.0,7.0,0.5343424044317705
3 PINK HEN+CHICKS IN BASKET,15.0,12,6,0.0,0.0,0.0,0.0
3 RAFFIA RIBBONS 50'S CHRISTMAS ,1884.17,2095,199,7.9,10.0,1.0,0.4175321209046177
3 RAFFIA RIBBONS VINTAGE CHRISTMAS,732.4200000000001,824,99,0.0,0.0,0.0,0.0
3 ROSE MORRIS BOXED CANDLES,1800.0,1129,158,73.0,20.0,5.0,3.897490656700481
3 STRIPEY MICE FELTCRAFT,5907.84,3021,468,21.45,11.0,4.0,0.3617633814503929
3 TIER CAKE TIN GREEN AND CREAM,6981.67,445,201,209.29999999999998,14.0,10.0,2.9105948154421446
3 TIER CAKE TIN RED AND CREAM,9765.11,689,168,1671.6,128.0,14.0,14.616091515829288
3 TIER SWEETHEART GARDEN SHELF,1938.2500000000002,55,43,35.95,1.0,1.0,1.8209907810758788
3 TRADITIONAL COOKIE CUTTERS  SET,304.20000000000005,162,4,0.0,0.0,0.0,0.0
3 TRADITIONAl BISCUIT CUTTERS  SET,2606.4100000000003,1209,232,79.80000000000001,38.0,5.0,2.970728275153469
3 WHITE CHOC MORRIS BOXED CANDLES,1637.07,946,121,0.0,0.0,0.0,0.0
3 WICK CHRISTMAS BRIAR CANDLE ,15.97,3,2,15.0,4.0,1.0,48.43396835647401
36 DOILIES DOLLY GIRL,1347.8899999999999,911,90,17.4,12.0,1.0,1.2744545114957262
36 DOILIES VINTAGE CHRISTMAS,7060.28,5171,177,412.2,324.0,3.0,5.516240926707064
36 FOIL HEART CAKE CASES,3983.3900000000003,2050,198,283.20000000000005,152.0,3.0,6.637619269721254
36 FOIL STAR CAKE CASES ,2053.3500000000004,1040,134,0.0,0.0,0.0,0.0
36 PENCILS TUBE POSY,76.91,79,20,11.25,9.0,1.0,12.760889292196007
36 PENCILS TUBE RED RETROSPOT,4723.7300000000005,3734,325,200.0,160.0,16.0,4.06196115546547
36 PENCILS TUBE SKULLS,2395.05,1795,263,20.0,16.0,1.0,0.8281402041365602
36 PENCILS TUBE WOODLAND,2328.64,1739,185,93.75,75.0,4.0,3.8701447743757202
3D CHRISTMAS STAMPS STICKERS ,1536.24,1172,143,17.5,14.0,1.0,1.1263145700052777
3D DOG PICTURE PLAYING CARDS,1016.72,338,86,0.0,0.0,0.0,0.0
3D HEARTS  HONEYCOMB PAPER GARLAND,1021.9000000000001,326,50,0.0,0.0,0.0,0.0
3D SHEET OF CAT STICKERS,255.61999999999998,260,75,3.4,4.0,1.0,1.3126399505829667
3D SHEET OF DOG STICKERS,423.99,426,116,0.0,0.0,0.0,0.0
3D TRADITIONAL CHRISTMAS STICKERS,2095.08,1583,197,0.0,0.0,0.0,0.0
3D VINTAGE CHRISTMAS STICKERS ,2162.75,1645,188,0.0,0.0,0.0,0.0
4 BLUE DINNER CANDLES SILVER FLOCK,226.67,87,31,0.0,0.0,0.0,0.0
4 BURGUNDY WINE DINNER CANDLES,57.46,45,13,0.0,0.0,0.0,0.0
4 GOLD FLOCK CHRISTMAS BALLS,6.72,2,1,0.0,0.0,0.0,0.0
4 IVORY DINNER CANDLES SILVER FLOCK,1205.64,538,136,0.0,0.0,0.0,0.0
4 LAVENDER BOTANICAL DINNER CANDLES,1347.92,891,135,0.0,0.0,0.0,0.0
4 LILY  BOTANICAL DINNER CANDLES,1009.26,525,102,0.0,0.0,0.0,0.0
4 PEAR BOTANICAL DINNER CANDLES,1288.34,822,138,0.0,0.0,0.0,0.0
4 PINK DINNER CANDLE SILVER FLOCK,259.71999999999997,130,35,0.0,0.0,0.0,0.0
4 PINK FLOCK CHRISTMAS BALLS,88.47,49,22,0.0,0.0,0.0,0.0
4 ROSE PINK DINNER CANDLES,276.59,184,44,0.0,0.0,0.0,0.0
4 SKY BLUE DINNER CANDLES,297.91,150,62,0.0,0.0,0.0,0.0
4 TRADITIONAL SPINNING TOPS,6782.21,4889,483,12.9,10.0,2.0,0.18984240137392921
4 VANILLA BOTANICAL CANDLES,1476.4,974,164,0.0,0.0,0.0,0.0
4 WILDFLOWER BOTANICAL CANDLES,768.37,404,91,0.0,0.0,0.0,0.0
5 HOOK HANGER MAGIC TOADSTOOL,994.3799999999999,640,34,56.099999999999994,34.0,3.0,5.340415809915468
5 HOOK HANGER RED MAGIC TOADSTOOL,4751.639999999999,3098,131,18.15,11.0,3.0,0.3805198971023882
5 STRAND GLASS NECKLACE AMBER,37.620000000000005,6,6,0.0,0.0,0.0,0.0
5 STRAND GLASS NECKLACE AMETHYST,56.59,9,8,0.0,0.0,0.0,0.0
5 STRAND GLASS NECKLACE BLACK,69.63,11,6,0.0,0.0,0.0,0.0
5 STRAND GLASS NECKLACE CRYSTAL,120.28999999999999,19,10,12.7,2.0,1.0,9.549590194751485
50'S CHRISTMAS PAPER GIFT BAG,1100.6899999999998,1342,103,0.82,1.0,1.0,0.07444326424635274
50CM METAL STRING WITH  7 CLIPS,171.79,225,23,0.0,0.0,0.0,0.0
6 CHOCOLATE LOVE HEART T-LIGHTS,2171.26,1061,142,0.0,0.0,0.0,0.0
6 EGG HOUSE PAINTED WOOD,2726.43,299,155,31.8,4.0,2.0,1.1529132813434702
6 GIFT TAGS 50'S CHRISTMAS ,3429.3999999999996,3740,322,49.8,60.0,3.0,1.4313635318464015
6 GIFT TAGS VINTAGE CHRISTMAS ,3510.0499999999997,4007,327,19.919999999999998,24.0,2.0,0.5643107448505228
6 RIBBONS ELEGANT CHRISTMAS ,2489.0299999999997,1773,200,19.799999999999997,12.0,1.0,0.7892125014448966
6 RIBBONS EMPIRE  ,1667.8799999999999,1259,225,0.0,0.0,0.0,0.0
6 RIBBONS RUSTIC CHARM,17186.62,9172,955,56.099999999999994,34.0,6.0,0.32535470041849546
6 RIBBONS SHIMMERING PINKS ,1239.6699999999998,1402,199,19.799999999999997,12.0,1.0,1.5720898473167284
6 ROCKET BALLOONS ,1293.22,1898,197,44.2,68.0,3.0,3.3048705716977462
60 CAKE CASES DOLLY GIRL DESIGN,3990.2000000000003,7481,437,66.0,120.0,5.0,1.6271387012474727
60 CAKE CASES VINTAGE CHRISTMAS,9498.87,16032,618,140.4,312.0,4.0,1.456541833562085
60 GOLD AND SILVER FAIRY CAKE CASES,1.1,2,2,0.0,0.0,0.0,0.0
60 TEATIME FAIRY CAKE CASES,9169.970000000001,18189,828,95.7,174.0,8.0,1.0328448995053783
6PC WOOD PLATE SET DISPOSABLE,574.88,459,38,0.0,0.0,0.0,0.0
70'S ALPHABET WALL ART,1043.1,150,15,0.0,0.0,0.0,0.0
72 CAKE CASES VINTAGE CHRISTMAS,13.200000000000001,24,1,0.0,0.0,0.0,0.0
72 SWEETHEART FAIRY CAKE CASES,6532.780000000001,13319,615,62.14,130.0,4.0,0.9422403910888986
75 BLACK PETIT FOUR CASES,24.36,58,18,0.0,0.0,0.0,0.0
75 GREEN FAIRY CAKE CASES,102.36,69,42,0.0,0.0,0.0,0.0
75 GREEN PETIT FOUR CASES,186.25,375,74,0.0,0.0,0.0,0.0
A PRETTY THANK YOU CARD,194.58,456,35,0.0,0.0,0.0,0.0
A4 WALL TIDY BLUE OFFICE,80.96000000000001,127,12,0.0,0.0,0.0,0.0
A4 WALL TIDY RED FLOWERS,7.37,13,4,0.0,0.0,0.0,0.0
ABC TREASURE BOOK BOX ,4693.08,2165,226,101.25,45.0,10.0,2.1118696460193607
ABSTRACT CIRCLE JOURNAL ,447.25,184,72,0.0,0.0,0.0,0.0
ABSTRACT CIRCLES POCKET BOOK,135.15,159,42,0.0,0.0,0.0,0.0
ABSTRACT CIRCLES SKETCHBOOK ,603.3100000000001,142,76,0.0,0.0,0.0,0.0
ACRYLIC GEOMETRIC LAMP,568.65,35,20,0.0,0.0,0.0,0.0
"ACRYLIC HANGING JEWEL,BLUE",106.05,268,24,0.0,0.0,0.0,0.0
"ACRYLIC HANGING JEWEL,PINK",66.55,95,7,0.0,0.0,0.0,0.0
"ACRYLIC JEWEL ANGEL,PINK",29.64,78,2,0.0,0.0,0.0,0.0
"ACRYLIC JEWEL ICICLE, BLUE",11.780000000000001,31,3,0.0,0.0,0.0,0.0
"ACRYLIC JEWEL ICICLE, PINK",105.83,263,19,0.0,0.0,0.0,0.0
"ACRYLIC JEWEL SNOWFLAKE, PINK",63.28000000000001,162,5,0.0,0.0,0.0,0.0
"ACRYLIC JEWEL SNOWFLAKE,PINK",15.299999999999999,6,1,0.0,0.0,0.0,0.0
ADULT APRON APPLE DELIGHT,945.88,184,45,0.0,0.0,0.0,0.0
ADVENT CALENDAR GINGHAM SACK,6848.1900000000005,1311,246,314.95000000000005,61.0,4.0,4.39681480468063
AFGHAN SLIPPER SOCK PAIR,1690.5500000000002,519,22,6.9,2.0,1.0,0.4064920910777931
AGED GLASS SILVER T-LIGHT HOLDER,6859.27,10535,340,13.65,21.0,5.0,0.19860554174935835
AIRLINE BAG VINTAGE JET SET BROWN,1626.54,346,167,0.0,0.0,0.0,0.0
AIRLINE BAG VINTAGE JET SET RED,2427.52,546,223,17.0,4.0,3.0,0.6954330502511741
AIRLINE BAG VINTAGE JET SET WHITE,1133.2,252,122,0.0,0.0,0.0,0.0
AIRLINE BAG VINTAGE TOKYO 78,5072.32,1086,392,57.78,14.0,10.0,1.126293834428179
AIRLINE BAG VINTAGE WORLD CHAMPION ,1289.49,279,147,4.25,1.0,1.0,0.3285049546276686
"AIRLINE LOUNGE,METAL SIGN",1408.07,711,291,0.0,0.0,0.0,0.0
ALARM CLOCK BAKELIKE CHOCOLATE,8153.6,1980,428,187.5,50.0,13.0,2.247904952584191
ALARM CLOCK BAKELIKE GREEN,27155.28,6419,980,157.5,42.0,21.0,0.5766531272173686
ALARM CLOCK BAKELIKE IVORY,11453.4,2885,570,195.0,52.0,13.0,1.6740496548882249
ALARM CLOCK BAKELIKE ORANGE,9068.95,2323,445,115.89,31.0,17.0,1.261753062655419
ALARM CLOCK BAKELIKE PINK,20672.15,5356,783,153.75,41.0,16.0,0.7382634123855392
ALARM CLOCK BAKELIKE RED ,30644.87,7800,1051,277.5,74.0,30.0,0.8974085750865798
ALPHABET HEARTS STICKER SHEET,350.08,397,59,0.0,0.0,0.0,0.0
ALPHABET STENCIL CRAFT,3057.27,2697,186,464.17,437.0,2.0,13.181255395520013
ALUMINIUM HEART,74.7,30,6,0.0,0.0,0.0,0.0
ALUMINIUM STAMPED HEART,1892.2300000000002,779,130,0.0,0.0,0.0,0.0
AMBER 3 BEAD DROP EARRINGS,23.2,8,8,0.0,0.0,0.0,0.0
AMBER BERTIE GLASS BEAD BAG CHARM,21.05,11,10,0.0,0.0,0.0,0.0
AMBER BERTIE MOBILE PHONE CHARM,6.58,2,1,0.0,0.0,0.0,0.0
AMBER CHUNKY BEAD BRACELET W STRAP,117.73,13,9,0.0,0.0,0.0,0.0
AMBER CHUNKY GLASS+BEAD NECKLACE,95.25,8,8,0.0,0.0,0.0,0.0
AMBER CRYSTAL DROP EARRINGS,8.76,3,3,0.0,0.0,0.0,0.0
AMBER DIAMANTE EXPANDABLE RING,131.03,31,13,25.5,6.0,1.0,16.290806874081646
AMBER DROP EARRINGS W LONG BEADS,117.24000000000001,40,23,17.700000000000003,6.0,1.0,13.116940862605606
AMBER FINE BEAD NECKLACE W TASSEL,35.31,6,5,0.0,0.0,0.0,0.0
AMBER GLASS TASSLE BAG CHARM,33.440000000000005,14,7,0.0,0.0,0.0,0.0
AMBER GLASS/SHELL/PEARL NECKLACE,64.04,7,7,0.0,0.0,0.0,0.0
AMBER GLASS/SILVER BRACELET,227.89,25,16,0.0,0.0,0.0,0.0
AMETHYST 3 BEAD DROP EARRINGS,14.5,5,5,0.0,0.0,0.0,0.0
AMETHYST CHUNKY BEAD BRACELET W STR,297.94,33,21,0.0,0.0,0.0,0.0
AMETHYST DIAMANTE EXPANDABLE RING,97.02,23,12,38.25,9.0,2.0,28.276779773785766
AMETHYST DROP EARRINGS W LONG BEADS,61.08,21,17,0.0,0.0,0.0,0.0
AMETHYST GLASS/SHELL/PEARL NECKLACE,137.63,15,14,0.0,0.0,0.0,0.0
AMETHYST HOOP EARRING FLORAL LEAF,32.16,11,9,0.0,0.0,0.0,0.0
ANGEL DECORATION 3 BUTTONS ,1636.67,3745,162,2.94,7.0,3.0,0.1793109336976476
ANGEL DECORATION PAINTED ZINC ,574.5400000000001,912,77,0.0,0.0,0.0,0.0
ANGEL DECORATION STARS ON DRESS,1109.05,2593,131,29.400000000000002,70.0,3.0,2.5824586059993853
ANGEL DECORATION WITH LACE PADDED,180.2,212,11,0.0,0.0,0.0,0.0
ANIMAL STICKERS,367.29,1749,46,0.0,0.0,0.0,0.0
ANIMALS AND NATURE WALL ART,923.97,267,17,0.0,0.0,0.0,0.0
ANT COPPER LIME BOUDICCA BRACELET,412.74,83,50,0.0,0.0,0.0,0.0
ANT COPPER PINK BOUDICCA BRACELET,318.89000000000004,64,34,0.0,0.0,0.0,0.0
ANT COPPER RED BOUDICCA BRACELET,119.91000000000001,24,21,0.0,0.0,0.0,0.0
ANT COPPER TURQ BOUDICCA BRACELET,377.88,76,37,0.0,0.0,0.0,0.0
ANT SILVER FUSCHIA BOUDICCA RING,41.300000000000004,14,7,0.0,0.0,0.0,0.0
ANT SILVER LIME GREEN BOUDICCA RING,79.65,27,10,2.95,1.0,1.0,3.571428571428571
ANT SILVER PURPLE BOUDICCA RING,29.500000000000004,10,5,0.0,0.0,0.0,0.0
ANT SILVER TURQUOISE BOUDICCA RING,17.700000000000003,6,1,0.0,0.0,0.0,0.0
ANT WHITE WIRE HEART SPIRAL,1519.63,339,104,3.95,1.0,1.0,0.2592578007062314
ANTIQUE ALL GLASS CANDLESTICK,2614.05,1169,199,6.300000000000001,3.0,1.0,0.2404258973037953
ANTIQUE CREAM CUTLERY CUPBOARD,530.19,50,36,0.0,0.0,0.0,0.0
ANTIQUE CREAM CUTLERY SHELF ,254.98000000000002,29,19,0.0,0.0,0.0,0.0
ANTIQUE GLASS DRESSING TABLE POT,5561.3,1798,267,132.75000000000003,45.0,17.0,2.331381002976792
ANTIQUE GLASS HEART DECORATION ,707.23,327,36,3.9,2.0,2.0,0.548422932515855
ANTIQUE GLASS PEDESTAL BOWL,4203.89,1027,220,70.89,19.0,11.0,1.6583309550433003
ANTIQUE GLASS PLACE SETTING,152.5,122,8,0.0,0.0,0.0,0.0
ANTIQUE HEART SHELF UNIT,4145.47,275,74,199.65,13.0,6.0,4.594809809625511
ANTIQUE IVORY WIRE BOWL SMALL,251.45000000000002,99,21,27.39,11.0,2.0,9.822837469516568
ANTIQUE MID BLUE FLOWER EARRINGS,21.15,5,3,0.0,0.0,0.0,0.0
ANTIQUE OLIVE GREEN FLOWER EARRINGS,29.73,7,5,0.0,0.0,0.0,0.0
ANTIQUE OPAL WHITE FLOWER EARRINGS,21.130000000000003,5,5,0.0,0.0,0.0,0.0
ANTIQUE RASPBERRY FLOWER EARRINGS,20.950000000000003,5,4,0.0,0.0,0.0,0.0
ANTIQUE SILVER BAUBLE LAMP  ,3583.23,376,78,128.75,13.0,5.0,3.4684992914832513
ANTIQUE SILVER BOOK MARK WITH BEADS,14.11,17,3,0.0,0.0,0.0,0.0
ANTIQUE SILVER T-LIGHT GLASS,19381.62,14664,689,349.21000000000004,316.0,23.0,1.7698697926037579
ANTIQUE SILVER TEA GLASS ENGRAVED,10229.77,8652,347,38.29,32.0,10.0,0.37290393706308683
ANTIQUE SILVER TEA GLASS ETCHED,6461.76,4545,216,23.75,19.0,4.0,0.3662009618364631
ANTIQUE TALL SWIRLGLASS TRINKET POT,3560.74,870,203,37.5,10.0,6.0,1.0421761750188983
APOTHECARY MEASURING JAR,826.28,67,22,12.5,1.0,1.0,1.490259662843654
APPLE BATH SPONGE,1911.17,1336,229,0.0,0.0,0.0,0.0
APRON APPLE DELIGHT,1446.79,285,80,69.30000000000001,14.0,2.0,4.57096874196123
APRON MODERN VINTAGE COTTON,1139.86,492,90,0.0,0.0,0.0,0.0
AQUA BERTIE GLASS BEAD BAG CHARM,48.06,30,12,0.0,0.0,0.0,0.0
AREA PATROLLED METAL SIGN,8858.79,4365,437,39.900000000000006,19.0,4.0,0.4483806043361439
ARMY CAMO BOOKCOVER TAPE,7.14,17,4,0.0,0.0,0.0,0.0
"ART LIGHTS,FUNK MONKEY",1037.54,370,62,0.0,0.0,0.0,0.0
ASS COL CIRCLE MOBILE ,173.15999999999997,474,6,0.0,0.0,0.0,0.0
ASS COL LARGE SAND FROG P'WEIGHT,28.35,27,7,0.0,0.0,0.0,0.0
ASS COL SMALL SAND GECKO P'WEIGHT,11.34,27,9,0.0,0.0,0.0,0.0
ASS COLOUR GLOWING TIARAS,215.21,281,25,0.0,0.0,0.0,0.0
ASS DES PHONE SPONGE CRAFT STICKER,153.09,509,14,0.0,0.0,0.0,0.0
ASS FLORAL PRINT MULTI SCREWDRIVER,1254.1200000000001,2734,163,25.08,36.0,2.0,1.9606003752345214
ASS FLORAL PRINT SPIRIT LEVEL ,110.86,100,37,0.0,0.0,0.0,0.0
ASSORTED BOTTLE TOP  MAGNETS ,1406.42,3152,184,37.8,90.0,4.0,2.617329769702677
ASSORTED CAKES FRIDGE MAGNETS,35.75,55,8,0.0,0.0,0.0,0.0
ASSORTED CHEESE FRIDGE MAGNETS,180.71,223,18,0.0,0.0,0.0,0.0
ASSORTED CIRCULAR MOBILE,154.77,693,33,0.42,2.0,1.0,0.2706359945872801
ASSORTED COLOUR BIRD ORNAMENT,58927.62,36362,1455,135.2,80.0,12.0,0.22890881268452806
ASSORTED COLOUR LIZARD SUCTION HOOK,393.0,994,55,0.0,0.0,0.0,0.0
ASSORTED COLOUR METAL CAT ,138.75,111,25,0.0,0.0,0.0,0.0
ASSORTED COLOUR MINI CASES,12550.57,1762,383,63.6,8.0,6.0,0.5041948855929482
ASSORTED COLOUR SILK GLASSES CASE,6.300000000000001,3,1,0.0,0.0,0.0,0.0
ASSORTED COLOUR SUCTION CUP HOOK,37.24,196,13,0.0,0.0,0.0,0.0
ASSORTED COLOUR T-LIGHT HOLDER,2297.03,3619,120,6.1000000000000005,10.0,4.0,0.2648569555344249
ASSORTED COLOURED CIRCLE MOBILE ,26.88,64,7,0.0,0.0,0.0,0.0
ASSORTED COLOURS SILK FAN,18569.84,23826,518,505.68,744.0,4.0,2.6509369076177216
ASSORTED CREEPY CRAWLIES,1107.07,2621,99,20.16,48.0,2.0,1.7884548849835438
ASSORTED EASTER DECORATIONS  BELLS,729.57,569,27,26.25,21.0,2.0,3.4730491386838134
ASSORTED EASTER GIFT TAGS,965.8599999999999,1145,61,0.0,0.0,0.0,0.0
ASSORTED FARMYARD ANIMALS IN BUCKET,74.58,90,9,0.0,0.0,0.0,0.0
"ASSORTED FLOWER COLOUR ""LEIS""",4934.87,10315,111,0.0,0.0,0.0,0.0
ASSORTED INCENSE PACK,760.3199999999999,4032,27,0.0,0.0,0.0,0.0
ASSORTED LAQUERED INCENSE HOLDERS,455.9800000000001,2545,24,0.0,0.0,0.0,0.0
ASSORTED MINI MADRAS NOTEBOOK,481.95,976,28,0.0,0.0,0.0,0.0
ASSORTED MONKEY SUCTION CUP HOOK,246.18,617,45,0.42,1.0,1.0,0.17031630170316303
ASSORTED SANSKRIT MINI NOTEBOOK,136.25,109,6,0.0,0.0,0.0,0.0
ASSORTED SHAPES PHOTO CLIP SILVER ,238.60999999999999,469,12,15.600000000000001,24.0,1.0,6.136658668030369
ASSORTED TUTTI FRUTTI  FOB NOTEBOOK,633.8299999999999,650,78,0.0,0.0,0.0,0.0
ASSORTED TUTTI FRUTTI BRACELET,692.85,2550,132,4.5600000000000005,24.0,1.0,0.6538478083193532
ASSORTED TUTTI FRUTTI HEART BOX,268.75,215,32,31.25,25.0,2.0,10.416666666666668
ASSORTED TUTTI FRUTTI KEYRING BALL,451.59,1153,49,0.0,0.0,0.0,0.0
ASSORTED TUTTI FRUTTI LARGE PURSE,224.70000000000002,107,25,2.1,1.0,1.0,0.9259259259259258
ASSORTED TUTTI FRUTTI MIRROR,743.31,550,60,15.0,12.0,1.0,1.9780828421094279
ASSORTED TUTTI FRUTTI NOTEBOOK,547.76,247,40,0.0,0.0,0.0,0.0
ASSORTED TUTTI FRUTTI PEN,830.7299999999999,2471,101,46.54,118.0,6.0,5.3050942127281235
ASSORTED TUTTI FRUTTI SMALL PURSE,982.79,729,66,1.25,1.0,1.0,0.12702735661151987
ASSTD COL BUTTERFLY/CRYSTAL W/CHIME,218.87,459,13,0.0,0.0,0.0,0.0
ASSTD DESIGN 3D PAPER STICKERS,389.38,1162,31,51.0,60.0,1.0,11.580907398156139
ASSTD DESIGN BUBBLE GUM RING,3.5700000000000003,17,4,0.0,0.0,0.0,0.0
ASSTD DESIGN RACING CAR PEN,2389.44,1615,113,237.04999999999998,185.0,5.0,9.025353228072445
ASSTD FRUIT+FLOWERS FRIDGE MAGNETS,637.5600000000001,2412,65,168.49,307.0,4.0,20.903169778549717
ASSTD MULTICOLOUR CIRCLES MUG,840.0799999999999,1578,81,1.56,4.0,1.0,0.18535240720498078
ASSTD RASTA KEY-CHAINS,3.7800000000000002,9,3,0.0,0.0,0.0,0.0
Adjust bad debt,11062.06,1,1,0.0,0.0,0.0,0.0
BABUSHKA LIGHTS STRING OF 10,3633.17,517,153,19.45,3.0,2.0,0.5324944834119071
BABY BOOM RIBBONS ,477.34,378,88,0.0,0.0,0.0,0.0
BABY MOUSE RED GINGHAM DRESS,310.25,73,21,0.0,0.0,0.0,0.0
BAG 125g SWIRLY MARBLES,3528.89,9390,294,36.54,87.0,6.0,1.0248413234869287
BAG 250g SWIRLY MARBLES,4039.2799999999997,5144,248,3.86,5.0,3.0,0.09547035225097325
BAG 500g SWIRLY MARBLES,1462.1699999999998,1459,141,31.599999999999998,20.0,3.0,2.1154528474932555
BAG OF SILVER STONES,89.52999999999999,130,13,0.0,0.0,0.0,0.0
BAKING MOULD CHOCOLATE CUP CAKES,30.599999999999998,12,2,0.0,0.0,0.0,0.0
BAKING MOULD CHOCOLATE CUPCAKES,2502.04,948,157,33.15,13.0,2.0,1.3075943025966494
BAKING MOULD CUPCAKE CHOCOLATE,30.599999999999998,12,1,0.0,0.0,0.0,0.0
BAKING MOULD EASTER EGG MILK CHOC,2585.92,940,122,337.80000000000007,156.0,2.0,11.55377395920266
BAKING MOULD EASTER EGG WHITE CHOC,1707.47,589,78,8.850000000000001,3.0,1.0,0.5156381094434604
BAKING MOULD HEART MILK CHOCOLATE,2846.8,1108,189,201.60000000000002,96.0,1.0,6.613305340506495
BAKING MOULD HEART WHITE CHOCOLATE,1963.3,813,129,0.0,0.0,0.0,0.0
BAKING MOULD ROSE MILK CHOCOLATE,2066.82,690,65,198.0,72.0,1.0,8.742416615890004
BAKING MOULD ROSE WHITE CHOCOLATE,895.97,279,50,198.0,72.0,1.0,18.09921661471521
BAKING MOULD TOFFEE CUP  CHOCOLATE,15.299999999999999,6,1,0.0,0.0,0.0,0.0
BAKING MOULD TOFFEE CUP CHOCOLATE,1985.5800000000002,878,71,262.8,120.0,2.0,11.688415659274677
BAKING SET 9 PIECE RETROSPOT ,24185.27,4937,934,311.1,68.0,27.0,1.2699840833560239
BAKING SET SPACEBOY DESIGN,10745.050000000001,2209,464,142.15,29.0,15.0,1.3056616944668968
BALLOON ART MAKE YOUR OWN FLOWERS,1034.9,1009,98,0.0,0.0,0.0,0.0
BALLOON PUMP WITH 10 BALLOONS,1570.41,793,124,35.1,18.0,2.0,2.1862212007399515
BALLOON WATER BOMB PACK OF 35,2375.04,6010,154,4.2,10.0,1.0,0.1765269581883291
BALLOONS  WRITING SET ,2410.43,1337,346,0.0,0.0,0.0,0.0
BANK ACCOUNT  GREETING  CARD ,132.44,318,38,0.0,0.0,0.0,0.0
BANQUET BIRTHDAY  CARD  ,712.08,1644,160,5.04,12.0,1.0,0.7028112449799196
BAROQUE BUTTERFLY EARRINGS BLACK,7.5,2,2,0.0,0.0,0.0,0.0
BAROQUE BUTTERFLY EARRINGS CRYSTAL,14.96,4,4,0.0,0.0,0.0,0.0
BAROQUE BUTTERFLY EARRINGS MONTANA,3.73,1,1,0.0,0.0,0.0,0.0
BAROQUE BUTTERFLY EARRINGS PINK,11.19,3,3,0.0,0.0,0.0,0.0
BAROQUE BUTTERFLY EARRINGS RED,3.73,1,1,0.0,0.0,0.0,0.0
BASKET OF FLOWERS SEWING KIT,644.2099999999999,812,63,0.85,1.0,1.0,0.1317706879980157
BASKET OF TOADSTOOLS,1767.15,1430,130,432.48,408.0,1.0,19.66148852306979
BATH BUILDING BLOCK WORD,5006.26,809,270,11.9,2.0,1.0,0.23713871219729943
BATHROOM HOOK,157.5,146,27,0.0,0.0,0.0,0.0
BATHROOM METAL SIGN,3473.21,5881,631,127.0,290.0,5.0,3.5275720027442845
BATHROOM METAL SIGN ,613.14,438,73,0.0,0.0,0.0,0.0
BATHROOM SCALES FOOTPRINTS IN SAND,172.05,51,20,0.0,0.0,0.0,0.0
BATHROOM SCALES RUBBER DUCKS,146.85,43,21,0.0,0.0,0.0,0.0
"BATHROOM SCALES, TROPICAL BEACH",67.5,18,12,0.0,0.0,0.0,0.0
BATHROOM SET LOVE HEART DESIGN,237.98000000000002,82,14,0.0,0.0,0.0,0.0
BEACH HUT DESIGN BLACKBOARD,203.07,41,15,55.25,13.0,2.0,21.38820068132549
BEACH HUT KEY CABINET,177.33,34,21,3.75,1.0,1.0,2.07090788601723
BEACH HUT MIRROR,66.39,49,8,0.0,0.0,0.0,0.0
BEACH HUT SHELF W 3 DRAWERS,504.43,81,31,23.8,4.0,3.0,4.505613085209094
BEADED CHANDELIER T-LIGHT HOLDER,1420.97,695,38,636.15,433.0,6.0,30.924301936688188
BEADED CRYSTAL HEART BLUE  LARGE,437.22,482,46,0.0,0.0,0.0,0.0
BEADED CRYSTAL HEART BLUE ON STICK,178.85,193,50,0.0,0.0,0.0,0.0
BEADED CRYSTAL HEART BLUE SMALL,107.31,80,15,0.0,0.0,0.0,0.0
BEADED CRYSTAL HEART GREEN LARGE,760.4300000000001,834,62,0.0,0.0,0.0,0.0
BEADED CRYSTAL HEART GREEN ON STICK,521.11,623,172,0.0,0.0,0.0,0.0
BEADED CRYSTAL HEART GREEN SMALL,168.59,119,31,0.0,0.0,0.0,0.0
BEADED CRYSTAL HEART PINK LARGE,569.29,565,62,0.0,0.0,0.0,0.0
BEADED CRYSTAL HEART PINK ON STICK,725.26,850,206,0.0,0.0,0.0,0.0
BEADED CRYSTAL HEART PINK SMALL,342.74,207,65,0.0,0.0,0.0,0.0
BEADED LOVE HEART JEWELLERY SET,8.5,10,1,0.0,0.0,0.0,0.0
BEADED PEARL HEART WHITE LARGE,127.04999999999998,77,10,0.0,0.0,0.0,0.0
BEADED PEARL HEART WHITE ON STICK,901.48,996,119,11.27,13.0,3.0,1.234730210901123
BELL HEART ANTIQUE GOLD,24.96,12,1,0.0,0.0,0.0,0.0
BELL HEART DECORATION,387.0,252,9,0.0,0.0,0.0,0.0
BELLE JARDINIERE CUSHION COVER,3257.08,748,210,26.25,7.0,5.0,0.7994931974550229
BEST DAD CANDLE LETTERS,26.349999999999998,31,8,0.85,1.0,1.0,3.125
BEWARE OF THE CAT METAL SIGN ,6935.7,4154,449,20.28,12.0,1.0,0.2915477042774707
BICYCLE PUNCTURE REPAIR KIT ,3881.91,1863,116,0.0,0.0,0.0,0.0
BICYCLE SAFTEY WALL ART,2371.94,458,39,0.0,0.0,0.0,0.0
BIG DOUGHNUT FRIDGE MAGNETS,2334.94,1726,198,30.599999999999998,36.0,1.0,1.2935735603709935
BIG POLKADOT MUG,2.34,6,1,0.0,0.0,0.0,0.0
BILI NUT AND WOOD NECKLACE,59.89,50,7,0.0,0.0,0.0,0.0
BINGO SET,6659.54,1688,378,56.25,15.0,5.0,0.8375783042650232
BIRD BOX CHRISTMAS TREE DECORATION,22.06,24,6,0.0,0.0,0.0,0.0
BIRD DECORATION GREEN POLKADOT,747.81,820,139,10.2,12.0,1.0,1.3456286856373927
BIRD DECORATION RED RETROSPOT,860.93,893,132,0.85,1.0,1.0,0.09863306180231614
BIRD HOUSE HOT WATER BOTTLE,4912.14,1172,279,5.1,2.0,1.0,0.10371671913512456
BIRD ON BRANCH CANVAS SCREEN,21.45,11,1,0.0,0.0,0.0,0.0
BIRDCAGE DECORATION TEALIGHT HOLDER,761.57,643,67,7.5,6.0,1.0,0.975203817597878
BIRDHOUSE DECORATION MAGIC GARDEN,889.49,712,137,20.0,16.0,3.0,2.1990346238001517
BIRDHOUSE GARDEN MARKER ,2210.62,1537,140,0.0,0.0,0.0,0.0
BIRDS MOBILE VINTAGE DESIGN,1147.27,189,73,53.550000000000004,9.0,4.0,4.459452707316667
BIRTHDAY BANNER TAPE,30.0,24,1,0.0,0.0,0.0,0.0
BIRTHDAY BANQUET GIFT WRAP,393.5,975,32,10.5,25.0,1.0,2.599009900990099
"BIRTHDAY CARD, RETRO SPOT",1104.81,2608,270,0.0,0.0,0.0,0.0
BIRTHDAY PARTY CORDON BARRIER TAPE,617.11,478,97,0.0,0.0,0.0,0.0
BISCUIT TIN 50'S CHRISTMAS,6681.25,2194,309,118.54000000000002,46.0,5.0,1.743289130987869
BISCUIT TIN VINTAGE CHRISTMAS,5079.78,1722,277,46.24,16.0,5.0,0.9020643696278986
BISCUIT TIN VINTAGE GREEN,2904.52,450,126,67.5,10.0,8.0,2.2711825627014623
BISCUIT TIN VINTAGE LEAF,64.56,24,3,0.0,0.0,0.0,0.0
BISCUIT TIN VINTAGE RED,3823.21,589,162,127.45,19.0,14.0,3.226043243407431
BISCUITS SMALL BOWL LIGHT BLUE,631.8399999999999,1255,173,0.0,0.0,0.0,0.0
BLACK 3 BEAD DROP EARRINGS,40.96,14,9,17.700000000000003,6.0,1.0,30.17388339584044
BLACK AND WHITE CAT BOWL,2684.6499999999996,1363,49,0.0,0.0,0.0,0.0
BLACK AND WHITE DOG BOWL,2602.18,1196,52,31.300000000000004,22.0,4.0,1.1885413976943058
BLACK BAROQUE CARRIAGE CLOCK,432.78999999999996,51,35,0.0,0.0,0.0,0.0
BLACK BAROQUE WALL CLOCK ,783.68,84,36,12.75,1.0,1.0,1.6008939894278218
BLACK BIRD GARDEN DESIGN MUG,62.239999999999995,106,16,0.78,2.0,1.0,1.2377023167248493
BLACK CANDELABRA T-LIGHT HOLDER,1106.88,941,89,63.00000000000001,30.0,2.0,5.385167709508668
BLACK CHAMPAGNE GLASS,626.55,1529,35,5.16,10.0,3.0,0.8168305076696587
BLACK CHERRY LIGHTS,54.0,8,1,54.0,8.0,2.0,50.0
BLACK CHRISTMAS FLOCK DROPLET ,30.0,24,1,0.0,0.0,0.0,0.0
BLACK CHRISTMAS TREE 120CM,551.13,217,27,0.0,0.0,0.0,0.0
BLACK CHRISTMAS TREE 60CM,460.64,558,25,0.0,0.0,0.0,0.0
BLACK CHUNKY BEAD BRACELET W STRAP,199.67,22,18,0.0,0.0,0.0,0.0
BLACK CRYSTAL DROP EARRINGS,35.27,12,7,0.0,0.0,0.0,0.0
BLACK DIAMANTE EXPANDABLE RING,110.09,26,10,68.0,16.0,3.0,38.18294120950082
BLACK DIAMOND CLUSTER EARRINGS,8.82,3,3,0.0,0.0,0.0,0.0
BLACK DIAMOND CLUSTER NECKLACE,37.239999999999995,4,3,0.0,0.0,0.0,0.0
BLACK DINER WALL CLOCK,625.6899999999999,66,44,17.0,2.0,1.0,2.6451321788109357
BLACK DROP CRYSTAL NECKLACE,45.35000000000001,13,3,0.0,0.0,0.0,0.0
BLACK DROP EARRINGS W LONG BEADS,29.05,10,10,0.0,0.0,0.0,0.0
BLACK EAR MUFF HEADPHONES,312.7,47,28,0.0,0.0,0.0,0.0
BLACK ENAMEL FLOWER RING,252.9,86,23,20.650000000000002,7.0,2.0,7.548894169256077
BLACK ENCHANTED FOREST PLACEMAT,1266.91,698,71,0.0,0.0,0.0,0.0
BLACK FEATHER CHRISTMAS DECORATION,18.240000000000002,96,7,0.0,0.0,0.0,0.0
BLACK FINE BEAD NECKLACE W TASSEL,35.44,6,6,0.0,0.0,0.0,0.0
BLACK FLOWER CANDLE PLATE,5.949999999999999,7,2,0.0,0.0,0.0,0.0
BLACK GEMSTONE BRACELET,29.98,4,4,0.0,0.0,0.0,0.0
BLACK GEMSTONE NECKLACE 45CM,63.480000000000004,5,5,0.0,0.0,0.0,0.0
BLACK GLASS BRACELET W HEART CHARMS,174.73000000000002,35,27,0.0,0.0,0.0,0.0
BLACK GLASS/SHELL/PEARL NECKLACE,9.15,1,1,0.0,0.0,0.0,0.0
BLACK GRAND BAROQUE PHOTO FRAME,109.94,50,8,0.0,0.0,0.0,0.0
BLACK HEART CARD HOLDER,12483.220000000001,4870,189,3.95,1.0,1.0,0.03163246756470841
BLACK KITCHEN SCALES,4401.86,517,199,76.5,9.0,4.0,1.7082146142784411
BLACK LOVE BIRD CANDLE,356.06,329,62,0.0,0.0,0.0,0.0
BLACK LOVE BIRD T-LIGHT HOLDER,332.14,186,29,11.25,3.0,1.0,3.276158303969248
BLACK MEDIUM GLASS CAKE STAND,37.11,17,8,0.79,1.0,1.0,2.0844327176781006
BLACK MINI TAPE MEASURE ,625.8,623,112,0.0,0.0,0.0,0.0
BLACK ORANGE SQUEEZER,57.96,138,21,0.0,0.0,0.0,0.0
BLACK PHOTO ALBUM ,7.5,15,3,5.55,1.0,1.0,42.5287356321839
BLACK PIRATE TREASURE CHEST,856.39,526,143,21.449999999999996,13.0,2.0,2.443497676114098
BLACK RECORD COVER FRAME,40633.38,11651,375,55.17,15.0,5.0,0.13559097092425268
BLACK SIL'T SQU CANDLE PLATE ,33.6,16,2,0.0,0.0,0.0,0.0
BLACK SILOUETTE CANDLE PLATE,116.44999999999999,137,20,0.0,0.0,0.0,0.0
BLACK SMALL GLASS CAKE STAND,54.99,61,12,0.39,1.0,1.0,0.7042253521126761
BLACK SQUARE TABLE CLOCK,305.2,116,30,0.0,0.0,0.0,0.0
BLACK STITCHED WALL CLOCK,748.36,709,42,0.0,0.0,0.0,0.0
BLACK SWEETHEART BRACELET,392.83,93,47,4.25,1.0,1.0,1.070313286995064
BLACK TEA TOWEL CLASSIC DESIGN,747.3,825,128,0.0,0.0,0.0,0.0
"BLACK TEA,COFFEE,SUGAR JARS",783.3499999999999,453,47,82.39999999999999,40.0,6.0,9.51775916835114
BLACK VINT ART DEC CRYSTAL BRACELET,13.5,2,2,0.0,0.0,0.0,0.0
BLACK VINT ART DEC CRYSTAL NECKLACE,76.32,9,6,0.0,0.0,0.0,0.0
BLACK VINTAGE  CRYSTAL EARRINGS,45.0,12,7,3.75,1.0,1.0,7.6923076923076925
BLACK VINTAGE EARRINGS,149.41000000000003,36,31,0.0,0.0,0.0,0.0
BLACK WINE GLASS,697.62,1666,19,4.949999999999999,3.0,1.0,0.7045561296383277
BLACK+WHITE NECKLACE W TASSEL,127.24,17,9,0.0,0.0,0.0,0.0
BLACK/BLUE POLKADOT UMBRELLA,6904.040000000001,1181,292,35.7,6.0,1.0,0.514428494439273
BLACK/WHITE GLASS/SILVER BRACELET,100.08999999999999,11,7,0.0,0.0,0.0,0.0
BLACKCHRISTMAS TREE 30CM,1.25,1,1,0.0,0.0,0.0,0.0
BLING KEY RING STAND,6.25,6,3,0.0,0.0,0.0,0.0
BLOND DOLL DOORSTOP,141.75,109,14,0.0,0.0,0.0,0.0
BLOSSOM  IMAGES NOTEBOOK SET,682.97,512,36,0.0,0.0,0.0,0.0
BLOSSOM IMAGES GIFT WRAP SET,739.99,786,133,0.0,0.0,0.0,0.0
BLOSSOM IMAGES SCRAP BOOK SET,4.95,1,1,0.0,0.0,0.0,0.0
BLUE  DIAMANTE PEN IN GIFT BOX,488.13,129,54,153.0,36.0,1.0,23.864114922090685
BLUE  TILE HOOK,282.78999999999996,99,27,22.95,9.0,2.0,7.506377968208283
BLUE  VOILE LAMPSHADE,234.5,86,9,122.39999999999999,48.0,1.0,34.29532081815634
BLUE & WHITE BREAKFAST TRAY,346.3,94,38,0.0,0.0,0.0,0.0
BLUE 3 PIECE POLKADOT CUTLERY SET,4504.5,1220,108,0.0,0.0,0.0,0.0
BLUE BIRDHOUSE DECORATION,292.03,421,62,0.0,0.0,0.0,0.0
BLUE BLOSSOM HAIR CLIP,81.96000000000001,70,12,10.5,10.0,1.0,11.35626216742375
BLUE BREAKFAST CUP AND SAUCER ,11.8,4,3,0.0,0.0,0.0,0.0
BLUE BUNNY EASTER EGG BASKET,230.24999999999997,157,3,0.0,0.0,0.0,0.0
BLUE CALCULATOR RULER,829.74,654,113,0.0,0.0,0.0,0.0
BLUE CAT BISCUIT BARREL PINK HEART,148.32,66,17,0.0,0.0,0.0,0.0
BLUE CHARLIE+LOLA PERSONAL DOORSIGN,583.23,1041,111,448.4,152.0,2.0,43.46519585510308
BLUE CHECK BAG W HANDLE 34X20CM,14.11,17,5,0.83,1.0,1.0,5.555555555555555
BLUE CHENILLE SHAGGY CUSHION COVER ,43.15,43,12,11.05,13.0,2.0,20.387453874538746
BLUE CIRCLES DESIGN MONKEY DOLL,175.73,66,28,17.849999999999998,7.0,2.0,9.22099390432896
BLUE CIRCLES DESIGN TEDDY,154.95,56,25,0.0,0.0,0.0,0.0
BLUE CLIMBING HYDRANGA ART FLOWER,52.5,38,3,0.0,0.0,0.0,0.0
BLUE COAT RACK PARIS FASHION,2261.21,467,154,24.75,5.0,4.0,1.082696110168157
BLUE CRUSOE CHECK LAMPSHADE,3.78,9,3,0.0,0.0,0.0,0.0
BLUE CRYSTAL BOOT PHONE CHARM,1.66,1,1,0.0,0.0,0.0,0.0
BLUE CUSHION COVER WITH FLOWER,381.78000000000003,58,29,0.0,0.0,0.0,0.0
BLUE DAISY MOBILE,138.76,172,12,0.0,0.0,0.0,0.0
BLUE DELPHINIUM ARTIFICIAL FLOWER,188.37000000000003,99,6,0.0,0.0,0.0,0.0
BLUE DINER WALL CLOCK,8189.29,954,365,168.3,21.0,7.0,2.0137384102354865
BLUE DISCO HANDBAG,64.81,31,11,0.0,0.0,0.0,0.0
BLUE DRAGONFLY HELICOPTER,524.5500000000001,65,45,7.95,1.0,1.0,1.492957746478873
BLUE DRAWER KNOB ACRYLIC EDWARDIAN,2576.03,1890,195,16.25,13.0,2.0,0.6268612958476707
BLUE DROP EARRINGS W BEAD CLUSTER,3.32,1,1,0.0,0.0,0.0,0.0
BLUE EASTER EGG HUNT START POST,23.86,10,6,3.9,2.0,2.0,14.048991354466859
BLUE EGG  SPOON,322.18,1857,106,0.0,0.0,0.0,0.0
BLUE FELT EASTER EGG BASKET,610.4499999999999,365,71,0.0,0.0,0.0,0.0
BLUE FELT HANGING HEART W FLOWER,26.11,16,2,0.0,0.0,0.0,0.0
BLUE FELT HANGING HEART WITH FLOWER,50.57,75,30,0.0,0.0,0.0,0.0
BLUE FLOCK CUSHION COVER ,20.0,8,3,0.0,0.0,0.0,0.0
BLUE FLOCK GLASS CANDLEHOLDER,259.96,644,10,2.2800000000000002,6.0,1.0,0.8694325808419772
BLUE FLOWER DES PURSE,43.66,44,6,0.0,0.0,0.0,0.0
BLUE FLY SWAT,156.63,179,66,0.0,0.0,0.0,0.0
BLUE GEISHA GIRL ,146.07999999999998,44,25,3.75,1.0,1.0,2.502836548087833
BLUE GIANT GARDEN THERMOMETER,2757.4700000000003,449,182,47.6,8.0,5.0,1.69692734940661
BLUE GINGHAM ROSE CUSHION COVER,11.9,2,1,0.0,0.0,0.0,0.0
BLUE GLASS CHUNKY CHARM BRACELET,80.55,9,6,0.0,0.0,0.0,0.0
BLUE GLASS GEMS IN BAG,553.8299999999999,588,57,1.7,2.0,1.0,0.30601407664752583
BLUE GREEN EMBROIDERY COSMETIC BAG,97.13,35,22,0.0,0.0,0.0,0.0
BLUE HANGING GINGHAM EASTER HEN,13.44,32,5,0.0,0.0,0.0,0.0
BLUE HAPPY BIRTHDAY BUNTING,10491.75,1990,390,114.80000000000001,24.0,3.0,1.0823500572759288
BLUE HARMONICA IN BOX ,10339.81,7876,603,45.0,36.0,2.0,0.4333252124978695
BLUE HEART COMPACT MIRROR,217.5,128,16,0.0,0.0,0.0,0.0
BLUE HOLE PUNCH,16.25,13,7,0.0,0.0,0.0,0.0
BLUE JUICY FRUIT PHOTO FRAME,264.06,93,39,15.299999999999999,6.0,1.0,5.476804123711339
BLUE KNITTED EGG COSY,85.61,155,28,0.0,0.0,0.0,0.0
BLUE KNITTED HEN ,257.21999999999997,220,50,0.0,0.0,0.0,0.0
BLUE LEAVES AND BEADS PHONE CHARM,3.76,2,2,0.0,0.0,0.0,0.0
BLUE MONTE CARLO HANDBAG,46.8,24,1,3.9,2.0,1.0,7.6923076923076925
BLUE MURANO TWIST BRACELET,164.12,39,15,0.0,0.0,0.0,0.0
BLUE MURANO TWIST NECKLACE,119.89,12,11,0.0,0.0,0.0,0.0
BLUE NETTING STORAGE HANGER,15.6,8,6,0.0,0.0,0.0,0.0
BLUE NEW BAROQUE CANDLESTICK CANDLE,536.41,449,35,41.65,49.0,5.0,7.205134415112618
BLUE NEW BAROQUE FLOCK CANDLESTICK,4.65,1,1,0.0,0.0,0.0,0.0
BLUE ORGANDY ROUND LAMPSHADE W BEA,10.2,12,4,0.0,0.0,0.0,0.0
BLUE OWL SOFT TOY,1536.88,512,115,5.9,2.0,2.0,0.3824265287338441
BLUE PADDED SOFT MOBILE,4.25,1,1,29.75,7.0,3.0,87.5
BLUE PAINTED KASHMIRI CHAIR,149.85000000000002,3,1,0.0,0.0,0.0,0.0
BLUE PAISLEY JOURNAL ,656.06,250,79,0.0,0.0,0.0,0.0
BLUE PAISLEY NOTEBOOK,92.39999999999999,56,23,0.0,0.0,0.0,0.0
BLUE PAISLEY POCKET BOOK,271.16999999999996,306,62,0.0,0.0,0.0,0.0
BLUE PAISLEY SKETCHBOOK,505.97,120,63,0.0,0.0,0.0,0.0
BLUE PAISLEY TISSUE BOX,321.40000000000003,670,91,0.0,0.0,0.0,0.0
BLUE PAPER PARASOL ,946.83,321,60,2.95,1.0,1.0,0.3105982438038282
BLUE PARTY BAGS ,2822.32,1480,118,109.2,52.0,2.0,3.725030018556926
BLUE PATCH PURSE PINK HEART,383.02,242,41,23.099999999999998,14.0,1.0,5.687973997833152
BLUE POLKADOT BEAKER ,1139.06,2838,90,3.9,10.0,3.0,0.34121929026387626
BLUE POLKADOT BOWL,3983.12,3120,322,15.0,12.0,2.0,0.37517633287645197
BLUE POLKADOT COFFEE MUG,869.6099999999999,2054,71,43.29,111.0,3.0,4.742030890568519
BLUE POLKADOT CUP,3110.2599999999998,3570,325,30.34,36.0,5.0,0.9660574412532639
BLUE POLKADOT EGG CUP ,550.43,1075,65,0.0,0.0,0.0,0.0
BLUE POLKADOT GARDEN PARASOL,1668.49,200,89,37.35,5.0,4.0,2.189537119542279
BLUE POLKADOT KIDS BAG,688.3,286,74,0.0,0.0,0.0,0.0
BLUE POLKADOT LUGGAGE TAG ,346.86,265,78,0.0,0.0,0.0,0.0
BLUE POLKADOT PASSPORT COVER,466.99,309,95,0.0,0.0,0.0,0.0
BLUE POLKADOT PLATE ,3789.3199999999997,2282,196,25.349999999999998,15.0,3.0,0.6645397898114385
BLUE POLKADOT PUDDING BOWL,38.67,29,7,0.0,0.0,0.0,0.0
BLUE POLKADOT PURSE ,141.15,44,33,0.0,0.0,0.0,0.0
BLUE POLKADOT WASHING UP GLOVES,920.45,407,148,4.2,2.0,2.0,0.45422592332233813
BLUE POLKADOT WRAP,2809.34,6927,217,82.5,225.0,2.0,2.852854929733318
BLUE POT PLANT CANDLE ,1060.9,299,68,45.050000000000004,15.0,3.0,4.07342104073421
BLUE PUDDING SPOON,151.19,1052,82,0.0,0.0,0.0,0.0
BLUE REFECTORY CLOCK ,1777.46,173,82,0.0,0.0,0.0,0.0
BLUE RETRO KITCHEN WALL CLOCK,301.88,36,18,0.0,0.0,0.0,0.0
BLUE ROSE FABRIC MIRROR,709.7,597,90,127.2,120.0,1.0,15.198948500418208
BLUE ROSE PATCH PURSE PINK BUTTERFL,52.8,32,8,24.75,15.0,1.0,31.914893617021278
BLUE ROUND COMPACT MIRROR,150.93,96,18,0.0,0.0,0.0,0.0
BLUE SAVANNAH PICNIC HAMPER FOR 2,2393.5899999999997,256,124,0.0,0.0,0.0,0.0
BLUE SCANDINAVIAN PAISLEY WRAP,409.5,975,39,0.0,0.0,0.0,0.0
BLUE SCOTTIE DOG W FLOWER PATTERN,424.08,177,49,7.6499999999999995,3.0,1.0,1.7719407963310403
BLUE SHARK HELICOPTER,15.9,2,2,0.0,0.0,0.0,0.0
BLUE SPOT CERAMIC DRAWER KNOB,6083.99,4328,374,96.25,69.0,7.0,1.5573828848070626
BLUE SQUARE COMPACT MIRROR,63.75,51,8,0.0,0.0,0.0,0.0
BLUE STONES ON WIRE FOR CANDLE,29.59,352,17,0.0,0.0,0.0,0.0
BLUE STRIPE CERAMIC DRAWER KNOB,7091.15,5252,425,115.00999999999999,80.0,10.0,1.5959956481676787
BLUE STRIPES SHOULDER BAG,7.469999999999999,9,3,0.0,0.0,0.0,0.0
BLUE SWEETHEART BRACELET,211.43,50,26,0.0,0.0,0.0,0.0
BLUE TABLE RUN FLOWER,56.25,45,11,0.0,0.0,0.0,0.0
BLUE TEA TOWEL CLASSIC DESIGN,565.86,478,53,0.0,0.0,0.0,0.0
BLUE TEATIME PRINT BOWL ,12.5,10,2,0.0,0.0,0.0,0.0
BLUE TILED TRAY,54.0,8,4,33.75,5.0,1.0,38.46153846153847
BLUE TRAVEL FIRST AID KIT,67.50999999999999,41,14,0.0,0.0,0.0,0.0
BLUE TV TRAY TABLE ,518.61,127,39,0.0,0.0,0.0,0.0
BLUE VICTORIAN FABRIC OVAL BOX,388.57,925,100,0.0,0.0,0.0,0.0
BLUE VINTAGE SPOT BEAKER,4747.62,5048,222,41.65,49.0,3.0,0.8696523687326044
BLUE WHITE PLASTIC RINGS LAMPSHADE,11.899999999999999,14,5,0.0,0.0,0.0,0.0
BLUE WIRE SPIRAL CANDLE HOLDER,82.57,12,6,6.35,1.0,1.0,7.1412505623031945
BLUE/CREAM STRIPE CUSHION COVER ,771.15,623,99,48.75,39.0,8.0,5.945847054518844
BLUE/GREEN SHELL NECKLACE W PENDANT,11.46,2,2,0.0,0.0,0.0,0.0
BLUE/NAT SHELL NECKLACE W PENDANT,5.95,1,1,0.0,0.0,0.0,0.0
BLUE/YELLOW CERAMIC CANDLE HOLDER,6.6,4,1,0.0,0.0,0.0,0.0
BLUE/YELLOW FLOWER DESIGN BIG MUG,16.77,31,12,0.0,0.0,0.0,0.0
BOHEMIAN COLLAGE STATIONERY SET,1080.82,635,211,15.0,12.0,1.0,1.3688379478381485
BOOM BOX SPEAKER BOYS,1281.2,296,101,0.0,0.0,0.0,0.0
BOOM BOX SPEAKER GIRLS,1160.58,562,90,0.0,0.0,0.0,0.0
BOOZE & WOMEN GREETING CARD ,214.19,504,58,0.84,2.0,1.0,0.3906431660698507
BOTANICAL GARDENS WALL CLOCK ,5843.92,262,83,407.4,18.0,13.0,6.517023604614705
BOTANICAL LAVENDER BIRTHDAY CARD,225.59,504,80,5.04,12.0,1.0,2.1853184754802064
BOTANICAL LAVENDER GIFT WRAP ,199.5,475,19,0.0,0.0,0.0,0.0
BOTANICAL LILY GIFT WRAP,105.0,250,7,10.5,25.0,1.0,9.090909090909092
BOTANICAL LILY GREETING CARD,181.98,427,60,0.0,0.0,0.0,0.0
BOTANICAL ROSE GIFT WRAP,304.5,725,28,0.0,0.0,0.0,0.0
BOTANICAL ROSE GREETING CARD,141.95,337,22,0.0,0.0,0.0,0.0
BOTTLE BAG RETROSPOT ,2171.53,1330,207,18.45,9.0,2.0,0.8424734472460935
BOUDOIR SQUARE TISSUE BOX,1001.5500000000001,1992,172,30.11,75.0,6.0,2.9185972122598525
BOX OF 24 COCKTAIL PARASOLS,4327.38,7903,583,13.02,31.0,3.0,0.2999723527785457
BOX OF 6 ASSORTED COLOUR TEASPOONS,2389.52,558,210,8.5,2.0,2.0,0.3544590954203885
BOX OF 6 CHRISTMAS CAKE DECORATIONS,7356.18,1875,220,63.75,17.0,3.0,0.8591725258863628
BOX OF 6 MINI 50'S CRACKERS,9219.53,3720,403,244.97000000000003,116.0,6.0,2.588303661049184
BOX OF 6 MINI VINTAGE CRACKERS,9162.41,3809,376,368.71000000000004,168.0,7.0,3.8684855504914433
BOX OF 9 PEBBLE CANDLES,986.23,485,103,11.7,6.0,1.0,1.1724269237321254
BOX OF VINTAGE ALPHABET BLOCKS,13931.31,1342,267,151.34999999999997,13.0,5.0,1.0747259395597137
BOX OF VINTAGE JIGSAW BLOCKS ,5236.31,937,235,85.2,16.0,5.0,1.6010493262250753
BOX/12 CHICK & EGG IN BASKET,223.10999999999999,123,41,0.0,0.0,0.0,0.0
BOXED GLASS ASHTRAY,9.94,4,4,0.0,0.0,0.0,0.0
BOYS ALPHABET IRON ON PATCHES,546.04,1975,99,60.48,288.0,1.0,9.971641495746224
BOYS PARTY BAG,150.54999999999998,47,11,0.0,0.0,0.0,0.0
BOYS VINTAGE TIN SEASIDE BUCKET,3872.92,1425,244,20.4,8.0,1.0,0.523974397172593
BREAD BIN DINER STYLE IVORY,14329.539999999999,901,375,711.8,44.0,31.0,4.732291138954375
BREAD BIN DINER STYLE MINT,4967.929999999999,319,128,234.25,15.0,8.0,4.502919929721771
BREAD BIN DINER STYLE PINK,5208.45,323,128,176.45,11.0,8.0,3.2767553715017916
BREAD BIN DINER STYLE RED ,10676.619999999999,665,278,416.7,26.0,18.0,3.756314610955061
"BREAD BIN, DINER STYLE, IVORY",59.8,4,1,0.0,0.0,0.0,0.0
"BREAD BIN, DINER STYLE, MINT",59.8,4,1,0.0,0.0,0.0,0.0
BRIGHT BLUES RIBBONS ,699.91,549,109,0.0,0.0,0.0,0.0
BROCADE RING PURSE ,6025.95,23020,239,172.8,3.0,3.0,2.7876588021778588
BROCANTE COAT RACK,2025.96,220,60,56.8,6.0,4.0,2.7271505118208528
BROCANTE SHELF WITH HOOKS,1781.82,162,76,75.25,7.0,5.0,4.052082043218618
BROWN  PIRATE TREASURE CHEST ,993.5,414,146,0.0,0.0,0.0,0.0
BROWN CHECK CAT DOORSTOP ,1421.11,290,138,4.25,1.0,1.0,0.29817028680473706
BROWN KUKUI COCONUT SEED NECKLACE,91.7,77,11,0.0,0.0,0.0,0.0
BROWN VINTAGE VICTORIAN EARRINGS,5.8,2,2,0.0,0.0,0.0,0.0
BUBBLEGUM RING ASSORTED,4997.28,12050,245,0.0,0.0,0.0,0.0
BUFFALO BILL TREASURE BOOK BOX,4079.28,1922,175,45.0,20.0,6.0,1.091099537373796
BUFFALO BILL WALL ART ,852.72,248,16,0.0,0.0,0.0,0.0
BULL DOG BOTTLE OPENER,4764.5,874,264,64.35,13.0,4.0,1.3326154260331133
BULL DOG BOTTLE TOP WALL CLOCK,1733.57,201,82,33.0,4.0,4.0,1.868026741085833
BUNDLE OF 3 ALPHABET EXERCISE BOOKS,6114.24,3516,345,4.949999999999999,3.0,2.0,0.08089305937550557
BUNDLE OF 3 RETRO EXERCISE BOOKS,98.99999999999999,60,5,0.0,0.0,0.0,0.0
BUNDLE OF 3 RETRO NOTE BOOKS,3529.8899999999994,2141,276,4.949999999999999,3.0,2.0,0.14003462674406764
BUNDLE OF 3 SCHOOL EXERCISE BOOKS  ,2761.8999999999996,1702,202,3.3,2.0,2.0,0.1193403732098944
BUNNY DECORATION MAGIC GARDEN,591.4399999999999,668,113,0.0,0.0,0.0,0.0
BUNNY EGG BOX,228.75,183,26,0.0,0.0,0.0,0.0
BUNNY EGG GARLAND,269.17,528,78,8.4,20.0,1.0,3.026263645206615
BUNNY WOODEN PAINTED WITH BIRD ,777.78,1000,147,1.7,2.0,1.0,0.21809411402473441
BUNNY WOODEN PAINTED WITH FLOWER ,432.46,568,101,1.7,2.0,1.0,0.39156071494379957
"BUNTING , SPOTTY ",634.7,146,7,0.0,0.0,0.0,0.0
BUTTERFLIES STICKERS,568.26,628,110,10.2,12.0,1.0,1.7633025619748985
BUTTERFLY CROCHET FOOD COVER,572.23,148,66,0.0,0.0,0.0,0.0
BUTTERFLY CUSHION COVER,30.0,8,2,0.0,0.0,0.0,0.0
BUTTERFLY HAIR BAND,95.41999999999999,38,21,30.599999999999998,12.0,2.0,24.281860022218694
BUTTON BOX ,3378.5,1876,250,58.5,30.0,2.0,1.7020657550189118
BUTTONS AND STRIPES NOTEBOOK ,48.75,13,7,0.0,0.0,0.0,0.0
CABIN BAG VINTAGE PAISLEY,2010.12,99,34,461.84999999999997,19.0,3.0,18.68347916843651
CABIN BAG VINTAGE RETROSPOT,4674.62,247,68,132.55,5.0,4.0,2.7573395573695128
CACTI T-LIGHT CANDLES,2278.9,5321,143,41.160000000000004,98.0,4.0,1.7740920493435515
CAKE PLATE LOVEBIRD PINK,1821.6100000000001,441,78,0.0,0.0,0.0,0.0
CAKE PLATE LOVEBIRD WHITE,3880.2,1057,222,0.0,0.0,0.0,0.0
CAKE SHOP  STICKER SHEET,48.449999999999996,57,8,0.0,0.0,0.0,0.0
CAKE STAND 3 TIER MAGIC GARDEN,3624.5999999999995,308,88,508.94999999999993,45.0,11.0,12.312661029865371
CAKE STAND LACE WHITE,4.25,1,1,0.0,0.0,0.0,0.0
CAKE STAND LOVEBIRD 2 TIER PINK,1104.54,131,51,19.9,2.0,2.0,1.7697698409875136
CAKE STAND LOVEBIRD 2 TIER WHITE,1849.25,231,86,201.5,22.0,9.0,9.8256735340729
CAKE STAND VICTORIAN FILIGREE LARGE,471.86,56,35,17.0,2.0,2.0,3.477478214621773
CAKE STAND VICTORIAN FILIGREE MED,1916.01,322,129,8.95,2.0,2.0,0.46494472612417914
CAKE STAND VICTORIAN FILIGREE SMALL,1420.58,372,122,14.850000000000001,3.0,2.0,1.0345332060776216
CAKE STAND WHITE TWO TIER LACE,2471.39,343,101,17.0,2.0,2.0,0.6831726538042671
CAKES AND BOWS GIFT  TAPE,413.76,1166,93,0.0,0.0,0.0,0.0
CAKES AND RABBITS DESIGN FLANNEL ,134.48999999999998,119,50,0.0,0.0,0.0,0.0
"CAKESTAND, 3 TIER, LOVEHEART",19.9,2,1,0.0,0.0,0.0,0.0
CALENDAR FAMILY FAVOURITES,550.6,193,59,0.0,0.0,0.0,0.0
CALENDAR IN SEASON DESIGN,1502.2900000000002,581,110,0.0,0.0,0.0,0.0
CALENDAR PAPER CUT DESIGN,5467.26,1834,271,5.9,2.0,1.0,0.10779878534521192
CAMOUFLAGE DESIGN TEDDY,3448.05,1631,36,2.55,1.0,1.0,0.07390019127108328
CAMOUFLAGE DOG COLLAR,12.72,1,1,0.0,0.0,0.0,0.0
CAMOUFLAGE EAR MUFF HEADPHONES,368.08,53,27,0.0,0.0,0.0,0.0
CAMOUFLAGE LED TORCH,4594.43,2726,168,50.7,30.0,3.0,1.0914656855674654
CAMPHOR WOOD PORTOBELLO MUSHROOM,246.82999999999998,178,50,0.0,0.0,0.0,0.0
CANDLE HOLDER SILVER MADELINE,325.15999999999997,196,20,0.0,0.0,0.0,0.0
CANDLE PLATE LACE WHITE,416.59999999999997,193,56,0.0,0.0,0.0,0.0
CANDLEHOLDER PINK HANGING HEART,6438.79,2251,398,35.400000000000006,12.0,5.0,0.546786547815248
CANDY HEART HANGING DECORATION,690.52,1318,62,0.39,1.0,1.0,0.056447294148297175
CANDY SHOP  STICKER SHEET,179.45999999999998,195,33,0.0,0.0,0.0,0.0
CANDY SPOT BUNNY,38.35,13,5,0.0,0.0,0.0,0.0
CANDY SPOT CUSHION COVER,1129.99,339,125,2.95,1.0,1.0,0.2603844863805674
CANDY SPOT EGG WARMER HARE,475.18,708,88,0.0,0.0,0.0,0.0
CANDY SPOT EGG WARMER RABBIT,242.13,640,90,0.0,0.0,0.0,0.0
CANDY SPOT HAND BAG,534.83,259,51,4.2,2.0,1.0,0.7791774112758102
CANDY SPOT HEART DECORATION,122.08,146,50,0.0,0.0,0.0,0.0
CANDY SPOT TEA COSY,40.05,27,2,0.0,0.0,0.0,0.0
CANNABIS LEAF BEAD CURTAIN,30.599999999999998,36,2,0.0,0.0,0.0,0.0
CANNISTER VINTAGE LEAF DESIGN,23.4,12,2,0.0,0.0,0.0,0.0
CAPIZ CHANDELIER,29.95,1,1,0.0,0.0,0.0,0.0
CARAVAN SQUARE TISSUE BOX,800.59,1440,153,11.25,9.0,1.0,1.385741032715806
CARD BILLBOARD FONT,2256.56,5290,443,68.75999999999999,181.0,3.0,2.9570123681901843
CARD BIRTHDAY COWBOY,1415.73,3487,225,5.04,12.0,1.0,0.3547372199581917
CARD CAT AND TREE ,717.23,1633,168,10.08,24.0,2.0,1.385928971140229
CARD CHRISTMAS VILLAGE,1550.4,3633,244,40.32,96.0,3.0,2.5347012673506337
CARD CIRCUS PARADE,1360.91,3201,288,0.0,0.0,0.0,0.0
CARD DOG AND BALL ,535.78,1229,131,0.0,0.0,0.0,0.0
CARD DOLLY GIRL ,1822.2,4435,312,10.5,25.0,3.0,0.5729251923391717
CARD GINGHAM ROSE ,1096.09,2693,163,0.0,0.0,0.0,0.0
CARD HOLDER GINGHAM HEART,2141.32,684,175,411.87000000000006,195.0,3.0,16.13158441009091
CARD HOLDER LOVE BIRD LARGE ,1460.5,232,84,70.7,12.0,8.0,4.617293625914316
CARD HOLDER LOVE BIRD SMALL,1355.24,332,72,16.6,4.0,2.0,1.2100536505714954
CARD I LOVE LONDON ,1437.36,3441,217,3.36,8.0,1.0,0.23321672497084792
CARD MOTORBIKE SANTA,1691.76,3987,266,0.0,0.0,0.0,0.0
CARD PARTY GAMES ,888.47,2129,235,0.0,0.0,0.0,0.0
CARD PSYCHEDELIC APPLES,1118.84,2628,268,0.0,0.0,0.0,0.0
CARD SUKI BIRTHDAY,1114.81,2639,290,0.0,0.0,0.0,0.0
CARD WEDDING DAY,645.64,1543,130,0.0,0.0,0.0,0.0
CARDHOLDER GINGHAM CHRISTMAS TREE,1509.41,413,86,156.04999999999998,59.0,6.0,9.369783723415752
CARDHOLDER GINGHAM STAR,1212.82,379,79,0.0,0.0,0.0,0.0
CARDHOLDER HOLLY WREATH METAL,3021.12,658,135,7.5,2.0,2.0,0.24763753788854329
CARNIVAL BRACELET,558.03,44,26,12.75,1.0,1.0,2.233785346368128
CAROUSEL DESIGN WASHBAG,199.84,108,50,17.55,9.0,5.0,8.073048438290629
CAROUSEL PONIES BABY BIB,14.37,33,12,0.0,0.0,0.0,0.0
CARRIAGE,7051.0,142,141,65.0,2.0,2.0,0.9134345137717819
CARROT CHARLIE+LOLA COASTER SET,773.3,471,126,0.0,0.0,0.0,0.0
CARTOON  PENCIL SHARPENERS,283.31,3821,64,0.0,0.0,0.0,0.0
CAST IRON HOOK GARDEN FORK,1421.83,523,23,0.0,0.0,0.0,0.0
CAST IRON HOOK GARDEN TROWEL,1018.19,386,25,0.0,0.0,0.0,0.0
CAT AND BIRD WALL ART,323.64,270,4,0.0,0.0,0.0,0.0
CAT BOWL VINTAGE CREAM,1655.96,472,116,19.5,6.0,1.0,1.163859477397252
CAT WITH SUNGLASSES BLANK CARD,0.95,5,1,0.0,0.0,0.0,0.0
CD WALL TIDY BLUE OFFICE,40.379999999999995,103,8,0.0,0.0,0.0,0.0
CD WALL TIDY RED FLOWERS,61.05,163,8,0.0,0.0,0.0,0.0
CERAMIC BIRDHOUSE CRESTED TIT SMALL,253.53000000000003,79,22,0.0,0.0,0.0,0.0
CERAMIC BOWL WITH LOVE HEART DESIGN,677.86,583,73,4.9799999999999995,6.0,1.0,0.7293070118915118
CERAMIC BOWL WITH STRAWBERRY DESIGN,1367.45,583,120,17.700000000000003,6.0,5.0,1.2778399451322964
CERAMIC CAKE BOWL + HANGING CAKES,2117.54,714,134,96.2,36.0,12.0,4.34558710598354
CERAMIC CAKE DESIGN SPOTTED MUG,2206.63,1451,187,67.05,45.0,12.0,2.9489637943773963
CERAMIC CAKE DESIGN SPOTTED PLATE,1313.28,820,115,23.89,17.0,6.0,1.7866090325089554
CERAMIC CAKE STAND + HANGING CAKES,5117.29,563,154,446.7,50.0,25.0,8.028411266015935
CERAMIC CHERRY CAKE MONEY BANK,2986.97,2214,276,13.05,9.0,4.0,0.4349971000193332
CERAMIC HEART FAIRY CAKE MONEY BANK,4709.74,2354,351,24.449999999999996,17.0,4.0,0.5164558245444311
CERAMIC LOVE HEART MONEY BANK,466.18,732,45,17.4,12.0,1.0,3.5981636957690557
CERAMIC PIRATE CHEST MONEY BANK,1320.6999999999998,851,143,4.35,3.0,2.0,0.32828949850949024
CERAMIC PLATE STRAWBERRY DESIGN,667.92,584,61,71.52,48.0,4.0,9.672184355728659
CERAMIC STRAWBERRY CAKE MONEY BANK,5684.17,4160,390,41.9,31.0,9.0,0.7317409671904116
CERAMIC STRAWBERRY DESIGN MUG,2081.54,1780,173,35.76,24.0,8.0,1.688943465734662
CERAMIC STRAWBERRY MONEY BOX,2515.52,977,114,2.55,1.0,1.0,0.1012680346455817
CERAMIC STRAWBERRY TRINKET TRAY,350.46999999999997,137,69,0.0,0.0,0.0,0.0
CHALKBOARD KITCHEN ORGANISER,366.73,11,8,225.5,10.0,2.0,38.07642301133006
CHAMBRE HOOK,184.67999999999998,132,25,0.0,0.0,0.0,0.0
CHAMPAGNE TRAY BLANK CARD,1.52,8,2,0.0,0.0,0.0,0.0
CHARLIE & LOLA WASTEPAPER BIN BLUE,852.04,667,86,2.5,2.0,2.0,0.2925550588620779
CHARLIE & LOLA WASTEPAPER BIN FLORA,1323.37,996,118,0.0,0.0,0.0,0.0
CHARLIE + LOLA BISCUITS TINS,1653.97,553,118,3.9,2.0,2.0,0.23524160519220444
CHARLIE + LOLA RED HOT WATER BOTTLE,2421.59,936,255,133.5,66.0,4.0,5.224864877558129
CHARLIE AND LOLA CHARLOTTE BAG,162.20999999999998,65,27,0.0,0.0,0.0,0.0
CHARLIE AND LOLA FIGURES TINS,3587.19,1523,214,9.75,5.0,4.0,0.271063737510217
CHARLIE AND LOLA TABLE TINS,1230.78,538,84,0.0,0.0,0.0,0.0
CHARLIE LOLA BLUE HOT WATER BOTTLE ,1452.3500000000001,304,143,40.949999999999996,21.0,1.0,2.742248710908725
CHARLIE+LOLA MY ROOM DOOR SIGN,249.48999999999998,403,84,0.0,0.0,0.0,0.0
CHARLIE+LOLA PINK HOT WATER BOTTLE,3384.98,1003,313,82.60000000000001,28.0,2.0,2.382064725255077
CHARLIE+LOLA RED HOT WATER BOTTLE ,1976.54,431,165,39.0,20.0,1.0,1.9349653194677359
"CHARLIE+LOLA""EXTREMELY BUSY"" SIGN",428.0,683,105,0.0,0.0,0.0,0.0
CHARLOTTE BAG ALPHABET  DESIGN,320.5,400,22,0.0,0.0,0.0,0.0
CHARLOTTE BAG APPLES DESIGN,7741.94,7976,583,138.34,186.0,8.0,1.7555213774129854
CHARLOTTE BAG DOLLY GIRL DESIGN,4214.95,5194,415,10.79,13.0,4.0,0.25533989313114386
CHARLOTTE BAG PINK POLKADOT,11417.74,9716,742,201.53,266.0,17.0,1.7344463120316507
CHARLOTTE BAG SUKI DESIGN,29254.149999999998,18124,882,113.59,150.0,12.0,0.38678495519233014
CHARLOTTE BAG VINTAGE ALPHABET ,5405.88,5457,445,140.25,191.0,8.0,2.528790345700515
CHERRY BLOSSOM  DECORATIVE FLASK,1565.71,377,126,60.0,16.0,7.0,3.690695142430077
CHERRY BLOSSOM CANVAS ART PICTURE,97.95,41,6,0.0,0.0,0.0,0.0
CHERRY BLOSSOM DECORATIVE FLASK,774.7,192,69,26.25,7.0,3.0,3.277358137212061
CHERRY BLOSSOM LUGGAGE TAG,95.17999999999999,73,33,0.0,0.0,0.0,0.0
CHERRY BLOSSOM PASSPORT COVER,243.53,194,71,0.0,0.0,0.0,0.0
CHERRY BLOSSOM PURSE,49.69,20,16,0.0,0.0,0.0,0.0
CHERRY BLOSSOM TABLE CLOCK ,29.599999999999998,8,4,0.0,0.0,0.0,0.0
CHERRY CROCHET FOOD COVER,1004.39,264,104,7.5,2.0,2.0,0.7411872832027198
CHERUB HEART DECORATION GOLD,649.02,738,71,11.62,14.0,2.0,1.758900460159845
CHERUB HEART DECORATION SILVER ,1176.1699999999998,1355,88,69.72,84.0,4.0,5.5959996468388065
CHEST 7 DRAWER MA CAMPAGNE,895.38,36,26,43.9,2.0,1.0,4.673792692274934
CHEST NATURAL WOOD 20 DRAWERS,2745.0,24,13,0.0,0.0,0.0,0.0
CHEST OF DRAWERS GINGHAM HEART ,2851.3599999999997,163,91,237.3,14.0,10.0,7.682943412353578
CHICK GREY HOT WATER BOTTLE,8495.42,1871,402,147.60000000000002,48.0,2.0,1.7077364162063724
CHILDREN'S APRON DOLLY GIRL ,4326.43,2069,313,10.5,5.0,3.0,0.24210674371041266
CHILDREN'S CIRCUS PARADE MUG,2136.0099999999998,1255,144,36.3,22.0,5.0,1.6710322191584075
CHILDREN'S SPACEBOY MUG,3028.0399999999995,1771,227,56.099999999999994,34.0,8.0,1.8189835740271196
CHILDRENS APRON APPLES DESIGN,5150.92,2414,365,0.0,0.0,0.0,0.0
CHILDRENS APRON SPACEBOY DESIGN,7508.58,3749,550,70.2,36.0,11.0,0.9262704551392177
CHILDRENS CUTLERY CIRCUS PARADE,4097.22,1014,158,37.35,9.0,3.0,0.9033587531472438
CHILDRENS CUTLERY DOLLY GIRL ,6753.71,1667,291,83.0,20.0,8.0,1.2140342357654486
CHILDRENS CUTLERY POLKADOT BLUE,12366.97,2847,289,22.9,6.0,2.0,0.18482841224322774
CHILDRENS CUTLERY POLKADOT GREEN ,7701.71,1829,246,49.95,13.0,3.0,0.6443781073989314
CHILDRENS CUTLERY POLKADOT PINK,16865.97,3951,423,15.0,4.0,1.0,0.08885745309659338
CHILDRENS CUTLERY RETROSPOT RED ,12604.23,2907,317,22.5,6.0,1.0,0.1781934039929578
CHILDRENS CUTLERY SPACEBOY ,8517.67,2077,360,338.0,88.0,8.0,3.816763723128798
CHILDRENS DOLLY GIRL MUG,2729.6899999999996,1598,204,33.0,20.0,7.0,1.1944879809171498
CHILDRENS GARDEN GLOVES BLUE,883.1999999999999,642,81,0.0,0.0,0.0,0.0
CHILDRENS GARDEN GLOVES PINK,648.97,489,74,0.0,0.0,0.0,0.0
CHILDRENS SPACEBOY MUG,39.599999999999994,24,2,0.0,0.0,0.0,0.0
CHILDRENS TOY COOKING UTENSIL SET,1633.81,746,168,47.260000000000005,23.0,8.0,2.811304704741623
CHILDS BREAKFAST SET CIRCUS PARADE,5009.56,595,198,239.7,29.0,14.0,4.5663579247360575
CHILDS BREAKFAST SET DOLLY GIRL ,6412.33,681,194,727.05,84.0,7.0,10.183657404424473
CHILDS BREAKFAST SET SPACEBOY ,7161.3,763,222,381.84999999999997,41.0,23.0,5.06220875894023
CHILDS GARDEN BRUSH BLUE,783.5400000000001,363,81,0.0,0.0,0.0,0.0
CHILDS GARDEN BRUSH PINK,906.7500000000001,411,88,0.0,0.0,0.0,0.0
CHILDS GARDEN FORK BLUE ,772.59,930,128,10.2,12.0,1.0,1.303031464377419
CHILDS GARDEN FORK PINK,750.81,864,135,10.2,12.0,1.0,1.3403240430480545
CHILDS GARDEN RAKE BLUE,494.89000000000004,206,62,0.0,0.0,0.0,0.0
CHILDS GARDEN RAKE PINK,447.63000000000005,199,69,0.0,0.0,0.0,0.0
CHILDS GARDEN SPADE BLUE,704.45,302,99,0.0,0.0,0.0,0.0
CHILDS GARDEN SPADE PINK,608.95,266,84,4.2,2.0,1.0,0.6849873603522791
CHILDS GARDEN TROWEL BLUE ,622.0999999999999,719,113,0.0,0.0,0.0,0.0
CHILDS GARDEN TROWEL PINK,525.51,609,104,0.0,0.0,0.0,0.0
CHILLI LIGHTS,54096.36,10302,661,349.7,80.0,6.0,0.6422870635634608
CHINESE DRAGON PAPER LANTERNS,2136.34,5556,97,0.0,0.0,0.0,0.0
CHOC TRUFFLE GOLD TRINKET POT ,638.6199999999999,408,70,9.1,6.0,3.0,1.4049280553325514
CHOCOLATE 1 WICK MORRIS BOX CANDLE,589.9,362,50,25.5,6.0,1.0,4.143646408839778
CHOCOLATE 3 WICK MORRIS BOX CANDLE,1062.57,620,71,0.0,0.0,0.0,0.0
CHOCOLATE BOX RIBBONS ,2275.61,1721,309,17.5,14.0,2.0,0.7631557142919441
CHOCOLATE CALCULATOR,1790.1,954,198,41.25,25.0,1.0,2.252436727004669
CHOCOLATE HOT WATER BOTTLE,32826.58,6017,858,548.88,128.0,8.0,1.6445616030460704
CHOCOLATE THIS WAY METAL SIGN,7752.22,3771,468,54.60000000000001,26.0,3.0,0.6993884834029734
CHRISTMAS CARD SCREEN PRINT ,304.5,1238,64,0.0,0.0,0.0,0.0
CHRISTMAS CARD SINGING ANGEL,168.33,399,39,5.04,12.0,1.0,2.9070773490223223
CHRISTMAS CARD STACK OF PRESENTS,196.44,816,36,0.0,0.0,0.0,0.0
CHRISTMAS CRAFT HEART STOCKING ,63.0,30,1,0.0,0.0,0.0,0.0
CHRISTMAS CRAFT LITTLE FRIENDS,9662.28,4073,544,92.4,44.0,3.0,0.9472376336281662
CHRISTMAS CRAFT TREE TOP ANGEL,6463.790000000001,2791,457,33.6,16.0,4.0,0.5171307247987268
CHRISTMAS CRAFT WHITE FAIRY ,4946.19,3247,377,15.95,11.0,2.0,0.3214338974716554
CHRISTMAS DECOUPAGE CANDLE,821.98,1845,76,25.919999999999998,36.0,1.0,3.0569642646538506
"CHRISTMAS GARLAND STARS,TREES",637.83,180,48,0.0,0.0,0.0,0.0
CHRISTMAS GINGHAM HEART,605.8,649,54,103.67999999999999,144.0,1.0,14.613519760951684
CHRISTMAS GINGHAM STAR,2085.64,2263,198,103.67999999999999,144.0,1.0,4.735717026291269
CHRISTMAS GINGHAM TREE,1905.7699999999998,2006,196,0.85,1.0,1.0,0.044581510736276767
CHRISTMAS HANGING HEART WITH BELL,307.59999999999997,231,26,0.0,0.0,0.0,0.0
CHRISTMAS HANGING SNOWFLAKE,430.86,490,48,0.0,0.0,0.0,0.0
CHRISTMAS HANGING STAR WITH BELL,2981.8399999999997,5840,252,73.75,59.0,2.0,2.413609155678609
CHRISTMAS HANGING TREE WITH BELL,1117.92,1964,117,0.0,0.0,0.0,0.0
CHRISTMAS LIGHTS 10 REINDEER,13795.92,1670,311,429.25,51.0,20.0,3.0175386304697938
CHRISTMAS LIGHTS 10 SANTAS ,4460.54,608,152,604.35,76.0,12.0,11.932144627030398
CHRISTMAS LIGHTS 10 VINTAGE BAUBLES,6755.47,1355,209,165.5,34.0,11.0,2.391283302774033
CHRISTMAS METAL POSTCARD WITH BELLS,1843.64,3375,111,5.93,13.0,2.0,0.32061506187924754
CHRISTMAS METAL TAGS ASSORTED ,3008.92,2991,172,200.57999999999998,258.0,5.0,6.249571584358934
CHRISTMAS MUSICAL ZINC HEART ,67.89999999999999,58,10,0.0,0.0,0.0,0.0
CHRISTMAS MUSICAL ZINC STAR,967.7599999999999,1953,123,20.4,24.0,1.0,2.064443005181347
CHRISTMAS MUSICAL ZINC TREE,446.2,990,95,5.1,6.0,1.0,1.1300686904498116
CHRISTMAS PUDDING TRINKET POT ,3462.25,6729,241,22.02,22.0,8.0,0.6319831700757979
CHRISTMAS RETROSPOT ANGEL WOOD,2219.83,2479,200,3.4,4.0,3.0,0.15293064595206074
CHRISTMAS RETROSPOT HEART WOOD,137.59,139,27,0.0,0.0,0.0,0.0
CHRISTMAS RETROSPOT STAR WOOD,1543.2299999999998,1698,193,23.799999999999997,28.0,3.0,1.518796704594041
CHRISTMAS RETROSPOT TREE WOOD,1235.3799999999999,1387,171,11.049999999999999,13.0,2.0,0.8865319352069511
CHRISTMAS STAR WISH LIST CHALKBOARD,4110.42,3476,262,30.72,25.0,6.0,0.7418247149335689
CHRISTMAS TABLE CANDLE SILVER SPIKE,13.28,16,1,0.0,0.0,0.0,0.0
CHRISTMAS TABLE SILVER CANDLE SPIKE,1483.61,1715,103,0.0,0.0,0.0,0.0
CHRISTMAS TOILET ROLL,5078.76,3719,248,41.910000000000004,39.0,2.0,0.818447585960431
CHRISTMAS TREE DECORATION WITH BELL,530.26,1251,125,15.12,36.0,1.0,2.772378891781877
CHRISTMAS TREE HANGING GOLD,718.53,799,75,19.919999999999998,24.0,2.0,2.6975421490960794
CHRISTMAS TREE HANGING SILVER ,750.1899999999999,801,88,9.959999999999999,12.0,1.0,1.3102677103203315
CHRISTMAS TREE HEART DECORATION,919.14,2122,180,0.42,1.0,1.0,0.045674018008612816
CHRISTMAS TREE PAINTED ZINC ,683.3100000000001,2468,83,16.93,31.0,2.0,2.417742488289729
CHRISTMAS TREE STAR DECORATION,1016.02,2353,198,0.0,0.0,0.0,0.0
CHRISTMAS TREE T-LIGHT HOLDER,47.849999999999994,33,7,0.0,0.0,0.0,0.0
CHRYSANTHEMUM  JOURNAL,267.13,102,40,0.0,0.0,0.0,0.0
CHRYSANTHEMUM NOTEBOOK,282.48999999999995,169,80,0.0,0.0,0.0,0.0
CHRYSANTHEMUM POCKET BOOK ,54.4,64,20,0.0,0.0,0.0,0.0
CHRYSANTHEMUM SKETCHBOOK ,416.05,102,59,0.0,0.0,0.0,0.0
CHUNKY CRACKED GLAZE NECKLACE IVORY,43.510000000000005,4,4,0.0,0.0,0.0,0.0
CHUNKY SILVER NECKLACE PASTEL FLOWE,324.01,32,23,19.9,2.0,1.0,5.786397604024309
CINAMMON & ORANGE WREATH,672.88,104,34,47.25,7.0,2.0,6.561315318067572
CINAMMON SET OF 9 T-LIGHTS,782.5,871,154,9.35,11.0,1.0,1.180779187977521
CINDERELLA CHANDELIER ,3717.56,221,23,1514.05,71.0,10.0,28.940421782204712
CINNAMON SCENTED VOTIVE CANDLE,333.2,1288,39,0.0,0.0,0.0,0.0
CIRCUS PARADE BABY GIFT SET,4879.599999999999,315,111,50.849999999999994,3.0,2.0,1.031346023182468
CIRCUS PARADE CHILDRENS EGG CUP ,1389.01,1066,143,46.25,37.0,2.0,3.2224126639075847
CIRCUS PARADE LUNCH BOX ,7199.57,3677,396,64.35,33.0,5.0,0.8858853071069064
CITRONELLA CANDLE FLOWERPOT,1817.74,786,157,32.35,16.0,5.0,1.7485635833932405
CITRONELLA CANDLE GARDEN POT,3010.65,1651,225,25.0,20.0,5.0,0.8235468515803864
CITRUS GARLAND FELT FLOWERS ,117.0,60,14,0.0,0.0,0.0,0.0
CLAM SHELL LARGE,18.75,5,4,0.0,0.0,0.0,0.0
CLAM SHELL SMALL ,446.02000000000004,219,46,0.0,0.0,0.0,0.0
CLASSIC BICYCLE CLIPS ,2372.68,1640,99,0.0,0.0,0.0,0.0
CLASSIC CAFE SUGAR DISPENSER,4311.35,3075,325,65.61,54.0,18.0,1.498985597309548
CLASSIC CHROME BICYCLE BELL ,3578.62,2498,193,17.4,12.0,1.0,0.48386827659467957
CLASSIC CROME BICYCLE BELL ,77.4,60,2,0.0,0.0,0.0,0.0
CLASSIC DIAMANTE EARRINGS JET,40.900000000000006,14,9,17.700000000000003,6.0,1.0,30.204778156996586
CLASSIC DIAMANTE NECKLACE JET,22.48,3,2,7.5,1.0,1.0,25.01667778519013
CLASSIC FRENCH STYLE BASKET BROWN,1296.6100000000001,304,74,0.0,0.0,0.0,0.0
CLASSIC FRENCH STYLE BASKET GREEN ,1497.72,344,76,57.95,9.0,2.0,3.7250830831731667
CLASSIC FRENCH STYLE BASKET NATURAL,2213.42,522,106,11.850000000000001,3.0,2.0,0.5325196493009837
CLASSIC GLASS COOKIE JAR,6183.39,1437,300,379.15000000000003,93.0,34.0,5.777488594355235
CLASSIC GLASS SWEET JAR,479.45000000000005,119,14,0.0,0.0,0.0,0.0
CLASSIC METAL BIRDCAGE PLANT HOLDER,11300.02,975,290,298.2,28.0,7.0,2.5710841836074843
CLASSIC SUGAR DISPENSER,247.32,216,12,0.0,0.0,0.0,0.0
CLASSIC WHITE FRAME,168.16000000000003,56,16,0.0,0.0,0.0,0.0
CLASSICAL ROSE CANDLESTAND,162.20000000000002,194,12,0.0,0.0,0.0,0.0
CLASSICAL ROSE SMALL VASE,247.04,142,13,5.05,3.0,2.0,2.003252806537348
CLASSICAL ROSE TABLE LAMP,55.7,6,2,0.0,0.0,0.0,0.0
CLEAR ACRYLIC FACETED BANGLE,61.56,41,7,0.0,0.0,0.0,0.0
CLEAR CRYSTAL STAR PHONE CHARM,28.569999999999997,52,10,0.0,0.0,0.0,0.0
CLEAR DRAWER KNOB ACRYLIC EDWARDIAN,8930.44,6539,441,37.5,30.0,4.0,0.4181562320889747
CLEAR LOVE BIRD T-LIGHT HOLDER,264.46999999999997,92,26,0.0,0.0,0.0,0.0
CLEAR MILKSHAKE GLASS,75.60000000000001,36,5,6.6,4.0,1.0,8.02919708029197
CLEAR STATIONERY BOX SET ,69.89999999999999,84,17,0.0,0.0,0.0,0.0
CLOCK MAGNET MUM'S KITCHEN,930.48,324,53,0.0,0.0,0.0,0.0
CLOTHES PEGS RETROSPOT PACK 24 ,13325.869999999999,8676,772,66.58,42.0,11.0,0.4971457798983756
COCKLE SHELL DISH,629.8000000000001,340,68,2.1,1.0,1.0,0.332331065041937
COCKTAIL SWORDS 50 PIECES,759.5699999999999,935,95,4.9799999999999995,6.0,2.0,0.6513635471846184
COFFEE MUG APPLES DESIGN,6338.25,2816,261,171.15,74.0,10.0,2.6292745875195873
COFFEE MUG BLUE PAISLEY DESIGN,1352.88,761,61,0.0,0.0,0.0,0.0
COFFEE MUG CAT + BIRD DESIGN,4980.83,2205,252,59.4,24.0,11.0,1.1785176470121403
COFFEE MUG DOG + BALL DESIGN,3409.21,1528,196,33.15,13.0,5.0,0.9630021264481344
COFFEE MUG PEARS  DESIGN,5134.29,2329,212,30.6,12.0,3.0,0.5924617949269007
COFFEE MUG PINK PAISLEY DESIGN,1604.58,693,51,2.55,1.0,1.0,0.15866793601015475
COFFEE SCENT PILLAR CANDLE,335.78999999999996,324,61,0.0,0.0,0.0,0.0
COLOUR GLASS T-LIGHT HOLDER HANGING,10487.050000000001,16401,621,44.85,69.0,12.0,0.425849087059315
COLOUR GLASS. STAR T-LIGHT HOLDER,17069.7,5736,264,3246.16,1174.0,24.0,15.97845230278216
COLOURED GLASS STAR T-LIGHT HOLDER,3580.96,1012,52,197.46000000000004,54.0,7.0,5.2259939339724015
COLOURFUL FLOWER FRUIT BOWL,52.2,17,12,0.0,0.0,0.0,0.0
COLOURING PENCILS BROWN TUBE,3744.49,5085,331,5.45,11.0,2.0,0.1453356587038726
COLUMBIAN  CUBE CANDLE ,58.62,105,11,0.0,0.0,0.0,0.0
COLUMBIAN CANDLE RECTANGLE,299.90999999999997,181,29,0.0,0.0,0.0,0.0
COLUMBIAN CANDLE ROUND,285.39,412,51,0.0,0.0,0.0,0.0
COLUMBIAN CANDLE ROUND ,210.61,169,30,0.0,0.0,0.0,0.0
COLUMBIAN CUBE CANDLE,54.599999999999994,28,12,0.0,0.0,0.0,0.0
CONDIMENT TRAY 4 BOWLS AND 4 SPOONS,399.02,37,26,0.0,0.0,0.0,0.0
CONGRATULATIONS BUNTING,70.85000000000001,13,3,0.0,0.0,0.0,0.0
COOK WITH WINE METAL SIGN ,20874.440000000002,10324,723,161.1,87.0,11.0,0.7658467526861682
COOKING SET RETROSPOT,671.53,69,28,174.18,20.0,3.0,20.59571247827269
COPPER AND BRASS BAG CHARM,24.810000000000002,4,2,0.0,0.0,0.0,0.0
COPPER/OLIVE GREEN FLOWER NECKLACE,129.85,21,14,0.0,0.0,0.0,0.0
CORDIAL GLASS JUG,288.88,34,16,57.75,7.0,3.0,16.660416005539048
CORDIAL JUG,49.5,6,2,0.0,0.0,0.0,0.0
CORONA MEXICAN TRAY,719.69,172,38,0.0,0.0,0.0,0.0
COSMETIC BAG VINTAGE ROSE PAISLEY,897.74,417,100,0.0,0.0,0.0,0.0
COSY HOUR CIGAR BOX MATCHES ,1996.1399999999999,1374,146,67.5,54.0,2.0,3.270919346397628
COSY HOUR GIANT TUBE MATCHES,475.65,195,26,0.0,0.0,0.0,0.0
COSY SLIPPER SHOES LARGE GREEN,480.1700000000001,147,40,0.0,0.0,0.0,0.0
COSY SLIPPER SHOES SMALL  RED ,144.58,46,21,0.0,0.0,0.0,0.0
COSY SLIPPER SHOES SMALL GREEN,703.08,254,111,0.0,0.0,0.0,0.0
COTE D'AZURE NECKLACE,29.790000000000003,6,5,0.0,0.0,0.0,0.0
COTTON APRON PANTRY DESIGN,2917.4300000000003,633,164,553.6999999999999,126.0,11.0,15.951577728290209
COUNTRY COTTAGE  DOORSTOP GREEN,8.47,1,1,0.0,0.0,0.0,0.0
COWBOYS AND INDIANS BIRTHDAY CARD ,1572.28,3741,274,0.0,0.0,0.0,0.0
CRACKED GLAZE EARRINGS BROWN,12.53,5,5,0.0,0.0,0.0,0.0
CRACKED GLAZE EARRINGS IVORY,9.99,4,4,0.0,0.0,0.0,0.0
CRACKED GLAZE EARRINGS RED,22.58,9,9,0.0,0.0,0.0,0.0
CRACKED GLAZE NECKLACE BROWN,14.14,2,2,0.0,0.0,0.0,0.0
CRACKED GLAZE NECKLACE IVORY,55.72,8,4,13.9,2.0,1.0,19.965527147371446
CRACKED GLAZE NECKLACE RED,70.16,10,7,0.0,0.0,0.0,0.0
CRAZY DAISY HEART DECORATION,468.39,464,149,1.25,1.0,1.0,0.26616131504982543
CREAM AND PINK FLOWERS PONY ,41.25,11,5,0.0,0.0,0.0,0.0
CREAM BUNNY EASTER EGG BASKET,41.24999999999999,25,3,0.0,0.0,0.0,0.0
CREAM CLIMBING HYDRANGA ART FLOWER,60.0,32,4,0.0,0.0,0.0,0.0
CREAM CUPID HEARTS COAT HANGER,7653.17,2015,284,162.5,42.0,6.0,2.0791563615147517
CREAM DELPHINIUM ARTIFICIAL FLOWER,180.58,70,8,0.0,0.0,0.0,0.0
CREAM FELT EASTER EGG BASKET,1568.9299999999998,974,114,0.0,0.0,0.0,0.0
CREAM HANGING HEART T-LIGHT HOLDER,178.51000000000002,61,9,0.0,0.0,0.0,0.0
CREAM HEART CARD HOLDER,23435.82,8284,524,31.6,8.0,5.0,0.1346547681849986
CREAM SLICE FLANNEL CHOCOLATE SPOT ,702.51,237,53,0.0,0.0,0.0,0.0
CREAM SLICE FLANNEL PINK SPOT ,2492.71,901,97,0.0,0.0,0.0,0.0
CREAM SWEETHEART EGG HOLDER,3708.52,767,161,14.850000000000001,3.0,3.0,0.39883224068518575
CREAM SWEETHEART LETTER RACK,976.25,215,30,9.3,2.0,2.0,0.9436355334584751
CREAM SWEETHEART MINI CHEST,22594.2,1784,519,460.8,42.0,25.0,1.9986987638256344
CREAM SWEETHEART WALL CABINET,126.64999999999999,7,5,0.0,0.0,0.0,0.0
CREAM WALL PLANTER HEART SHAPED,2582.75,433,158,11.9,2.0,2.0,0.4586360395429056
CROCHET BEAR RED/BLUE  KEYRING,36.3,22,4,0.0,0.0,0.0,0.0
CROCHET DOG KEYRING,21.449999999999996,13,2,0.0,0.0,0.0,0.0
CROCHET LILAC/RED BEAR KEYRING,1.65,1,1,0.0,0.0,0.0,0.0
CROCHET ROSE DES CLOTHES HANGER,14.750000000000002,5,1,0.0,0.0,0.0,0.0
CROCHET ROSE PURSE WITH SUEDE BACK,241.24000000000004,76,22,0.0,0.0,0.0,0.0
CROCHET WHITE RABBIT KEYRING ,69.38,38,7,0.0,0.0,0.0,0.0
CRYSTAL CHANDELIER T-LIGHT HOLDER,18.75,3,1,0.0,0.0,0.0,0.0
CRYSTAL CZECH CROSS PHONE CHARM,23.47,25,9,0.0,0.0,0.0,0.0
CRYSTAL DIAMANTE EXPANDABLE RING,148.63,35,11,0.0,0.0,0.0,0.0
CRYSTAL DIAMANTE STAR BROOCH,224.73000000000002,45,31,0.0,0.0,0.0,0.0
CRYSTAL FROG PHONE CHARM,77.78999999999999,102,28,0.0,0.0,0.0,0.0
CRYSTAL HOOP EARRING FLORAL LEAF,64.58,22,15,0.0,0.0,0.0,0.0
CRYSTAL PAIR HEART HAIR SLIDES,112.26,30,16,15.0,4.0,1.0,11.786892975011787
CRYSTAL SEA HORSE PHONE CHARM,61.459999999999994,107,25,0.0,0.0,0.0,0.0
CRYSTAL STILETTO PHONE CHARM,36.76,34,10,0.0,0.0,0.0,0.0
CRYSTAL STUD EARRINGS ASSORTED COL ,232.56,612,15,13.68,36.0,1.0,5.555555555555555
CRYSTAL STUD EARRINGS CLEAR DISPLAY,123.12,324,7,13.68,36.0,1.0,10.0
CUBIC MUG FLOCK BLUE ON BROWN,78.09,131,21,0.0,0.0,0.0,0.0
CUBIC MUG FLOCK PINK ON BROWN,142.23,163,32,0.0,0.0,0.0,0.0
CUBIC MUG PINK POLKADOT,349.35,494,47,0.0,0.0,0.0,0.0
CUPBOARD 3 DRAWER MA CAMPAGNE,2786.0299999999997,171,112,244.9,18.0,7.0,8.080028242156699
CUPCAKE LACE PAPER SET 6,4488.63,2367,186,117.0,60.0,4.0,2.540369070029507
CUPID DESIGN SCENTED CANDLES,509.07,225,43,0.0,0.0,0.0,0.0
CUPID SCENTED CANDLE IN GLASS,18.15,11,4,0.0,0.0,0.0,0.0
CURIO CABINET LINEN AND LACE ,290.1,36,18,8.15,1.0,1.0,2.732606873428332
CURIOUS  IMAGES NOTEBOOK SET,270.72,182,11,51.0,12.0,1.0,15.852293920179036
CURIOUS IMAGES GIFT WRAP SET,718.5400000000001,683,140,7.800000000000001,12.0,1.0,1.0738772475700087
CURIOUS IMAGES SCRAP BOOK SET,14.850000000000001,3,1,0.0,0.0,0.0,0.0
CUSHION COVER PINK UNION JACK,764.63,123,47,0.0,0.0,0.0,0.0
CUT GLASS HEXAGON T-LIGHT HOLDER,1142.31,649,20,0.0,0.0,0.0,0.0
CUT GLASS T-LIGHT HOLDER OCTAGON,541.39,249,27,0.0,0.0,0.0,0.0
CUTE BIRD CEATURE SCREEN,8.58,22,2,0.0,0.0,0.0,0.0
CUTE CATS TAPE,383.11,1102,79,0.0,0.0,0.0,0.0
CUTE RABBIT CEATURE SCREEN ,4.29,11,2,0.0,0.0,0.0,0.0
DAIRY MAID  PUDDING BOWL,18.75,5,2,0.0,0.0,0.0,0.0
DAIRY MAID LARGE MILK JUG,1879.18,370,155,64.35,13.0,8.0,3.3109856806944062
DAIRY MAID STRIPE MUG,1720.3000000000002,1906,82,75.64,52.0,8.0,4.211721995166876
DAIRY MAID TOASTRACK,769.57,777,104,48.190000000000005,61.0,8.0,5.892927020152612
DAIRY MAID TRADITIONAL TEAPOT ,1557.57,215,111,93.3,14.0,10.0,5.651565538170783
DAISIES  HONEYCOMB GARLAND ,868.4399999999999,499,85,0.0,0.0,0.0,0.0
DAISY FOLKART HEART DECORATION,120.0,96,16,0.0,0.0,0.0,0.0
DAISY GARDEN MARKER,1658.57,1139,98,0.0,0.0,0.0,0.0
DAISY HAIR BAND,140.32999999999998,85,37,19.799999999999997,12.0,1.0,12.364953475301316
DAISY HAIR COMB,47.839999999999996,19,11,15.299999999999999,6.0,1.0,24.23186569528033
DAISY JOURNAL ,217.55999999999997,80,34,0.0,0.0,0.0,0.0
DAISY NOTEBOOK ,233.54,134,63,0.0,0.0,0.0,0.0
DAISY SKETCHBOOK ,205.04,73,27,0.0,0.0,0.0,0.0
DANISH ROSE BEDSIDE CABINET,519.35,13,10,239.70000000000002,6.0,5.0,31.57894736842105
DANISH ROSE DECORATIVE PLATE,710.64,951,55,77.7,37.0,6.0,9.856153436334576
DANISH ROSE DELUXE COASTER,407.15,935,40,10.2,12.0,1.0,2.4439918533604885
DANISH ROSE FOLDING CHAIR,890.4000000000001,112,25,0.0,0.0,0.0,0.0
DANISH ROSE PHOTO FRAME,1460.81,1423,99,101.45,95.0,7.0,6.493797447287903
DANISH ROSE ROUND SEWING BOX,951.79,811,62,17.0,4.0,2.0,1.7547662548127045
DANISH ROSE TRINKET TRAYS,483.05,259,31,23.8,4.0,1.0,4.695669330176581
DANISH ROSE UMBRELLA STAND,31.9,2,2,0.0,0.0,0.0,0.0
DARK BIRD HOUSE TREE DECORATION,589.55,1483,142,1.16,4.0,1.0,0.1963738551912106
DECORATION  BUTTERFLY  MAGIC GARDEN,730.9499999999999,819,147,3.4,4.0,1.0,0.46299448491863554
DECORATION  PINK CHICK MAGIC GARDEN,525.09,593,109,17.0,20.0,2.0,3.136010625541884
"DECORATION , WOBBLY CHICKEN, METAL ",397.71999999999997,234,35,0.0,0.0,0.0,0.0
"DECORATION , WOBBLY RABBIT , METAL ",518.03,293,48,0.0,0.0,0.0,0.0
"DECORATION HEN ON NEST, HANGING",74.42999999999999,42,6,0.0,0.0,0.0,0.0
DECORATION SITTING BUNNY,349.54,1480,83,7.41,39.0,1.0,2.075920997338563
DECORATION WHITE CHICK MAGIC GARDEN,812.86,928,145,3.4,4.0,1.0,0.4165339475167226
DECORATION WOBBLY CHICKEN,319.14,560,45,4.68,12.0,1.0,1.4452473596442468
DECORATION WOBBLY RABBIT METAL ,504.46,830,67,0.0,0.0,0.0,0.0
DECORATIVE CATS BATHROOM BOTTLE,1152.4,1095,186,1.25,1.0,1.0,0.10835175313136565
DECORATIVE FLORE BATHROOM BOTTLE,716.86,515,139,3.75,3.0,1.0,0.5203924452894076
DECORATIVE HANGING SHELVING UNIT,359.70000000000005,6,5,59.95,1.0,1.0,14.285714285714285
DECORATIVE PLANT POT WITH FRIEZE,584.37,73,28,13.5,2.0,1.0,2.258015956646094
DECORATIVE ROSE BATHROOM BOTTLE,1154.17,1170,163,0.0,0.0,0.0,0.0
DECORATIVE VINTAGE COFFEE  BOX,277.0,52,22,0.0,0.0,0.0,0.0
DECORATIVE WICKER HEART LARGE,3038.1899999999996,1767,233,4.949999999999999,3.0,1.0,0.16266093574400126
DECORATIVE WICKER HEART MEDIUM,2286.97,1794,216,7.5,6.0,1.0,0.3268728726023875
DECORATIVE WICKER HEART SMALL,1062.28,1596,109,0.0,0.0,0.0,0.0
"DECOUPAGE,GREETING CARD,",158.63,357,32,0.0,0.0,0.0,0.0
DECROTIVEVINTAGE COFFEE GRINDER BOX,71.08,12,6,0.0,0.0,0.0,0.0
DELUXE SEWING KIT ,9893.0,1411,328,193.35000000000002,33.0,14.0,1.9169471612624986
DENIM PATCH PURSE PINK BUTTERFLY,357.28999999999996,216,61,16.5,10.0,1.0,4.414243291687846
DIAMANTE BOW BROOCH BLACK COLOUR,58.03,9,5,0.0,0.0,0.0,0.0
DIAMANTE BOW BROOCH GREEN COLOUR,193.2,30,18,0.0,0.0,0.0,0.0
DIAMANTE BOW BROOCH RED COLOUR,158.75,25,10,0.0,0.0,0.0,0.0
DIAMANTE HAIR GRIP PACK/2 BLACK DIA,26.52,16,10,9.899999999999999,6.0,1.0,27.1828665568369
DIAMANTE HAIR GRIP PACK/2 CRYSTAL,74.53,45,27,9.899999999999999,6.0,1.0,11.725689920644317
DIAMANTE HAIR GRIP PACK/2 LT ROSE,34.69,21,14,9.899999999999999,6.0,1.0,22.202287508409956
DIAMANTE HAIR GRIP PACK/2 MONTANA,24.79,15,10,9.899999999999999,6.0,1.0,28.538483712885554
DIAMANTE HAIR GRIP PACK/2 PERIDOT,41.449999999999996,25,19,9.899999999999999,6.0,1.0,19.279454722492698
DIAMANTE HAIR GRIP PACK/2 RUBY,41.37,25,15,9.899999999999999,6.0,1.0,19.30953774136922
"DIAMANTE HEART SHAPED WALL MIRROR, ",3328.2,415,146,12.75,1.0,1.0,0.38162798006555027
DIAMANTE NECKLACE,23.32,3,2,0.0,0.0,0.0,0.0
DIAMANTE NECKLACE BLACK ,30.12,4,3,0.0,0.0,0.0,0.0
DIAMANTE NECKLACE GREEN,29.98,4,3,0.0,0.0,0.0,0.0
DIAMANTE NECKLACE PURPLE,52.5,7,4,7.5,1.0,1.0,12.5
DIAMANTE RING ASSORTED IN BOX.,1311.3600000000001,1008,22,0.0,0.0,0.0,0.0
DIAMOND LAS VEGAS NECKLACE 45CM,70.97,12,8,0.0,0.0,0.0,0.0
DINOSAUR HEIGHT CHART STICKER SET,568.98,182,46,0.0,0.0,0.0,0.0
DINOSAUR KEYRINGS ASSORTED,1460.74,6765,177,22.68,108.0,1.0,1.5288994350891858
DINOSAUR LUNCH BOX WITH CUTLERY,3127.38,1281,213,5.1,2.0,2.0,0.16281029727244864
DINOSAUR PARTY BAG + STICKER SET,1160.7099999999998,707,101,0.0,0.0,0.0,0.0
DINOSAURS  WRITING SET ,1723.6899999999998,941,287,0.0,0.0,0.0,0.0
DISCO BALL CHRISTMAS DECORATION,1501.4,12883,215,0.0,0.0,0.0,0.0
DISCO BALL ROTATOR BATTERY OPERATED,1055.25,249,105,38.25,9.0,4.0,3.4979423868312756
DO NOT TOUCH MY STUFF DOOR HANGER ,680.55,1196,127,1.25,1.0,1.0,0.1833382223525961
DOCTOR'S BAG SOFT TOY,1765.3999999999999,184,72,17.9,2.0,2.0,1.0037570795715807
DOG AND BALL WALL ART,425.87999999999994,252,4,0.0,0.0,0.0,0.0
DOG BOWL CHASING BALL DESIGN,5381.5199999999995,1366,131,48.75,13.0,2.0,0.8977454159737915
DOG BOWL VINTAGE CREAM,1757.8799999999999,390,125,21.25,5.0,2.0,1.194404006452592
DOG LICENCE WALL ART,2081.64,408,29,0.0,0.0,0.0,0.0
DOG TOY WITH PINK CROCHET SKIRT,709.71,187,90,0.0,0.0,0.0,0.0
DOGGY RUBBER,40.32,192,29,0.0,0.0,0.0,0.0
DOILEY BISCUIT TIN,327.6,120,13,0.0,0.0,0.0,0.0
DOILEY STORAGE TIN,3004.46,1094,122,14.450000000000001,5.0,5.0,0.4786495788214952
DOILY THANK YOU CARD,313.24,741,57,0.0,0.0,0.0,0.0
DOLLCRAFT BOY JEAN-PAUL ,373.9,82,12,0.0,0.0,0.0,0.0
DOLLCRAFT GIRL AMELIE,178.2,36,8,0.0,0.0,0.0,0.0
DOLLCRAFT GIRL AMELIE KIT,294.7,66,8,0.0,0.0,0.0,0.0
DOLLCRAFT GIRL NICOLE,336.6,68,12,0.0,0.0,0.0,0.0
DOLLY CABINET 2 DRAWERS ,412.5,33,19,37.5,3.0,2.0,8.333333333333332
DOLLY CABINET 3 DRAWERS ,762.4499999999999,51,30,74.75,5.0,4.0,8.928571428571429
DOLLY GIRL BABY GIFT SET,6719.61,433,133,118.65,7.0,4.0,1.7350905054794645
DOLLY GIRL CHILDRENS BOWL,2013.7,1622,191,15.0,12.0,4.0,0.7393897569872332
DOLLY GIRL CHILDRENS CUP,2059.03,1634,195,12.5,10.0,3.0,0.6034187291518829
DOLLY GIRL CHILDRENS EGG CUP,1252.61,950,135,1.25,1.0,1.0,0.09969215063882732
DOLLY GIRL LUNCH BOX,21609.789999999997,11780,850,478.6499999999999,275.0,10.0,2.166970596384353
DOLLY GIRL MINI BACKPACK,2992.3900000000003,739,161,4.15,1.0,1.0,0.1384930619981712
DOLLY GIRL MINI RUCKSACK,33.2,8,2,0.0,0.0,0.0,0.0
DOLLY GIRL WALL ART,1055.94,318,11,0.0,0.0,0.0,0.0
DOLLY HONEYCOMB GARLAND,485.46,474,25,0.0,0.0,0.0,0.0
DOLLY MIXTURE CHILDREN'S UMBRELLA,922.67,267,77,0.0,0.0,0.0,0.0
DOLPHIN WINDMILL,2.12,1,1,0.0,0.0,0.0,0.0
DONKEY TAIL GAME ,189.54000000000002,54,4,0.0,0.0,0.0,0.0
DOOR HANGER  MUM + DADS ROOM,330.71999999999997,205,66,1.45,1.0,1.0,0.4365234668994792
DOORKNOB CERAMIC IVORY,52.199999999999996,36,1,0.0,0.0,0.0,0.0
DOORKNOB CRACKED GLAZE BLUE,238.49999999999997,162,3,0.0,0.0,0.0,0.0
DOORKNOB CRACKED GLAZE GREEN,19.799999999999997,12,2,0.0,0.0,0.0,0.0
DOORKNOB CRACKED GLAZE IVORY,258.29999999999995,174,5,0.0,0.0,0.0,0.0
DOORKNOB CRACKED GLAZE PINK,19.799999999999997,12,2,0.0,0.0,0.0,0.0
DOORMAT 3 SMILEY CATS,7708.48,1172,233,15.9,2.0,1.0,0.20584176335188067
DOORMAT AIRMAIL ,6034.9,800,220,194.07000000000002,27.0,3.0,3.1156033822606313
DOORMAT BLACK FLOCK ,10253.61,1814,195,40.95,5.0,3.0,0.3977829067002378
DOORMAT CHRISTMAS VILLAGE,3354.22,590,52,0.0,0.0,0.0,0.0
DOORMAT ENGLISH ROSE ,14300.15,2035,407,47.7,6.0,3.0,0.33245399136455983
DOORMAT FAIRY CAKE,23872.91,3615,365,4554.9,674.0,3.0,16.022690456985604
DOORMAT FANCY FONT HOME SWEET HOME,21593.74,3245,502,40.05,5.0,3.0,0.18512706280314264
DOORMAT FRIENDSHIP ,451.10999999999996,27,17,0.0,0.0,0.0,0.0
DOORMAT HEARTS,22114.42,3416,592,23.85,3.0,2.0,0.10773199531851406
DOORMAT HOME SWEET HOME BLUE ,9943.7,1619,285,48.3,6.0,4.0,0.48338670936749395
DOORMAT I LOVE LONDON,2678.96,364,102,0.0,0.0,0.0,0.0
DOORMAT KEEP CALM AND COME IN,38133.64,5487,728,1601.25,225.0,7.0,4.02983373050737
DOORMAT MERRY CHRISTMAS RED ,5176.25,673,146,354.0,52.0,2.0,6.401157271371096
DOORMAT MULTICOLOUR STRIPE,9080.68,1491,201,24.15,3.0,2.0,0.2652438321198748
DOORMAT NEIGHBOURHOOD WITCH ,2038.39,279,95,16.2,2.0,2.0,0.7884784798913651
DOORMAT NEW ENGLAND,24108.39,3807,600,31.8,4.0,2.0,0.13173052904720303
DOORMAT PEACE ON EARTH BLUE,3519.6600000000003,705,32,0.0,0.0,0.0,0.0
DOORMAT RED RETROSPOT,28049.54,4088,696,461.22,66.0,7.0,1.6177050348710451
DOORMAT RESPECTABLE HOUSE,5754.03,789,179,15.9,2.0,1.0,0.2755666013279191
DOORMAT SPOTTY HOME SWEET HOME,13572.06,1752,480,48.9,6.0,3.0,0.3590055326496811
DOORMAT TOPIARY,6009.84,904,205,159.15,23.0,4.0,2.579838839096838
DOORMAT UNION FLAG,25534.15,3751,616,97.5,12.0,7.0,0.3803890892704917
DOORMAT UNION JACK GUNS AND ROSES,7580.82,1228,206,0.0,0.0,0.0,0.0
DOORMAT VINTAGE LEAF,4122.2,564,142,57.45,7.0,2.0,1.3745170050123816
DOORMAT VINTAGE LEAVES DESIGN ,2881.18,430,91,0.0,0.0,0.0,0.0
DOORMAT WELCOME PUPPIES,12107.02,2064,287,40.05,5.0,3.0,0.32970913973493193
DOORMAT WELCOME SUNRISE,2678.77,371,120,24.15,3.0,2.0,0.8934781643555857
DOORMAT WELCOME TO OUR HOME,11539.06,1522,443,23.85,3.0,2.0,0.2062629562973335
DOORSTOP FOOTBALL DESIGN,539.9,152,67,0.0,0.0,0.0,0.0
DOORSTOP RACING CAR DESIGN,269.71,122,37,0.0,0.0,0.0,0.0
DOORSTOP RETROSPOT HEART,6525.88,1594,296,82.5,22.0,4.0,1.2484148913954707
DOTCOMGIFTSHOP TEA TOWEL,23.089999999999996,13,2,0.0,0.0,0.0,0.0
DOUBLE CERAMIC PARLOUR HOOK,91.30000000000001,22,5,0.0,0.0,0.0,0.0
DOUGHNUT LIP GLOSS ,13695.77,10395,344,75.0,60.0,3.0,0.544631854282658
DOVE DECORATION PAINTED ZINC ,754.0300000000001,2381,79,14.950000000000001,23.0,1.0,1.9441337876147622
DRAGONS BLOOD INCENSE,104.44,423,39,0.0,0.0,0.0,0.0
DRAWER KNOB CERAMIC BLACK,1448.6699999999998,979,88,8.7,6.0,1.0,0.5969657671010108
DRAWER KNOB CERAMIC IVORY,3147.79,2155,190,13.049999999999999,9.0,2.0,0.4128649346376279
DRAWER KNOB CERAMIC RED,1058.8999999999999,714,74,0.0,0.0,0.0,0.0
DRAWER KNOB CRACKLE GLAZE BLUE,2138.6299999999997,1207,134,11.55,7.0,3.0,0.5371643304281503
DRAWER KNOB CRACKLE GLAZE GREEN,2284.12,1340,154,46.199999999999996,28.0,8.0,1.9825603350612793
DRAWER KNOB CRACKLE GLAZE IVORY,3595.3799999999997,2154,194,75.89999999999999,46.0,11.0,2.067398836373145
DRAWER KNOB CRACKLE GLAZE PINK,2132.4999999999995,1266,153,33.0,20.0,9.0,1.5238974832602175
DRAWER KNOB VINTAGE GLASS BALL,760.8000000000001,350,54,12.48,6.0,1.0,1.6139044072004967
DRAWER KNOB VINTAGE GLASS HEXAGON,627.95,295,30,0.0,0.0,0.0,0.0
DRAWER KNOB VINTAGE GLASS STAR,1198.96,556,62,29.12,14.0,2.0,2.3711810305517558
DROP DIAMANTE EARRINGS BLACK DIAMON,41.010000000000005,14,7,0.0,0.0,0.0,0.0
DROP DIAMANTE EARRINGS CRYSTAL,76.23,26,14,17.700000000000003,6.0,1.0,18.843819865857554
DROP DIAMANTE EARRINGS GREEN,41.080000000000005,14,9,17.700000000000003,6.0,1.0,30.11228308948622
DROP DIAMANTE EARRINGS PURPLE,73.53,25,14,17.700000000000003,6.0,1.0,19.401512660309113
DROP EARRINGS W FLOWER & LEAF,22.58,9,7,0.0,0.0,0.0,0.0
DUSTY PINK CHRISTMAS TREE 30CM,1.25,1,1,0.0,0.0,0.0,0.0
DUSTY PINK CHRISTMAS TREE 60CM,26.550000000000004,9,2,0.0,0.0,0.0,0.0
Dad's Cab Electronic Meter,16.94,2,2,0.0,0.0,0.0,0.0
Dotcomgiftshop Gift Voucher £10.00,74.97,9,8,0.0,0.0,0.0,0.0
Dotcomgiftshop Gift Voucher £100.00,83.33,1,1,0.0,0.0,0.0,0.0
Dotcomgiftshop Gift Voucher £20.00,167.05,10,9,0.0,0.0,0.0,0.0
Dotcomgiftshop Gift Voucher £30.00,175.53,7,7,0.0,0.0,0.0,0.0
Dotcomgiftshop Gift Voucher £40.00,100.69999999999999,3,3,0.0,0.0,0.0,0.0
Dotcomgiftshop Gift Voucher £50.00,167.56,4,4,0.0,0.0,0.0,0.0
Dr. Jam's Arouzer Stress Ball,8.34,2,2,0.0,0.0,0.0,0.0
EASTER BUNNY GARLAND OF FLOWERS,273.64,567,79,0.0,0.0,0.0,0.0
EASTER BUNNY HANGING GARLAND,133.23,68,23,1.25,1.0,1.0,0.9295062462819751
EASTER BUNNY WITH BASKET ON BACK,72.63,108,20,0.0,0.0,0.0,0.0
EASTER BUNNY WREATH,138.6,28,10,0.0,0.0,0.0,0.0
EASTER CRAFT 4 CHICKS ,3917.45,1933,186,29.25,15.0,2.0,0.7411254972508678
EASTER CRAFT IVY WREATH WITH CHICK,1.95,1,1,0.0,0.0,0.0,0.0
EASTER DECORATION EGG BUNNY ,673.17,836,83,0.0,0.0,0.0,0.0
EASTER DECORATION HANGING BUNNY,595.85,1887,92,0.0,0.0,0.0,0.0
EASTER DECORATION NATURAL CHICK,363.55,536,64,0.0,0.0,0.0,0.0
EASTER DECORATION SITTING BUNNY,452.79999999999995,529,75,0.85,1.0,1.0,0.1873691171608068
EASTER TIN BUCKET,946.93,408,41,0.0,0.0,0.0,0.0
EASTER TIN BUNNY BOUQUET,2003.07,1203,158,52.8,32.0,6.0,2.568255774927403
EASTER TIN CHICKS IN GARDEN,522.93,305,50,0.0,0.0,0.0,0.0
EASTER TIN CHICKS PINK DAISY,1017.7699999999999,589,107,24.75,15.0,2.0,2.374055174001458
EASTER TIN KEEPSAKE,1860.7799999999997,1126,136,16.5,10.0,3.0,0.8789312196369217
EASTER TREE YELLOW BIRDS,929.44,131,63,0.0,0.0,0.0,0.0
EAU DE NIL LOVE BIRD CANDLE,452.86,429,46,15.0,12.0,1.0,3.2060872910699785
EAU DE NILE HEART SHAPE PHOTO FRAME,555.1199999999999,329,38,1.65,1.0,1.0,0.2963521741473141
EAU DE NILE JEWELLED PHOTOFRAME,525.0,298,22,153.75000000000003,73.0,2.0,22.651933701657462
EAU DE NILE JEWELLED T-LIGHT HOLDER,70.27,79,11,0.0,0.0,0.0,0.0
ECONOMY HOLIDAY PURSE,41.53,30,17,0.0,0.0,0.0,0.0
ECONOMY LUGGAGE TAG,246.84,158,62,0.0,0.0,0.0,0.0
EDWARDIAN DROP EARRINGS JET BLACK,90.2,24,20,15.0,4.0,1.0,14.258555133079847
EDWARDIAN HEART PHOTO FRAME,709.5400000000001,160,44,0.0,0.0,0.0,0.0
EDWARDIAN PARASOL BLACK,16915.72,2931,383,652.5,130.0,5.0,3.7140928335369203
EDWARDIAN PARASOL NATURAL,23737.97,4077,540,337.45000000000005,57.0,7.0,1.4016370223240135
EDWARDIAN PARASOL PINK,4767.400000000001,809,170,58.2,10.0,4.0,1.2060676392572944
EDWARDIAN PARASOL RED,10021.42,1710,326,53.550000000000004,9.0,3.0,0.5315152303183037
EDWARDIAN PHOTO FRAME,556.21,88,32,0.0,0.0,0.0,0.0
EGG CUP HENRIETTA HEN CREAM ,787.52,630,48,1.25,1.0,1.0,0.15847458701522624
EGG CUP HENRIETTA HEN PINK,291.58,211,37,1.25,1.0,1.0,0.42686883174538126
EGG CUP MILKMAID HEIDI,1156.93,881,83,5.0,4.0,1.0,0.430318521769814
EGG CUP MILKMAID HELGA ,586.31,410,63,6.25,5.0,2.0,1.0547455110031052
EGG CUP MILKMAID INGRID,841.31,644,76,0.0,0.0,0.0,0.0
EGG CUP NATURAL CHICKEN,621.49,932,125,0.0,0.0,0.0,0.0
EGG FRYING PAN BLUE ,400.84000000000003,173,76,0.0,0.0,0.0,0.0
EGG FRYING PAN IVORY ,790.7800000000001,377,96,24.96,12.0,2.0,3.059798465197244
EGG FRYING PAN MINT ,388.75,180,69,0.0,0.0,0.0,0.0
EGG FRYING PAN PINK ,519.25,225,85,0.0,0.0,0.0,0.0
EGG FRYING PAN RED ,915.4000000000001,431,109,12.48,6.0,1.0,1.3450015088157952
EIGHT PIECE CREEPY CRAWLIE SET,7.5,6,3,0.0,0.0,0.0,0.0
EIGHT PIECE DINOSAUR SET,185.18,125,35,5.0,4.0,1.0,2.6290882322010725
EIGHT PIECE SNAKE  SET,435.79,330,84,0.0,0.0,0.0,0.0
ELEPHANT BIRTHDAY CARD ,474.78,1110,95,5.04,12.0,1.0,1.0503938977116418
ELEPHANT CARNIVAL POUFFE,1299.83,63,47,0.0,0.0,0.0,0.0
ELEPHANT CLIP W SUCTION CUP,6.72,16,4,0.0,0.0,0.0,0.0
"ELEPHANT, BIRTHDAY CARD, ",945.46,2210,167,5.04,12.0,1.0,0.5302472382956338
ELVIS WALLHANGING / CURTAIN,69.84,52,8,0.0,0.0,0.0,0.0
EMBOSSED GLASS TEALIGHT HOLDER,3273.5,2546,211,23.75,19.0,6.0,0.7202972173781181
EMBOSSED HEART TRINKET BOX,547.27,246,48,12.48,6.0,1.0,2.229566770879857
EMBROIDERED RIBBON REEL CLAIRE,792.31,224,24,0.0,0.0,0.0,0.0
EMBROIDERED RIBBON REEL DAISY ,1164.98,579,71,0.0,0.0,0.0,0.0
EMBROIDERED RIBBON REEL EMILY ,1252.01,571,98,10.4,5.0,1.0,0.8238211040787066
EMBROIDERED RIBBON REEL RACHEL ,980.41,361,44,17.34,6.0,1.0,1.7379102981708843
EMBROIDERED RIBBON REEL REBECCA ,996.38,334,63,0.0,0.0,0.0,0.0
EMBROIDERED RIBBON REEL ROSIE,975.24,500,57,0.0,0.0,0.0,0.0
EMBROIDERED RIBBON REEL RUBY ,600.55,167,32,0.0,0.0,0.0,0.0
EMBROIDERED RIBBON REEL SALLY ,977.39,478,74,12.48,6.0,1.0,1.2607716164748908
EMBROIDERED RIBBON REEL SOPHIE  ,1058.6,296,42,0.0,0.0,0.0,0.0
EMBROIDERED RIBBON REEL SUSIE ,1114.26,566,70,12.48,6.0,1.0,1.1076202140689069
EMERGENCY FIRST AID TIN ,1572.27,1088,245,50.0,40.0,7.0,3.0821010066141885
EMPIRE BIRTHDAY CARD,538.72,1206,146,5.04,12.0,1.0,0.9268795056642637
EMPIRE DESIGN ROSETTE,3606.4199999999996,4244,28,1.25,1.0,1.0,0.03464840187711182
EMPIRE GIFT WRAP,1373.5,3375,106,10.5,25.0,1.0,0.7586705202312138
EMPIRE TISSUE BOX,1030.1000000000001,1983,167,8.75,7.0,1.0,0.8422775184097799
EMPIRE UNION JACK TV DINNER TRAY,2839.21,880,125,39.6,8.0,1.0,1.3755683772114173
ENAMEL BLUE RIM BISCUIT BIN,530.49,103,44,0.0,0.0,0.0,0.0
ENAMEL BLUE RIM COFFEE CONTAINER,174.09,152,26,10.79,13.0,2.0,5.8362180874080485
ENAMEL BLUE RIM TEA CONTAINER,9.18,8,3,0.0,0.0,0.0,0.0
ENAMEL BOWL PANTRY,30.0,24,2,0.0,0.0,0.0,0.0
ENAMEL BREAD BIN CREAM,12358.33,873,454,342.6,28.0,17.0,2.697440266185232
ENAMEL COLANDER CREAM,2346.1200000000003,460,166,29.700000000000003,6.0,3.0,1.2500947041442534
ENAMEL DINNER PLATE PANTRY,19.799999999999997,12,1,0.0,0.0,0.0,0.0
ENAMEL FIRE BUCKET CREAM,1854.76,246,114,20.85,3.0,2.0,1.1116383469911124
ENAMEL FLOWER JUG CREAM,12647.26,2106,506,243.90000000000003,42.0,13.0,1.891994203779955
ENAMEL JUG PANTRY,30.0,8,2,0.0,0.0,0.0,0.0
ENAMEL MEASURING JUG CREAM,5507.18,1262,376,140.25,33.0,16.0,2.4834305161816967
ENAMEL MUG PANTRY,15.0,12,1,0.0,0.0,0.0,0.0
ENAMEL PINK COFFEE CONTAINER,640.0899999999999,633,75,0.0,0.0,0.0,0.0
ENAMEL PINK TEA CONTAINER,525.39,429,71,0.0,0.0,0.0,0.0
ENAMEL WASH BOWL CREAM,2855.21,742,208,45.0,12.0,4.0,1.5516117798366325
ENAMEL WATERING CAN CREAM,3241.34,617,195,99.0,20.0,7.0,2.9637701551339086
ENCHANTED BIRD COATHANGER 5 HOOK,3974.32,833,241,114.69,29.0,4.0,2.8048354002558074
ENCHANTED BIRD PLANT CAGE,640.72,186,48,0.0,0.0,0.0,0.0
ENGLISH ROSE GARDEN SECATEURS,2048.66,2018,212,9.48,12.0,1.0,0.46061006539885535
ENGLISH ROSE HOT WATER BOTTLE,7292.45,1605,375,12.75,3.0,2.0,0.17453320922082902
ENGLISH ROSE METAL WASTE BIN,59.0,20,11,0.0,0.0,0.0,0.0
ENGLISH ROSE NOTEBOOK A6 SIZE,186.56,399,21,0.0,0.0,0.0,0.0
ENGLISH ROSE NOTEBOOK A7 SIZE,1420.96,3152,345,13.44,32.0,1.0,0.9369771332961516
ENGLISH ROSE SCENTED HANGING FLOWER,665.2,548,114,1.5,2.0,1.0,0.22498875056247186
ENGLISH ROSE SCENTED HANGING HEART,17.0,4,2,0.0,0.0,0.0,0.0
ENGLISH ROSE SMALL SCENTED FLOWER,197.43,213,45,0.0,0.0,0.0,0.0
ENGLISH ROSE SPIRIT LEVEL ,964.38,978,118,5.0,4.0,1.0,0.5157936000330108
ENVELOPE 50 BLOSSOM IMAGES,600.29,1077,158,10.2,12.0,1.0,1.6707890383134856
ENVELOPE 50 CURIOUS IMAGES,26.17,49,10,0.0,0.0,0.0,0.0
ENVELOPE 50 ROMANTIC IMAGES,13.58,16,8,0.0,0.0,0.0,0.0
ESSENTIAL BALM 3.5g TIN IN ENVELOPE,395.61,5884,30,0.0,0.0,0.0,0.0
ETCHED GLASS COASTER,825.49,1618,71,0.0,0.0,0.0,0.0
ETCHED GLASS STAR TREE DECORATION,1.25,1,1,0.0,0.0,0.0,0.0
EUCALYPTUS & PINECONE  WREATH,1511.2600000000002,378,77,60.75,9.0,2.0,3.864479233592661
FAIRY CAKE BIRTHDAY CANDLE SET,1622.24,440,92,183.75,49.0,12.0,10.174474941721714
FAIRY CAKE DESIGN UMBRELLA,1832.42,454,134,3.75,1.0,1.0,0.20422945587826835
FAIRY CAKE FLANNEL ASSORTED COLOUR,18056.280000000002,10241,262,6591.420000000001,3150.0,3.0,26.742535814700762
FAIRY CAKE NOTEBOOK A5 SIZE,54.04,55,12,0.0,0.0,0.0,0.0
FAIRY CAKES NOTEBOOK A6 SIZE,850.2,1332,155,61.75,95.0,2.0,6.771204561653599
FAIRY CAKES NOTEBOOK A7 SIZE,892.19,2107,179,20.16,48.0,2.0,2.209678303282731
FAIRY DREAMS INCENSE ,313.31,1264,101,0.0,0.0,0.0,0.0
FAIRY SOAP SOAP HOLDER,478.83,266,76,1.69,1.0,1.0,0.3517023224839757
FAIRY TALE COTTAGE NIGHT LIGHT,1979.34,976,115,28.049999999999997,17.0,1.0,1.397336840374815
FAIRY TALE COTTAGE NIGHTLIGHT,3626.45,2093,94,7.8,4.0,2.0,0.21462475063630734
FAMILY ALBUM WHITE PICTURE FRAME,10345.76,1197,372,257.55,32.0,17.0,2.4289585044670017
FAMILY PHOTO FRAME CORNICE,8258.59,867,260,355.29999999999995,36.0,25.0,4.124733424736095
FAN BLACK FRAME ,41.47,143,12,0.0,0.0,0.0,0.0
"FANCY FONT BIRTHDAY CARD, ",2085.89,4922,323,5.04,12.0,1.0,0.24104106785019108
FANCY FONTS BIRTHDAY WRAP,3409.0,8550,230,0.0,0.0,0.0,0.0
FANNY'S REST STOPMETAL SIGN,1217.73,508,141,0.0,0.0,0.0,0.0
FAUX FUR CHOCOLATE THROW,1474.74,87,49,0.0,0.0,0.0,0.0
FAWN AND MUSHROOM GREETING CARD,62.06,128,19,0.0,0.0,0.0,0.0
FAWN BLUE HOT WATER BOTTLE,11443.87,3307,490,239.6,88.0,7.0,2.0507606045121864
"FEATHER PEN,COAL BLACK",1406.56,2688,175,80.33999999999999,206.0,4.0,5.403187840473469
"FEATHER PEN,HOT PINK",2000.06,3842,239,61.199999999999996,72.0,1.0,2.9690577607870914
"FEATHER PEN,LIGHT PINK",1069.1399999999999,2059,149,65.88,84.0,2.0,5.804303007876513
FELT EGG COSY BLUE RABBIT ,577.4399999999999,552,104,3.4,4.0,1.0,0.5853591350457957
FELT EGG COSY CHICKEN,950.4599999999999,1023,137,4.25,5.0,2.0,0.44516135789925737
FELT EGG COSY LADYBIRD ,195.97,326,51,32.34,49.0,1.0,14.164951162892558
FELT EGG COSY WHITE RABBIT ,544.7099999999999,579,107,3.4,4.0,1.0,0.6203134407326998
FELT FARM ANIMAL CHICKEN,387.9,286,50,0.0,0.0,0.0,0.0
FELT FARM ANIMAL HEN,332.84,481,44,0.0,0.0,0.0,0.0
FELT FARM ANIMAL RABBIT,743.89,912,77,8.75,7.0,2.0,1.1625744047619049
FELT FARM ANIMAL SHEEP,280.42,373,42,0.0,0.0,0.0,0.0
FELT FARM ANIMAL WHITE BUNNY ,736.98,1561,96,0.0,0.0,0.0,0.0
FELT TOADSTOOL  SMALL,602.63,629,77,0.0,0.0,0.0,0.0
FELT TOADSTOOL LARGE,836.8000000000001,657,61,0.0,0.0,0.0,0.0
FELTCRAFT 6 FLOWER FRIENDS,12357.08,6070,547,1158.3,623.0,9.0,8.570236278965151
FELTCRAFT BOY JEAN-PAUL KIT,1884.76,366,127,34.650000000000006,7.0,2.0,1.8052422358954057
FELTCRAFT BUTTERFLY HEARTS,8621.14,6226,481,1103.65,877.0,8.0,11.348831182986986
FELTCRAFT CHRISTMAS FAIRY,7890.25,1915,321,99.5,34.0,5.0,1.2453455990487812
FELTCRAFT CUSHION BUTTERFLY,10110.83,2759,348,658.38,194.0,3.0,6.113540361827841
FELTCRAFT CUSHION OWL,12413.89,3373,470,1028.8200000000002,302.0,7.0,7.6533675129494
FELTCRAFT CUSHION RABBIT,11204.97,3086,386,832.35,245.0,3.0,6.9147451426064945
FELTCRAFT DOLL EMILY,3953.4800000000005,1340,267,20.650000000000002,7.0,2.0,0.5196105814354336
FELTCRAFT DOLL MARIA,564.9200000000001,196,48,2.95,1.0,1.0,0.5194850934192684
FELTCRAFT DOLL MOLLY,12001.59,4509,331,3512.6499999999996,1447.0,5.0,22.641457138731898
FELTCRAFT DOLL ROSIE,5007.35,1701,301,23.6,8.0,2.0,0.4690962939405082
FELTCRAFT GIRL AMELIE KIT,5059.14,1007,275,79.2,16.0,6.0,1.5413538224407104
FELTCRAFT GIRL NICOLE KIT,3422.4,668,182,64.35000000000001,13.0,3.0,1.8455581845558189
FELTCRAFT HAIRBAND PINK AND BLUE,774.55,856,161,40.8,48.0,2.0,5.003986018274361
FELTCRAFT HAIRBAND PINK AND PURPLE,789.78,873,150,0.0,0.0,0.0,0.0
FELTCRAFT HAIRBAND RED AND BLUE,830.52,918,161,0.0,0.0,0.0,0.0
FELTCRAFT HAIRBANDS PINK AND WHITE ,872.67,933,148,0.0,0.0,0.0,0.0
FELTCRAFT PRINCESS CHARLOTTE DOLL,9216.16,2362,449,0.0,0.0,0.0,0.0
FELTCRAFT PRINCESS LOLA DOLL,7491.83,2001,413,22.5,6.0,2.0,0.29942789310557294
FELTCRAFT PRINCESS OLIVIA DOLL,5801.47,1563,290,7.5,2.0,1.0,0.12911066850061198
FENG SHUI PILLAR CANDLE,630.23,3317,65,0.0,0.0,0.0,0.0
FILIGREE DIAMANTE CHAIN,12.48,1,1,0.0,0.0,0.0,0.0
FILIGREE DIAMANTE EARRINGS,55.02,13,9,0.0,0.0,0.0,0.0
FILIGREE HEART BIRD WHITE ,1960.0,1492,125,149.76,144.0,1.0,7.09843773699378
FILIGREE HEART BUTTERFLY WHITE ,2070.06,1642,117,7.5,6.0,2.0,0.36100040432045283
FILIGREE HEART DAISY WHITE,1596.67,1247,98,60.0,48.0,1.0,3.6217230951245574
FILIGRIS HEART WITH BUTTERFLY,4848.13,3903,212,3.75,3.0,1.0,0.0772896279380364
FINE SILVER NECKLACE W PASTEL FLOWE,95.35000000000001,17,7,0.0,0.0,0.0,0.0
FINE WICKER HEART ,3301.73,2642,237,15.0,12.0,1.0,0.45225267055201956
FIRE POLISHED GLASS BRACELET BLACK,22.48,6,6,0.0,0.0,0.0,0.0
FIRE POLISHED GLASS BRACELET GREEN,78.69,21,9,0.0,0.0,0.0,0.0
FIRE POLISHED GLASS BRACELET MONTAN,41.31,11,6,0.0,0.0,0.0,0.0
FIRE POLISHED GLASS BRACELET RED,29.96,8,3,0.0,0.0,0.0,0.0
FIRE POLISHED GLASS NECKL BRONZE,17.85,3,3,0.0,0.0,0.0,0.0
FIRE POLISHED GLASS NECKL GOLD,5.95,1,1,0.0,0.0,0.0,0.0
FIRE POLISHED GLASS NECKL GREEN,35.160000000000004,6,6,0.0,0.0,0.0,0.0
FIRST AID TIN,3722.23,1161,166,139.75,43.0,2.0,3.618610142983651
FIRST CLASS HOLIDAY PURSE ,90.42,31,20,0.0,0.0,0.0,0.0
FIRST CLASS LUGGAGE TAG ,193.59,152,49,0.0,0.0,0.0,0.0
FIRST CLASS PASSPORT COVER ,194.94,93,43,0.0,0.0,0.0,0.0
FIVE CATS HANGING DECORATION,879.6700000000001,286,89,0.0,0.0,0.0,0.0
FIVE HEART HANGING DECORATION,1541.6200000000001,462,142,20.650000000000002,7.0,2.0,1.3217945681604333
FLAG OF ST GEORGE ,37.95,23,7,0.0,0.0,0.0,0.0
FLAG OF ST GEORGE CAR FLAG,12.16,27,2,0.0,0.0,0.0,0.0
FLAG OF ST GEORGE CHAIR,185.3,38,8,17.85,3.0,2.0,8.786610878661088
FLAMES SUNGLASSES PINK LENSES,95.1,52,8,0.0,0.0,0.0,0.0
FLOOR CUSHION ELEPHANT CARNIVAL,718.14,69,35,8.95,1.0,1.0,1.2309342722358991
FLOOR LAMP SHADE WOOD BASE,312.7,33,13,0.0,0.0,0.0,0.0
FLORAL BATHROOM SET,75.0,20,11,0.0,0.0,0.0,0.0
FLORAL BLUE MONSTER,21.25,5,4,0.0,0.0,0.0,0.0
FLORAL FOLK STATIONERY SET,3355.84,1937,425,15.0,12.0,1.0,0.4449929394453608
FLORAL PINK MONSTER,187.54,43,16,0.0,0.0,0.0,0.0
FLORAL SOFT CAR TOY,230.81,54,30,0.0,0.0,0.0,0.0
FLOWER BLUE CLOCK WITH SUCKER,33.64,116,8,0.0,0.0,0.0,0.0
FLOWER BURST SILVER RING CRYSTAL,48.71,13,9,0.0,0.0,0.0,0.0
FLOWER FAIRY 5 DRAWER LINERS,150.45,59,20,0.0,0.0,0.0,0.0
FLOWER FAIRY 5 SUMMER DRAW LINERS,15.299999999999999,6,1,0.0,0.0,0.0,0.0
FLOWER FAIRY INCENSE BOUQUET,32.349999999999994,61,5,0.0,0.0,0.0,0.0
"FLOWER FAIRY,5 SUMMER B'DRAW LINERS",267.75,105,25,0.0,0.0,0.0,0.0
FLOWER GARLAND NECKLACE RED,47.7,6,4,0.0,0.0,0.0,0.0
"FLOWER GLASS GARLAND NECKL.36""BLACK",95.35000000000001,12,5,0.0,0.0,0.0,0.0
"FLOWER GLASS GARLAND NECKL.36""BLUE",71.4,9,5,0.0,0.0,0.0,0.0
"FLOWER GLASS GARLAND NECKL.36""GREEN",31.8,4,2,0.0,0.0,0.0,0.0
"FLOWER GLASS GARLD NECKL36""AMETHYST",110.95,14,11,0.0,0.0,0.0,0.0
"FLOWER GLASS GARLD NECKL36""TURQUOIS",64.08,8,5,0.0,0.0,0.0,0.0
FLOWER PURPLE CLOCK W/SUCKER,4.25,5,3,0.0,0.0,0.0,0.0
FLOWER PURPLE CLOCK WITH SUCKER,4.35,15,3,0.0,0.0,0.0,0.0
FLOWER SHOP DESIGN MUG,1.65,1,1,0.0,0.0,0.0,0.0
FLOWER VINE RAFFIA FOOD COVER,1470.32,381,140,18.75,5.0,2.0,1.2591751898836185
FLOWERS  STICKERS,245.35999999999999,257,61,0.0,0.0,0.0,0.0
FLOWERS CHANDELIER T-LIGHT HOLDER,2879.37,960,38,1859.07,579.0,7.0,39.233798465317705
FLOWERS HANDBAG blue and orange,61.25,49,3,0.0,0.0,0.0,0.0
FLOWERS TILE COASTER,327.79999999999995,968,39,0.0,0.0,0.0,0.0
FLOWERS TILE HOOK,80.16000000000001,59,13,4.2,2.0,1.0,4.978662873399715
FLUTED ANTIQUE CANDLE HOLDER,2622.93,2785,206,10.2,12.0,1.0,0.38737168312996323
FLYING PIG WATERING CAN,466.95000000000005,193,47,11.8,4.0,1.0,2.464751958224543
FOLDING BUTTERFLY MIRROR HOT PINK ,1495.24,1867,152,1.66,2.0,1.0,0.11089585142628096
FOLDING BUTTERFLY MIRROR IVORY ,742.92,794,133,0.0,0.0,0.0,0.0
FOLDING BUTTERFLY MIRROR RED  ,985.88,1262,99,0.0,0.0,0.0,0.0
FOLDING CAMPING SCISSOR W/KNIF & S,3.5999999999999996,30,3,0.0,0.0,0.0,0.0
FOLDING MIRROR HOT PINK ,118.91999999999999,156,5,0.0,0.0,0.0,0.0
FOLDING MIRROR IVORY ,14.939999999999998,18,2,0.0,0.0,0.0,0.0
FOLDING MIRROR RED  ,14.939999999999998,18,2,0.0,0.0,0.0,0.0
FOLDING SHOE TIDY,8.850000000000001,3,2,0.0,0.0,0.0,0.0
FOLDING UMBRELLA BLACKBLUE POLKADOT,763.6600000000001,160,74,0.0,0.0,0.0,0.0
FOLDING UMBRELLA CHOCOLATE POLKADOT,607.23,133,59,0.0,0.0,0.0,0.0
FOLDING UMBRELLA CREAM POLKADOT,863.11,190,64,4.95,1.0,1.0,0.5702370803861484
FOLDING UMBRELLA PINKWHITE POLKADOT,501.98,107,45,0.0,0.0,0.0,0.0
FOLDING UMBRELLA RED/WHITE POLKADOT,1616.81,346,120,0.0,0.0,0.0,0.0
FOLDING UMBRELLA WHITE/RED POLKADOT,513.02,104,36,0.0,0.0,0.0,0.0
"FOLK ART GREETING CARD,pack/12",64.9,22,9,32.45,11.0,1.0,33.33333333333333
FOLK ART METAL HEART T-LIGHT HOLDER,82.1,163,19,0.0,0.0,0.0,0.0
FOLK ART METAL STAR T-LIGHT HOLDER,252.33,485,67,0.0,0.0,0.0,0.0
FOLK FELT HANGING MULTICOL GARLAND,570.86,204,61,0.0,0.0,0.0,0.0
FOLKART CHRISTMAS TREE T-LIGHT HOLD,10.260000000000002,27,2,0.0,0.0,0.0,0.0
FOLKART CLIP ON STARS,404.08,783,100,0.0,0.0,0.0,0.0
FOLKART HEART NAPKIN RINGS,551.13,366,69,18.96,24.0,1.0,3.3257906646319
FOLKART STAR CHRISTMAS DECORATIONS,1633.6699999999998,3581,131,30.0,24.0,1.0,1.8032422295286925
FOLKART ZINC HEART CHRISTMAS DEC,2629.81,2986,244,0.85,1.0,1.0,0.03231128310005854
FOLKART ZINC STAR CHRISTMAS DEC,10.2,12,3,0.0,0.0,0.0,0.0
FOOD CONTAINER SET 3 LOVE HEART ,3936.5899999999997,2031,291,1.95,1.0,1.0,0.0495107324033779
"FOOD COVER WITH BEADS , SET 2 SIZES",11.25,3,1,0.0,0.0,0.0,0.0
FOOD COVER WITH BEADS SET 2 ,3761.63,1009,145,30.0,8.0,2.0,0.791216442532631
FOOD/DRINK SPONGE STICKERS,256.2,1220,35,0.0,0.0,0.0,0.0
FOOT STOOL HOME SWEET HOME ,5097.65,489,217,59.699999999999996,6.0,5.0,1.1575712332884136
FORKED CACTUS CANDLE,319.66,100,34,2.95,1.0,1.0,0.9144167880722854
FOUR HOOK  WHITE LOVEBIRDS,3700.94,1609,399,50.400000000000006,24.0,8.0,1.3435199155501767
FOUR RABBIT EASTER DECORATIONS,104.84,72,15,0.0,0.0,0.0,0.0
FRAPPUCINO SCARF KNITTING KIT,502.74,343,73,11.25,9.0,1.0,2.188758536158291
FREESTYLE CANVAS ART PICTURE,39.65,41,18,0.0,0.0,0.0,0.0
FRENCH BATHROOM SIGN BLUE METAL,2511.22,1476,219,26.4,16.0,3.0,1.0403448900938674
FRENCH BLUE METAL DOOR SIGN 0,780.8,594,99,12.5,10.0,1.0,1.5756964578343629
FRENCH BLUE METAL DOOR SIGN 1,1578.39,1155,199,13.75,11.0,2.0,0.8636175210722675
FRENCH BLUE METAL DOOR SIGN 2,1389.07,1001,188,13.75,11.0,2.0,0.9801685177000613
FRENCH BLUE METAL DOOR SIGN 3,1151.56,843,160,13.75,11.0,2.0,1.1799435343385023
FRENCH BLUE METAL DOOR SIGN 4,1023.03,740,152,12.5,10.0,1.0,1.2071113342925845
FRENCH BLUE METAL DOOR SIGN 5,1157.79,842,153,37.5,30.0,2.0,3.137313957282333
FRENCH BLUE METAL DOOR SIGN 6,973.15,710,126,14.81,12.0,3.0,1.499048544475485
FRENCH BLUE METAL DOOR SIGN 7,896.75,677,113,13.75,11.0,2.0,1.5101592531576058
FRENCH BLUE METAL DOOR SIGN 8,871.49,644,119,15.0,12.0,2.0,1.6920664643707204
FRENCH BLUE METAL DOOR SIGN 9,726.07,531,98,16.25,13.0,3.0,2.1890828753098392
FRENCH BLUE METAL DOOR SIGN No,1308.38,993,158,30.0,24.0,2.0,2.2415158624605866
FRENCH CARRIAGE LANTERN,925.35,137,58,53.2,8.0,4.0,5.436615400337233
FRENCH CHATEAU LARGE FRUIT BOWL ,19.5,10,4,0.0,0.0,0.0,0.0
FRENCH CHATEAU LARGE PLATTER ,160.5,70,18,9.75,5.0,1.0,5.726872246696035
FRENCH CHATEAU OVAL PLATTER,29.25,15,6,0.0,0.0,0.0,0.0
FRENCH CHATEAU SMALL FRUITBOWL,51.599999999999994,24,8,0.0,0.0,0.0,0.0
FRENCH ENAMEL CANDLEHOLDER,3649.4900000000002,1693,317,57.160000000000004,28.0,14.0,1.5420932648078454
FRENCH ENAMEL POT W LID,1430.63,587,115,8.4,4.0,3.0,0.5837265380151908
FRENCH ENAMEL UTENSIL HOLDER,183.71,45,16,0.0,0.0,0.0,0.0
FRENCH ENAMEL WATER BASIN,1273.11,411,128,22.5,8.0,2.0,1.736633709218052
FRENCH FLORAL CUSHION COVER ,774.79,674,83,10.2,12.0,1.0,1.2993796099313366
FRENCH GARDEN SIGN BLUE METAL,1016.08,791,131,15.0,12.0,1.0,1.4547852736936029
FRENCH KITCHEN SIGN BLUE METAL,1555.16,1240,164,33.75,27.0,3.0,2.124097651849381
FRENCH LATTICE CUSHION COVER ,527.25,452,63,10.2,12.0,1.0,1.8978509628802678
FRENCH LAUNDRY SIGN BLUE METAL,1608.6999999999998,962,144,1.45,1.0,1.0,0.09005372170294694
FRENCH LAVENDER SCENT HEART,1055.59,1069,106,6.300000000000001,3.0,1.0,0.5932817900159151
FRENCH PAISLEY CUSHION COVER,141.1,170,17,9.959999999999999,12.0,1.0,6.593406593406592
FRENCH PAISLEY CUSHION COVER ,840.4399999999999,575,105,0.0,0.0,0.0,0.0
FRENCH STYLE EMBOSSED HEART CABINET,571.43,26,22,43.9,2.0,2.0,7.1343831765069154
FRENCH STYLE STORAGE JAR BONBONS,695.06,2338,74,16.49,37.0,4.0,2.317475932822711
FRENCH STYLE STORAGE JAR CAFE ,819.4599999999999,1982,70,9.24,12.0,2.0,1.1149993966453482
FRENCH STYLE STORAGE JAR JAM,114.85,317,30,0.29,1.0,1.0,0.2518672919923571
FRENCH TOILET SIGN BLUE METAL,1692.72,1346,187,16.25,13.0,2.0,0.9508651409913573
FRENCH WC SIGN BLUE METAL,2516.75,1882,301,6.25,5.0,2.0,0.24772096710265556
FRESHWATER PEARL BRACELET GOLD,7.6499999999999995,3,2,0.0,0.0,0.0,0.0
FRESHWATER PEARL BRACELET IVORY,12.7,5,5,0.0,0.0,0.0,0.0
FRIDGE MAGNETS LA VIE EN ROSE,1154.6,1295,87,240.25,301.0,5.0,17.224074273219344
FRIDGE MAGNETS LES ENFANTS ASSORTED,1130.77,1360,80,134.0,176.0,6.0,10.594811704894962
FRIDGE MAGNETS US DINER ASSORTED,1422.8999999999999,1587,102,183.29999999999998,234.0,5.0,11.412028389988793
FROG CANDLE,83.78,64,19,2.5,2.0,1.0,2.897542883634678
FROG KING WATERING CAN,26.55,9,2,0.0,0.0,0.0,0.0
FROG SOCK PUPPET,44.25000000000001,15,8,0.0,0.0,0.0,0.0
FROSTED WHITE BASE ,119.64,239,23,0.0,0.0,0.0,0.0
FRUIT SALAD BAG CHARM,145.52,64,45,0.0,0.0,0.0,0.0
FRUIT TREE AND BIRDS WALL PLAQUE,340.58,40,24,23.85,3.0,2.0,6.544466701424143
FRYING PAN BLUE POLKADOT,716.8,193,87,8.5,2.0,2.0,1.1719288570246795
FRYING PAN PINK POLKADOT,1809.48,398,140,15.0,4.0,1.0,0.8221520652459879
FRYING PAN RED POLKADOT ,4.25,1,1,0.0,0.0,0.0,0.0
FRYING PAN RED RETROSPOT,1922.34,466,166,34.0,8.0,2.0,1.7379392130202318
FRYING PAN UNION FLAG,5833.59,1333,208,282.25,75.0,4.0,4.6150651423189615
FULL ENGLISH BREAKFAST PLATE,6921.15,1640,296,114.39,33.0,5.0,1.625887991540095
FUNKY DIVA PEN,7363.86,8547,233,43.349999999999994,51.0,3.0,0.585240596661901
FUNKY FLOWER PICNIC BAG FOR 4,33.9,2,2,0.0,0.0,0.0,0.0
FUNKY MONKEY CUSHION COVER,317.16999999999996,232,46,0.0,0.0,0.0,0.0
FUNKY MONKEY GIFT BAG MEDIUM,173.12,371,41,0.0,0.0,0.0,0.0
FUNKY MONKEY MUG,1.25,1,1,0.0,0.0,0.0,0.0
FUNKY WASHING UP GLOVES ASSORTED,2041.5200000000002,971,198,2.1,1.0,1.0,0.10275882991945666
FUSCHIA FLOWER PURSE WITH BEADS,145.17,159,14,0.0,0.0,0.0,0.0
FUSCHIA RETRO BAR STOOL,523.3000000000001,14,5,0.0,0.0,0.0,0.0
FUSCHIA TABLE RUN FLOWER ,38.75,27,5,0.0,0.0,0.0,0.0
FUSCHIA VOILE POINTY SHOE DEC,50.31,97,15,0.0,0.0,0.0,0.0
GAOLERS KEYS DECORATIVE GARDEN ,3475.73,935,214,15.0,4.0,1.0,0.42970954499488645
GARAGE KEY FOB,565.8100000000001,777,147,0.0,0.0,0.0,0.0
GARDEN METAL SIGN ,203.20999999999998,114,29,19.799999999999997,12.0,1.0,8.878525626653513
GARDEN PATH JOURNAL,621.1899999999999,247,65,2.55,1.0,1.0,0.40882418956616545
GARDEN PATH NOTEBOOK ,24.75,15,8,0.0,0.0,0.0,0.0
GARDEN PATH POCKET BOOK,58.65,69,21,0.0,0.0,0.0,0.0
GARDEN PATH SKETCHBOOK,493.57,122,57,0.0,0.0,0.0,0.0
GARDENERS KNEELING PAD,3.36,1,1,0.0,0.0,0.0,0.0
GARDENERS KNEELING PAD CUP OF TEA ,11785.99,6809,758,231.59999999999997,152.0,7.0,1.9271750825248655
GARDENERS KNEELING PAD KEEP CALM ,16327.349999999999,8807,913,168.89999999999998,114.0,11.0,1.0238690611502612
GARDENIA 1 WICK MORRIS BOXED CANDLE,730.93,213,61,1.25,1.0,1.0,0.17072304624545878
GARDENIA 3 WICK MORRIS BOXED CANDLE,799.24,278,83,25.5,6.0,3.0,3.0918835026796323
GARLAND WITH HEARTS AND BELLS,1746.27,393,100,69.30000000000001,14.0,3.0,3.8169830962177174
GARLAND WITH STARS AND BELLS,2280.4700000000003,549,112,34.650000000000006,7.0,2.0,1.4966826773558175
GARLAND WOODEN HAPPY EASTER,2609.43,1952,239,4.8100000000000005,4.0,3.0,0.18399228838974238
"GARLAND, MAGIC GARDEN 1.8M",23.4,12,1,0.0,0.0,0.0,0.0
"GARLAND, VINTAGE BELLS",265.88,92,10,0.0,0.0,0.0,0.0
GEMSTONE CHANDELIER T-LIGHT HOLDER,347.70000000000005,78,7,0.0,0.0,0.0,0.0
GENTLEMAN SHIRT REPAIR KIT ,1837.4699999999998,2166,170,0.0,0.0,0.0,0.0
GEORGIAN TRINKET BOX,1706.5,143,61,12.5,1.0,1.0,0.7271669575334496
GIANT 50'S CHRISTMAS CRACKER,7053.57,2661,333,37.57,13.0,2.0,0.5298160803481529
GIANT MEDINA STAMPED METAL BOWL ,19.9,2,2,0.0,0.0,0.0,0.0
GIFT BAG BIRTHDAY,575.4200000000001,940,77,1.3,2.0,1.0,0.2254126785961992
GIFT BAG LARGE 50'S CHRISTMAS,30.0,24,2,0.0,0.0,0.0,0.0
GIFT BAG LARGE SPOT ,120.0,96,6,0.0,0.0,0.0,0.0
GIFT BAG LARGE VINTAGE CHRISTMAS,185.0,148,9,0.0,0.0,0.0,0.0
GIFT BAG PSYCHEDELIC APPLES,722.6700000000001,1171,139,7.800000000000001,12.0,1.0,1.0678056593699947
GIN & TONIC DIET GREETING CARD ,1389.22,3299,246,15.120000000000001,36.0,3.0,1.0766623467251522
GIN + TONIC DIET METAL SIGN,25792.47,11709,759,3775.33,2030.0,7.0,12.768383173587484
GIN AND TONIC DIET METAL SIGN,1237.5,498,50,0.0,0.0,0.0,0.0
GIN AND TONIC MUG,4141.179999999999,2974,295,27.71,22.0,7.0,0.6646853239111611
GINGERBREAD MAN COOKIE CUTTER,9202.15,7440,670,6.25,5.0,2.0,0.0678728117805482
GINGHAM BABUSHKA DOORSTOP,402.74,210,42,0.0,0.0,0.0,0.0
GINGHAM HEART  DOORSTOP RED,2961.83,785,241,25.5,6.0,1.0,0.8536050586979008
GINGHAM HEART DECORATION,5114.41,6139,413,0.0,0.0,0.0,0.0
GINGHAM OVEN GLOVE RED HEART ,26.490000000000002,5,3,0.0,0.0,0.0,0.0
GINGHAM RECIPE BOOK BOX,2509.62,462,135,4.95,1.0,1.0,0.19685274221835145
GINGHAM ROSE WRAP,768.18,1829,73,0.0,0.0,0.0,0.0
GIRAFFE WOODEN RULER,7604.889999999999,3887,274,1185.8999999999999,714.0,6.0,13.490255142029328
GIRLS ALPHABET IRON ON PATCHES ,2678.33,12442,147,0.0,0.0,0.0,0.0
GIRLS PARTY BAG,144.43,47,13,0.0,0.0,0.0,0.0
GIRLS VINTAGE TIN SEASIDE BUCKET,3507.17,1330,231,0.0,0.0,0.0,0.0
GIRLY PINK TOOL SET,24.75,5,1,0.0,0.0,0.0,0.0
GLAMOROUS  MUG,1454.98,1292,142,17.72,16.0,2.0,1.2032321586202213
GLASS  BEURRE DISH,3709.78,878,212,124.58,32.0,24.0,3.2490428650413627
GLASS  SONGBIRD STORAGE JAR,2065.14,169,73,73.65,6.0,6.0,3.443535831007252
GLASS AND BEADS BRACELET IVORY,33.69,9,4,0.0,0.0,0.0,0.0
GLASS AND PAINTED BEADS BRACELET OL,48.77,13,8,0.0,0.0,0.0,0.0
GLASS AND PAINTED BEADS BRACELET TO,56.15,15,10,0.0,0.0,0.0,0.0
GLASS APOTHECARY BOTTLE ELIXIR,3419.5800000000004,856,209,35.55,9.0,3.0,1.0289048458379277
GLASS APOTHECARY BOTTLE PERFUME,4197.110000000001,1071,246,31.6,8.0,5.0,0.7472728089653817
GLASS APOTHECARY BOTTLE TONIC,3674.1600000000003,924,223,23.7,6.0,3.0,0.640911229738281
GLASS BEAD HOOP EARRINGS AMETHYST,28.4,9,6,0.0,0.0,0.0,0.0
GLASS BEAD HOOP EARRINGS BLACK,17.66,6,3,0.0,0.0,0.0,0.0
GLASS BEAD HOOP EARRINGS GREEN,14.5,5,5,0.0,0.0,0.0,0.0
GLASS BEAD HOOP EARRINGS MONTANA,8.76,3,3,0.0,0.0,0.0,0.0
GLASS BEAD HOOP NECKLACE AMETHYST,25.5,3,3,0.0,0.0,0.0,0.0
GLASS BEAD HOOP NECKLACE BLACK,17.0,2,1,0.0,0.0,0.0,0.0
GLASS BEAD HOOP NECKLACE GREEN,33.82,4,3,0.0,0.0,0.0,0.0
GLASS BEAD HOOP NECKLACE MONTANA,25.32,3,3,0.0,0.0,0.0,0.0
GLASS BELL JAR LARGE,17.0,2,1,0.0,0.0,0.0,0.0
GLASS BELL JAR SMALL,15.8,4,1,0.0,0.0,0.0,0.0
GLASS BON BON JAR,4215.78,2354,225,25.65,15.0,7.0,0.6047488700744796
GLASS BONNE JAM JAR,500.82000000000005,120,27,0.0,0.0,0.0,0.0
GLASS CAKE COVER AND PLATE,29.9,2,1,29.9,2.0,1.0,50.0
GLASS CHALICE BLUE SMALL ,421.78,694,49,16.71,17.0,5.0,3.8108052635179828
GLASS CHALICE GREEN  LARGE ,364.22,197,19,14.700000000000001,7.0,1.0,3.8794468489390903
GLASS CHALICE GREEN  SMALL ,175.78,161,19,1.65,1.0,1.0,0.9299442033477991
GLASS CLOCHE LARGE,2934.53,350,57,41.65,5.0,4.0,1.3994449260461395
GLASS CLOCHE SMALL,3131.02,804,142,223.12,64.0,18.0,6.6520777308043195
GLASS HEART T-LIGHT HOLDER ,2893.77,3321,214,23.62,31.0,10.0,0.8096277837382044
GLASS JAR DAISY FRESH COTTON WOOL,2592.33,727,268,35.0,12.0,6.0,1.3321508908283315
GLASS JAR DIGESTIVE BISCUITS,2001.32,616,164,182.45,67.0,14.0,8.3548175861011
GLASS JAR ENGLISH CONFECTIONERY,3192.82,1010,214,284.95,105.0,16.0,8.193468803284864
GLASS JAR KINGS CHOICE,605.7700000000001,183,81,8.850000000000001,3.0,2.0,1.4399140932608765
GLASS JAR MARMALADE ,1380.8,480,81,335.5,130.0,4.0,19.547864592437218
GLASS JAR PEACOCK BATH SALTS,1329.44,408,133,97.35000000000001,33.0,7.0,6.823008291339301
GLASS SONGBIRD STORAGE JAR,126.7,11,3,0.0,0.0,0.0,0.0
GLASS SPHERE CANDLE STAND MEDIUM,684.08,111,34,4.95,1.0,1.0,0.7184012307156437
GLASS STAR FROSTED T-LIGHT HOLDER,2514.4300000000003,517,131,68.60000000000001,14.0,8.0,2.655795712786921
GLASS TWIST BON BON JAR,575.25,74,24,19.950000000000003,3.0,1.0,3.351814516129033
GLITTER BUTTERFLY CLIPS,3074.7799999999997,1128,241,0.0,0.0,0.0,0.0
GLITTER CHRISTMAS HEART ,231.82,268,21,0.0,0.0,0.0,0.0
GLITTER CHRISTMAS STAR ,1066.65,2470,124,0.0,0.0,0.0,0.0
GLITTER CHRISTMAS TREE,410.91,906,58,0.0,0.0,0.0,0.0
GLITTER CHRISTMAS TREE WITH BELLS,719.3,698,97,4.6899999999999995,3.0,2.0,0.6477990027486568
GLITTER HANGING BUTTERFLY STRING,2722.9500000000003,1314,194,205.26,120.0,6.0,7.009743153667257
GLITTER HEART DECORATION,1088.5900000000001,2469,142,0.0,0.0,0.0,0.0
GLITTER HEART GARLAND WITH BELLS ,1368.47,329,90,112.5,30.0,3.0,7.596372647656604
GLITTER SNOW PEAR TREE DECORATION,28.999999999999996,20,3,0.0,0.0,0.0,0.0
GLITTER STAR GARLAND WITH BELLS ,1037.05,251,62,45.0,12.0,1.0,4.158772699967654
GLOW IN DARK DOLPHINS,28.98,138,31,0.0,0.0,0.0,0.0
GOLD APERITIF GLASS,34.32,88,2,0.0,0.0,0.0,0.0
GOLD COSMETIC BAG PINK STAR,4.2,2,2,0.0,0.0,0.0,0.0
GOLD COSMETICS BAG WITH BUTTERFLY,2.1,1,1,0.0,0.0,0.0,0.0
GOLD DIAMANTE STAR BROOCH,59.800000000000004,12,9,0.0,0.0,0.0,0.0
GOLD EAR MUFF HEADPHONES,212.26,35,25,5.49,1.0,1.0,2.5212399540757753
GOLD FABRIC MIRROR,86.76,180,29,0.0,0.0,0.0,0.0
GOLD FISHING GNOME,546.6,68,36,0.0,0.0,0.0,0.0
GOLD FLOWER CUSHION COVER ,15.6,8,2,0.0,0.0,0.0,0.0
GOLD M PEARL  ORBIT NECKLACE,152.84,15,13,0.0,0.0,0.0,0.0
GOLD M.O.P ORBIT BRACELET,96.52000000000001,18,18,0.0,0.0,0.0,0.0
GOLD M.O.P ORBIT DROP EARRINGS,92.28,22,17,0.0,0.0,0.0,0.0
GOLD M.O.P. ORBIT NECKLACE,5.9,2,2,0.0,0.0,0.0,0.0
GOLD MINI TAPE MEASURE ,956.36,1234,205,216.0,300.0,1.0,18.42437476543041
GOLD MUG BONE CHINA TREE OF LIFE,969.64,770,74,45.9,39.0,5.0,4.519762884770664
GOLD PHOTO FRAME,466.53000000000003,216,39,0.0,0.0,0.0,0.0
GOLD PRINT PAPER BAG,3.6100000000000003,19,2,0.0,0.0,0.0,0.0
GOLD SCROLL GLASS T-LIGHT HOLDER,137.22000000000003,80,5,1.17,3.0,1.0,0.8454368090179925
GOLD STANDING GNOME,398.02,106,28,0.0,0.0,0.0,0.0
GOLD TEDDY BEAR,42.7,15,5,0.0,0.0,0.0,0.0
GOLD WASHBAG,54.57,27,10,0.0,0.0,0.0,0.0
GOLD WINE GOBLET,129.56,164,8,0.0,0.0,0.0,0.0
GOLD/AMBER DROP EARRINGS W LEAF,38.18,13,7,0.0,0.0,0.0,0.0
GOLD/M.O.P PENDANT ORBIT NECKLACE,184.66,22,19,0.0,0.0,0.0,0.0
GOLDIE LOOKING MIRROR,84.15,17,6,59.400000000000006,12.0,2.0,41.37931034482759
GRAND CHOCOLATECANDLE,8196.0,5958,292,36.25,25.0,8.0,0.44034134045977713
GRASS HOPPER WOODEN WALL CLOCK ,374.12,272,34,9.11,5.0,3.0,2.3771625394671605
GREEN  DIAMANTE PEN IN GIFT BOX,178.89,76,33,0.0,0.0,0.0,0.0
GREEN 3 PIECE POLKADOT CUTLERY SET,3110.9100000000003,850,79,0.0,0.0,0.0,0.0
GREEN BIRDHOUSE DECORATION,307.94,437,59,0.0,0.0,0.0,0.0
GREEN BITTY LIGHT CHAIN,383.25,194,60,0.0,0.0,0.0,0.0
GREEN CAT FLORAL CUSHION COVER ,345.17,73,54,0.0,0.0,0.0,0.0
GREEN CHRISTMAS TREE CARD HOLDER,3245.68,1266,192,14.7,4.0,3.0,0.4508676902692324
GREEN CHRISTMAS TREE STRING 20LIGHT,191.1,42,11,19.8,4.0,1.0,9.388335704125177
GREEN CRYSTAL DROP EARRINGS,5.8,2,2,0.0,0.0,0.0,0.0
GREEN DRAWER KNOB ACRYLIC EDWARDIAN,2739.4,2075,191,0.0,0.0,0.0,0.0
GREEN DROP EARRINGS W BEAD CLUSTER,40.03,12,8,0.0,0.0,0.0,0.0
GREEN EASTER EGG HUNT START POST,56.779999999999994,28,11,0.0,0.0,0.0,0.0
GREEN ENAMEL FLOWER HAIR TIE,58.71,20,14,17.700000000000003,6.0,1.0,23.1645072634472
GREEN ENAMEL FLOWER RING,225.84,77,31,0.0,0.0,0.0,0.0
GREEN ENAMEL+GLASS HAIR COMB,355.64,184,54,0.0,0.0,0.0,0.0
GREEN FERN JOURNAL ,438.57,176,55,0.0,0.0,0.0,0.0
GREEN FERN NOTEBOOK,141.23999999999998,86,44,0.0,0.0,0.0,0.0
GREEN FERN POCKET BOOK,53.55,63,22,0.0,0.0,0.0,0.0
GREEN FERN SKETCHBOOK ,420.08,106,56,0.0,0.0,0.0,0.0
GREEN GEISHA GIRL ,146.05,46,28,0.0,0.0,0.0,0.0
GREEN GIANT GARDEN THERMOMETER,2704.71,430,148,83.3,14.0,7.0,2.987794161426967
GREEN GLASS TASSLE BAG CHARM,79.76,35,16,0.0,0.0,0.0,0.0
GREEN GOOSE FEATHER CHRISTMAS TREE ,672.09,187,45,0.0,0.0,0.0,0.0
GREEN GOOSE FEATHER TREE 60CM,349.17,167,42,3.9,2.0,1.0,1.1045968221599116
GREEN HEART COMPACT MIRROR,315.81,218,33,0.0,0.0,0.0,0.0
GREEN HEART OF GLASS BRACELET,83.29,14,6,0.0,0.0,0.0,0.0
GREEN JUICY FRUIT PHOTO FRAME,261.89,94,39,0.0,0.0,0.0,0.0
GREEN LEAVES AND BEADS PHONE CHARM,4.97,2,2,0.0,0.0,0.0,0.0
GREEN METAL BOX ARMY SUPPLIES,3906.25,467,135,49.5,6.0,3.0,1.2513429817354484
GREEN METAL BOX TOP SECRET,132.0,16,4,0.0,0.0,0.0,0.0
GREEN METAL SWINGING BUNNY,278.16999999999996,319,42,2.55,3.0,1.0,0.908378455400399
GREEN MURANO TWIST BRACELET,215.20000000000002,51,22,0.0,0.0,0.0,0.0
GREEN MURANO TWIST NECKLACE,109.53999999999999,11,8,0.0,0.0,0.0,0.0
GREEN PAIR HEART HAIR SLIDES,86.11,23,14,15.0,4.0,1.0,14.835327860745723
GREEN PENDANT SHELL NECKLACE,5.09,1,1,0.0,0.0,0.0,0.0
GREEN PENDANT TRIPLE SHELL NECKLACE,63.11,12,10,0.0,0.0,0.0,0.0
GREEN PEONY CUSHION COVER,88.35000000000001,19,6,0.0,0.0,0.0,0.0
GREEN POLKADOT BOWL,2016.23,1563,205,7.5,6.0,1.0,0.3706027978040549
GREEN POLKADOT PLATE ,1787.1999999999998,1075,128,0.0,0.0,0.0,0.0
GREEN POP ART MAO CUSHION COVER ,2.2800000000000002,12,2,0.0,0.0,0.0,0.0
GREEN REGENCY TEACUP AND SAUCER,22755.5,7278,1013,393.05,143.0,42.0,1.6979465236483495
GREEN ROSE WASHBAG,1132.85,323,160,0.0,0.0,0.0,0.0
GREEN ROUND COMPACT MIRROR,210.56,144,21,0.0,0.0,0.0,0.0
GREEN SQUARE COMPACT MIRROR,203.51,131,20,0.0,0.0,0.0,0.0
GREEN STONE/CRYSTAL EARRINGS,40.95,14,13,0.0,0.0,0.0,0.0
GREEN SWEETHEART BRACELET,423.41,103,44,0.0,0.0,0.0,0.0
GREEN VINTAGE EARRINGS ,158.08,39,28,0.0,0.0,0.0,0.0
GREEN VINTAGE SPOT BEAKER,4444.2300000000005,4625,185,15.17,18.0,4.0,0.3401802933130017
GREEN WIRE STANDING CANDLE HOLDER,157.34,38,18,0.0,0.0,0.0,0.0
GREEN WITH METAL BAG CHARM,14.850000000000001,3,1,0.0,0.0,0.0,0.0
GREEN/BLUE CERAMIC CANDLE HOLDER,13.2,8,1,0.0,0.0,0.0,0.0
GREEN/BLUE FLOWER DESIGN BIG MUG,13.65,23,8,0.0,0.0,0.0,0.0
"GREETING CARD, OVERCROWDED POOL.",74.7,270,53,0.0,0.0,0.0,0.0
"GREETING CARD, STICKY GORDON",70.78,245,53,2.2800000000000002,12.0,1.0,3.1207226936764307
"GREETING CARD, TWO SISTERS.",53.88,127,40,0.0,0.0,0.0,0.0
"GREETING CARD,SQUARE, DOUGHNUTS",80.46,174,27,0.0,0.0,0.0,0.0
GREY ACRYLIC FACETED BANGLE,57.55,34,10,0.0,0.0,0.0,0.0
GREY FLORAL FELTCRAFT SHOULDER BAG,1027.94,265,83,0.0,0.0,0.0,0.0
GREY HEART HOT WATER BOTTLE,12763.08,3220,561,104.25,27.0,4.0,0.8101913916873198
GROOVY CACTUS INFLATABLE,119.08999999999999,303,22,0.0,0.0,0.0,0.0
GROW A FLYTRAP OR SUNFLOWER IN TIN,17927.45,16244,305,90.0,72.0,2.0,0.49951574723393155
GROW YOUR OWN BASIL IN ENAMEL MUG,2292.9100000000003,1047,219,6.300000000000001,3.0,3.0,0.27400715898069333
GROW YOUR OWN FLOWERS SET OF 3,1241.3,296,78,87.45,11.0,7.0,6.581373471307621
GROW YOUR OWN HERBS SET OF 3,1391.74,164,90,15.9,2.0,2.0,1.1295501690773209
GROW YOUR OWN PLANT IN A CAN ,1106.62,838,57,40.0,32.0,3.0,3.4885140674329773
GUMBALL COAT RACK,18798.670000000002,7926,681,337.5,147.0,30.0,1.7636758034653743
GUMBALL MAGAZINE RACK,5191.01,621,232,352.35,49.0,13.0,6.356253247128095
GUMBALL MONOCHROME COAT RACK,895.72,620,109,11.17,10.0,4.0,1.2316819018844622
GYMKHANA TREASURE BOOK BOX,3815.5299999999997,1715,200,83.25,37.0,8.0,2.1352833450463993
GYMKHANNA TREASURE BOOK BOX,261.84000000000003,120,14,0.0,0.0,0.0,0.0
HAIRCLIPS FORTIES FABRIC ASSORTED,572.26,1322,61,3.9000000000000004,6.0,1.0,0.6768953068592058
HALL CABINET WITH 3 DRAWERS,2603.5299999999997,76,5,0.0,0.0,0.0,0.0
HAND OPEN SHAPE DECO.WHITE,270.02000000000004,92,5,3.49,1.0,1.0,1.2760045336550765
HAND OPEN SHAPE GOLD,677.34,198,30,0.0,0.0,0.0,0.0
HAND OVER THE CHOCOLATE   SIGN ,15928.730000000001,8246,677,135.22,74.0,3.0,0.841760588149241
HAND PAINTED HANGING EASTER EGG,9.24,22,3,0.0,0.0,0.0,0.0
HAND TOWEL PALE BLUE W FLOWERS,453.39,223,29,0.0,0.0,0.0,0.0
HAND TOWEL PINK FLOWER AND DAISY,372.33,217,23,0.0,0.0,0.0,0.0
HAND WARMER BABUSHKA DESIGN,7105.33,4941,368,306.05,203.0,7.0,4.129460370403352
HAND WARMER BIRD DESIGN,14061.890000000001,6433,554,111.30000000000001,53.0,6.0,0.785285457966767
HAND WARMER OWL DESIGN,17786.13,8439,654,258.05,123.0,11.0,1.43010100763792
HAND WARMER RED LOVE HEART,8855.51,3986,397,0.0,0.0,0.0,0.0
HAND WARMER RED POLKA DOT,225.00000000000003,120,18,0.0,0.0,0.0,0.0
HAND WARMER RED RETROSPOT,8757.830000000002,4348,374,59.150000000000006,29.0,8.0,0.6708646271172215
HAND WARMER SCOTTY DOG DESIGN,14366.52,6611,548,209.10000000000002,111.0,5.0,1.4345873451695366
HAND WARMER UNION JACK,10023.720000000001,4851,479,54.6,26.0,7.0,0.5417569594932489
HANGING  BUTTERFLY T-LIGHT HOLDER,1636.36,1328,73,26.240000000000002,22.0,4.0,1.5782509322747507
HANGING BAUBLE T-LIGHT HOLDER LARGE,108.71000000000001,33,15,0.0,0.0,0.0,0.0
HANGING BAUBLE T-LIGHT HOLDER SMALL,609.02,268,26,75.60000000000001,36.0,1.0,11.042622184569543
HANGING BUTTERFLY  EGG,7.6499999999999995,9,3,0.0,0.0,0.0,0.0
HANGING CHICK  YELLOW DECORATION,1604.51,1136,112,0.0,0.0,0.0,0.0
HANGING CHICK CREAM DECORATION,1906.02,1289,120,34.8,24.0,1.0,1.7930565431106438
HANGING CHICK GREEN DECORATION,1335.87,903,122,0.0,0.0,0.0,0.0
HANGING CLEAR MINI BOTTLE,1051.14,1734,41,4.720000000000001,8.0,2.0,0.4470289621730154
HANGING ENGRAVED METAL HEART,1236.66,294,78,0.0,0.0,0.0,0.0
HANGING FAIRY CAKE DECORATION,1484.3,820,72,302.51,179.0,5.0,16.9301716466776
HANGING GLASS ETCHED TEALIGHT,198.57,127,11,0.0,0.0,0.0,0.0
HANGING HEART BASKET,23.1,11,3,0.0,0.0,0.0,0.0
HANGING HEART BONHEUR,535.35,606,69,0.85,1.0,1.0,0.15852293920179036
HANGING HEART JAR T-LIGHT HOLDER,16453.78,12493,728,206.59,175.0,30.0,1.2400084752019314
HANGING HEART MIRROR DECORATION ,1708.0700000000002,2341,289,1.3,2.0,2.0,0.07605141075366949
HANGING HEART WITH BELL,2374.7999999999997,4619,219,18.72,48.0,1.0,0.7821117015943048
HANGING HEART ZINC T-LIGHT HOLDER,8146.799999999999,9117,603,20.2,25.0,6.0,0.2473368433941472
HANGING HEN ON NEST DECORATION,1418.82,828,114,0.0,0.0,0.0,0.0
HANGING JAM JAR T-LIGHT HOLDER,8560.84,10792,348,103.33,126.0,10.0,1.1926127949936347
HANGING JAM JAR T-LIGHT HOLDERS,2298.0499999999997,2813,92,2.55,3.0,1.0,0.11084065026514822
HANGING MEDINA LANTERN SMALL,259.67,81,28,0.0,0.0,0.0,0.0
HANGING METAL CHICKEN DECORATION,193.52,148,34,0.0,0.0,0.0,0.0
HANGING METAL HEART LANTERN,5485.629999999999,3402,351,186.89999999999998,122.0,11.0,3.294826118151865
HANGING METAL RABBIT DECORATION,616.95,474,58,0.0,0.0,0.0,0.0
HANGING METAL STAR LANTERN,3141.5399999999995,2053,198,42.15,27.0,7.0,1.323935433412173
HANGING MINI COLOURED BOTTLES,2237.08,3442,76,0.0,0.0,0.0,0.0
HANGING PHOTO CLIP ROPE LADDER,1274.1699999999998,746,86,0.0,0.0,0.0,0.0
HANGING QUILTED PATCHWORK APPLES,1108.58,1258,89,39.01,47.0,3.0,3.3992976585714407
HANGING RIDGE GLASS T-LIGHT HOLDER,60.84,36,2,60.84,36.0,3.0,50.0
HANGING SPRING FLOWER EGG LARGE,822.89,947,73,23.799999999999997,28.0,3.0,2.8109461550272234
HANGING SPRING FLOWER EGG SMALL,489.17,1197,72,18.39,29.0,3.0,3.623216959571282
HANGING WOOD AND FELT BUTTERFLY ,408.99,895,127,0.0,0.0,0.0,0.0
HANGING WOOD AND FELT FLOWER,325.35999999999996,2050,104,0.12,1.0,1.0,0.03686862480029495
HANGING WOOD AND FELT HEART,313.13,672,106,0.0,0.0,0.0,0.0
HAPPY BIRTHDAY CARD STRIPEY TEDDY,2.47,13,2,0.0,0.0,0.0,0.0
HAPPY BIRTHDAY CARD TEDDY/CAKE,0.95,5,1,0.0,0.0,0.0,0.0
HAPPY EASTER HANGING DECORATION,942.1999999999999,243,53,25.89,7.0,3.0,2.6743381297193447
HAPPY STENCIL CRAFT,3348.1800000000003,2823,281,1.25,1.0,1.0,0.03731978276900846
HARDMAN MUG 3 ASSORTED,32.03,64,13,0.0,0.0,0.0,0.0
HAWAIIAN GRASS SKIRT ,380.36,324,28,0.0,0.0,0.0,0.0
HAYNES CAMPER SHOULDER BAG,16.63,1,1,0.0,0.0,0.0,0.0
HEADS AND TAILS SPORTING FUN,2348.94,1975,209,0.0,0.0,0.0,0.0
HEART BEADED TRELLIS DECORATION,528.1700000000001,249,42,0.0,0.0,0.0,0.0
HEART BUTTONS JEWELLERY BOX,356.11,68,30,0.0,0.0,0.0,0.0
HEART CALCULATOR,1540.59,1179,131,19.43,16.0,3.0,1.2454968526044539
HEART DECORATION PAINTED ZINC ,1668.89,2380,225,0.0,0.0,0.0,0.0
HEART DECORATION RUSTIC HANGING ,1645.75,5083,340,4.5600000000000005,24.0,1.0,0.2763117232519951
HEART DECORATION WITH PEARLS ,2113.1299999999997,2196,256,88.21,105.0,13.0,4.007104763462255
HEART FILIGREE DOVE  SMALL,6805.08,5457,299,42.5,34.0,3.0,0.6206572248882087
HEART FILIGREE DOVE LARGE,4613.969999999999,2789,250,19.799999999999997,12.0,1.0,0.4272978589787581
HEART GARLAND RUSTIC PADDED,841.24,264,91,32.45,11.0,2.0,3.7141320147878543
HEART IVORY TRELLIS LARGE,5247.719999999999,3140,318,1.65,1.0,1.0,0.03143234330976861
HEART IVORY TRELLIS SMALL,5459.91,4164,378,0.0,0.0,0.0,0.0
HEART MINI PORTRAIT FRAME,1021.76,518,87,1.95,1.0,1.0,0.19048363306014396
HEART MIRROR ANTIQUE WHITE,2354.8,358,76,15.0,2.0,1.0,0.632964807156722
HEART OF WICKER LARGE,30098.11,9887,925,189.5,68.0,16.0,0.6256683838705002
HEART OF WICKER SMALL,32094.6,17963,1201,207.95,135.0,11.0,0.6437572265966618
HEART SHAPE WIRELESS DOORBELL,795.83,444,49,16.8,8.0,3.0,2.067361529847532
HEART SHAPED HOLLY WREATH,3999.5000000000005,950,172,4.15,1.0,1.0,0.10365541443432867
HEART SHAPED MIRROR,8.45,5,2,0.0,0.0,0.0,0.0
HEART STRING MEMO HOLDER HANGING,1042.78,875,122,19.75,25.0,2.0,1.8587710464645704
HEART T-LIGHT HOLDER,144.52,146,10,16.25,13.0,2.0,10.10760714063569
HEART T-LIGHT HOLDER ,111.77,74,15,0.0,0.0,0.0,0.0
HEART T-LIGHT HOLDER WILLIE WINKIE,1649.0499999999997,969,112,6.6,4.0,4.0,0.39863497719928737
HEART TRELLIS TRIPLE T-LIGHT HOLDER,395.11,129,30,0.0,0.0,0.0,0.0
HEART TRELLISTRIPLE T-LIGHT HOLDER,152.24,56,5,0.0,0.0,0.0,0.0
HEART WOODEN CHRISTMAS DECORATION,2199.5899999999997,2333,222,138.24,192.0,1.0,5.9131758938845005
HEART WREATH DECORATION WITH BELL,2845.89,2284,185,75.0,60.0,3.0,2.5677105265860747
HEARTS  STICKERS,737.8399999999999,835,119,10.2,12.0,1.0,1.3635634458050372
HEARTS GIFT TAPE,385.47,1176,94,0.0,0.0,0.0,0.0
HEARTS WRAPPING TAPE ,3.25,5,3,0.0,0.0,0.0,0.0
HEAVENS SCENT FRAGRANCE OILS ASSTD,20.88,72,1,0.0,0.0,0.0,0.0
HELLO SAILOR BATHROOM SET,52.5,14,9,0.0,0.0,0.0,0.0
HELLO SAILOR BLUE SOAP HOLDER,344.34000000000003,180,53,27.04,16.0,1.0,7.280952124508588
HEN HOUSE DECORATION,1597.0699999999997,927,131,21.449999999999996,13.0,2.0,1.3252848281145737
HEN HOUSE W CHICK IN NEST,0.42,1,1,0.0,0.0,0.0,0.0
HEN HOUSE W CHICK STANDING,118.21,283,24,0.42,1.0,1.0,0.3540419792632555
HEN HOUSE W FAMILY IN BARN & NEST,36.21,51,10,0.0,0.0,0.0,0.0
HEN HOUSE WITH CHICK STANDING,5.88,14,3,0.0,0.0,0.0,0.0
HEN PARTY CORDON BARRIER TAPE,241.38,197,40,1.25,1.0,1.0,0.5151877344104191
HENRIETTA HEN MUG ,534.66,306,42,26.4,16.0,4.0,4.705379103839162
HERB MARKER BASIL,2153.34,3423,242,841.0500000000001,1527.0,2.0,28.087523669261515
HERB MARKER CHIVES ,1180.8700000000001,1716,209,7.800000000000001,12.0,1.0,0.6561955799338757
HERB MARKER MINT,1221.8600000000001,1753,240,7.800000000000001,12.0,1.0,0.6343216824162776
HERB MARKER PARSLEY,1275.3500000000001,1869,238,7.800000000000001,12.0,1.0,0.6078790476561586
HERB MARKER ROSEMARY,1340.22,1937,240,7.800000000000001,12.0,1.0,0.5786264298749277
HERB MARKER THYME,1314.21,1905,237,7.800000000000001,12.0,1.0,0.5900106655774163
HI TEC ALPINE HAND WARMER,956.36,841,107,19.799999999999997,12.0,1.0,2.0283560072119324
HILDA CANDY SPOT RABBIT,109.23,25,16,0.0,0.0,0.0,0.0
HIPPY CHIC DECORATIVE PARASOL,896.01,169,27,0.0,0.0,0.0,0.0
HOLIDAY FUN LUDO,4194.89,1162,217,30.0,8.0,2.0,0.7100776588266202
HOLLY TOP CHRISTMAS STOCKING,17.0,20,7,0.0,0.0,0.0,0.0
HOME BUILDING BLOCK WORD,16923.47,2759,777,118.60000000000001,20.0,10.0,0.6959248495047844
HOME GARLAND PAINTED ZINC ,1111.58,997,128,40.199999999999996,36.0,2.0,3.490249874107902
HOME SMALL WOOD LETTERS,1403.94,243,125,69.30000000000001,14.0,6.0,4.7039178952512835
HOME SWEEET HOME 3 PEG HANGER ,93.75,25,4,0.0,0.0,0.0,0.0
HOME SWEET HOME 2 DRAWER CABINET,1311.48,252,70,4.95,1.0,1.0,0.3760169549463321
HOME SWEET HOME 3 PEG HANGER ,1053.53,271,64,0.0,0.0,0.0,0.0
HOME SWEET HOME BLACKBOARD,4561.76,1011,169,143.55,29.0,14.0,3.050808554590452
HOME SWEET HOME BOTTLE ,1043.72,473,86,2.08,1.0,1.0,0.19889080130043985
HOME SWEET HOME CUSHION COVER ,3207.91,801,229,78.75,21.0,6.0,2.3960494848873934
HOME SWEET HOME HANGING HEART,1745.55,1914,225,0.0,0.0,0.0,0.0
HOME SWEET HOME HOOK,412.17999999999995,328,47,8.25,5.0,1.0,1.9622767166948127
HOME SWEET HOME KEY HOLDER,2422.6600000000003,456,111,18.75,3.0,2.0,0.7679988203538118
HOME SWEET HOME METAL SIGN ,5155.9800000000005,1766,282,17.700000000000003,6.0,1.0,0.34211624994201423
HOME SWEET HOME MUG,6932.78,5411,349,1134.32,1052.0,15.0,14.061062835467517
HOMEMADE JAM SCENTED CANDLES,18771.149999999998,12520,646,185.79999999999998,140.0,8.0,0.9801154721619248
"HOOK, 1 HANGER ,MAGIC GARDEN",1070.0,1262,98,4.25,5.0,2.0,0.3956248545496859
HORSE & PONY WALL ART,797.3100000000001,256,17,0.0,0.0,0.0,0.0
HOT BATHS METAL SIGN,16946.260000000002,7258,609,133.46,72.0,8.0,0.78139454276768
HOT BATHS SOAP HOLDER,859.0,494,114,37.18,22.0,2.0,4.148720123189538
HOT STUFF HOT WATER BOTTLE,2008.38,594,89,125.94,38.0,2.0,5.90070842235466
HOT WATER BOTTLE BABUSHKA ,5620.7300000000005,1165,177,157.65,37.0,2.0,2.7282733222806392
HOT WATER BOTTLE BABUSHKA LARGE,37.2,8,1,0.0,0.0,0.0,0.0
HOT WATER BOTTLE I AM SO POORLY,17892.96,3441,657,1679.6999999999998,394.0,6.0,8.581868790445448
HOT WATER BOTTLE KEEP CALM,28718.800000000003,5816,782,417.6,96.0,8.0,1.4332587416427562
HOT WATER BOTTLE SEX BOMB,1982.0500000000002,450,102,0.0,0.0,0.0,0.0
HOT WATER BOTTLE TEA AND SYMPATHY,32973.44,5740,643,310.1,82.0,5.0,0.9316917611528102
HOUSE SHAPE PENCIL SHARPENER,407.71999999999997,3048,100,2.88,48.0,1.0,0.7014125669751583
HOUSE WRECKING METAL SIGN ,105.0,50,23,0.0,0.0,0.0,0.0
HYACINTH BULB T-LIGHT CANDLES,569.68,1314,43,34.02,81.0,2.0,5.635249296007952
High Resolution Image,27.0,4,3,0.0,0.0,0.0,0.0
I CAN ONLY PLEASE ONE PERSON MUG,1851.46,1407,163,32.5,26.0,3.0,1.7250897046646423
I LOVE LONDON BABY GIFT SET,4082.5199999999995,263,103,0.0,0.0,0.0,0.0
I LOVE LONDON BEAKER,1077.3,860,97,42.5,34.0,3.0,3.795320592963029
I LOVE LONDON WALL ART,59.400000000000006,12,2,0.0,0.0,0.0,0.0
I'M ON HOLIDAY METAL SIGN,5027.18,2371,367,27.300000000000004,13.0,2.0,0.540114907962837
ICE CREAM BUBBLES,2161.24,2668,101,16.599999999999998,20.0,1.0,0.7622231201557507
ICE CREAM DESIGN GARDEN PARASOL,1429.82,240,72,0.0,0.0,0.0,0.0
ICE CREAM PEN LIP GLOSS ,8553.34,6831,257,60.0,48.0,2.0,0.6965938880852259
ICE CREAM SUNDAE LIP GLOSS,9935.76,8076,277,35.0,28.0,2.0,0.3510264011971003
ICON MUG REVOLUTIONARY,284.49,703,81,0.0,0.0,0.0,0.0
ICON PLACEMAT POP ART ELVIS,134.37,832,33,0.0,0.0,0.0,0.0
IF YOU CAN'T STAND THE HEAT MUG,1834.3,1618,116,100.07000000000001,91.0,4.0,5.173260544776853
ILLUSTRATED CAT BOWL ,3822.1199999999994,1410,120,2.55,1.0,1.0,0.06667241879691582
INCENSE BAZAAR PEACH,2.52,6,1,0.0,0.0,0.0,0.0
INFLATABLE POLITICAL GLOBE ,759.89,860,71,0.0,0.0,0.0,0.0
IVORY CAFE HANGING LAMP ,1380.42,116,45,0.0,0.0,0.0,0.0
IVORY CHANDELIER T-LIGHT HOLDER,1395.18,657,38,690.72,432.0,5.0,33.113763842945495
IVORY DINER WALL CLOCK,11911.65,1445,415,2653.7000000000003,344.0,16.0,18.219266958912765
IVORY EMBROIDERED QUILT ,2038.0900000000001,54,31,0.0,0.0,0.0,0.0
IVORY ENCHANTED FOREST PLACEMAT,1021.35,513,91,3.3,2.0,1.0,0.32206119162640895
IVORY GIANT GARDEN THERMOMETER,3656.8500000000004,594,195,89.25,15.0,6.0,2.382477776887963
IVORY GOLD METAL BAG CHARM,34.77,5,3,0.0,0.0,0.0,0.0
IVORY HANGING DECORATION  BIRD,964.2299999999999,1113,128,0.85,1.0,1.0,0.08807559995026319
IVORY HANGING DECORATION  EGG,285.64,709,51,0.0,0.0,0.0,0.0
IVORY HANGING DECORATION  HEART,3442.45,3883,317,1.7,2.0,1.0,0.04935905811303225
IVORY KITCHEN SCALES,16378.710000000001,1883,711,168.3,21.0,9.0,1.017102183415614
IVORY KNITTED MUG COSY ,1296.23,668,109,0.0,0.0,0.0,0.0
IVORY LOVE BIRD CANDLE,813.02,812,88,15.0,12.0,1.0,1.8115504456414095
IVORY PANTRY HANGING LAMP ,25.0,2,1,0.0,0.0,0.0,0.0
IVORY PAPER CUP CAKE CASES ,744.35,1087,124,0.0,0.0,0.0,0.0
IVORY PENDANT TRIPLE SHELL NECKLACE,44.86,9,5,0.0,0.0,0.0,0.0
IVORY PILLAR CANDLE GOLD FLOCK,421.13000000000005,144,30,0.0,0.0,0.0,0.0
IVORY PILLAR CANDLE SILVER FLOCK,916.9900000000001,451,76,17.700000000000003,6.0,1.0,1.893675978131787
IVORY REFECTORY CLOCK,2094.24,213,86,97.80000000000001,12.0,1.0,4.461597416105547
IVORY RETRO KITCHEN WALL CLOCK,675.91,77,33,16.3,2.0,1.0,2.3547767296051783
IVORY SCULPTED RND CANDLE ,37.4,44,7,0.0,0.0,0.0,0.0
IVORY SHELL HEART EARRINGS,25.07,10,9,0.0,0.0,0.0,0.0
IVORY SHELL HEART NECKLACE,103.13,21,8,0.0,0.0,0.0,0.0
IVORY STRING CURTAIN WITH POLE ,440.62,170,28,0.0,0.0,0.0,0.0
IVORY SWEETHEART SOAP DISH,390.75000000000006,148,49,2.49,1.0,1.0,0.6332010985657613
IVORY SWEETHEART WIRE LETTER RACK ,2080.65,554,159,26.25,7.0,3.0,1.24590630784565
IVORY WICKER HEART LARGE,3542.7099999999996,2059,287,3.3,2.0,1.0,0.09306234330980453
IVORY WICKER HEART MEDIUM,2695.45,2089,233,15.0,12.0,1.0,0.553413639801509
IVORY WICKER HEART SMALL,1491.75,2271,130,0.0,0.0,0.0,0.0
IVORY WIRE KITCHEN ORGANISER,1220.8200000000002,121,40,19.55,2.0,2.0,1.5761426026105112
IVORY WIRE SWEETHEART LETTER TRAY,511.89,135,49,0.0,0.0,0.0,0.0
IVY HEART WREATH,155.6,18,11,27.0,4.0,1.0,14.786418400876233
JADE CRYSTAL+GLASS BRACELET,29.93,6,6,0.0,0.0,0.0,0.0
JADE DROP EARRINGS W FILIGREE,209.10000000000002,42,25,9.9,2.0,1.0,4.520547945205479
JADE GREEN ENAMEL HAIR COMB,28.02,14,10,0.0,0.0,0.0,0.0
JAM CLOCK MAGNET,936.89,327,68,14.45,5.0,3.0,1.5189101688145141
JAM JAR WITH BLUE LID,17.28,24,1,0.0,0.0,0.0,0.0
JAM JAR WITH GREEN LID,2760.71,3266,306,90.86,115.0,12.0,3.186314907226545
JAM JAR WITH PINK LID,3288.11,3896,342,72.97,86.0,21.0,2.1710283599319267
JAM MAKING SET PRINTED,25637.78,16396,1162,425.75,331.0,12.0,1.633508584600781
JAM MAKING SET WITH JARS,37082.13,8695,1132,1012.79,247.0,87.0,2.6585959492761764
JARDIN ETCHED GLASS BUTTER DISH,7.25,1,1,0.0,0.0,0.0,0.0
JARDIN ETCHED GLASS CHEESE DISH,575.45,219,40,0.0,0.0,0.0,0.0
JARDIN ETCHED GLASS FRUITBOWL,619.94,120,39,40.55,9.0,3.0,6.139381368378022
JARDIN ETCHED GLASS LARGE BELL JAR,163.75,37,13,0.0,0.0,0.0,0.0
JARDIN ETCHED GLASS SMALL BELL JAR,171.11,45,9,0.0,0.0,0.0,0.0
JASMINE VOTIVE CANDLE,90.33999999999999,338,12,0.0,0.0,0.0,0.0
JAZZ HEARTS ADDRESS BOOK,726.8900000000001,3191,225,0.0,0.0,0.0,0.0
JAZZ HEARTS PURSE NOTEBOOK,1944.6299999999999,4425,277,0.0,0.0,0.0,0.0
JET BLACK LAS VEGAS BRACELET ROUND,37.62,10,8,0.0,0.0,0.0,0.0
JET BLACK LAS VEGAS NECKLACE 45CM,53.260000000000005,9,6,11.9,2.0,1.0,18.26273787599754
JIGSAW RABBIT AND BIRDHOUSE,607.14,596,105,33.589999999999996,21.0,4.0,5.242457821547298
JIGSAW TOADSTOOLS 3 PIECE,604.4599999999999,690,83,54.72,64.0,5.0,8.301222731272187
JIGSAW TREE WITH BIRDHOUSE,1027.72,998,144,95.05,69.0,9.0,8.46566972754883
JIGSAW TREE WITH WATERING CAN,480.62999999999994,1047,101,13.53,16.0,4.0,2.737979601748422
JINGLE BELL HEART ANTIQUE GOLD,1670.0800000000002,777,102,0.0,0.0,0.0,0.0
JINGLE BELL HEART ANTIQUE SILVER,7038.400000000001,3564,210,214.8,120.0,1.0,2.96145149727017
JINGLE BELL HEART DECORATION,6459.159999999999,3820,356,46.199999999999996,28.0,3.0,0.7101836024447533
JINGLE BELLS TREE DECORATION,415.77,203,76,0.0,0.0,0.0,0.0
JOY LARGE WOOD LETTERS,236.17,39,16,0.0,0.0,0.0,0.0
JOY WOODEN BLOCK LETTERS,895.26,230,89,0.0,0.0,0.0,0.0
JUMBO  BAG BAROQUE BLACK WHITE,28047.74,13900,933,510.88000000000005,281.0,14.0,1.7888819557807765
JUMBO BAG 50'S CHRISTMAS ,23772.07,10285,716,486.96000000000004,262.0,7.0,2.0073350006162656
JUMBO BAG ALPHABET,27850.83,13366,906,1076.02,594.0,14.0,3.719796659504923
JUMBO BAG APPLES,30450.690000000002,14908,978,1309.25,723.0,21.0,4.12233146536171
JUMBO BAG CHARLIE AND LOLA TOYS,4851.73,1932,300,1.79,1.0,1.0,0.03688044965303533
JUMBO BAG DOILEY PATTERNS,17268.69,8893,514,45.760000000000005,22.0,4.0,0.2642879213604822
JUMBO BAG DOLLY GIRL DESIGN,7051.2,3419,450,21.45,11.0,2.0,0.30328094844223874
JUMBO BAG OWLS,23001.06,11429,657,431.43,243.0,6.0,1.8411615666964969
JUMBO BAG PAISLEY PARK,11581.83,5020,338,224.76,122.0,4.0,1.9036826043760304
JUMBO BAG PEARS,14188.960000000001,7067,595,243.63000000000002,134.0,6.0,1.6880546041978608
JUMBO BAG PINK POLKADOT,42401.01,21448,1218,816.58,456.0,13.0,1.8894621379859449
JUMBO BAG PINK VINTAGE PAISLEY,23179.06,11006,865,387.07,222.0,12.0,1.6424843620908482
JUMBO BAG RED RETROSPOT,94159.81,48371,2089,1984.02,1115.0,43.0,2.0635957606431945
JUMBO BAG SCANDINAVIAN BLUE PAISLEY,17239.69,8411,662,479.58000000000004,265.0,8.0,2.7065449084527753
JUMBO BAG SCANDINAVIAN PAISLEY,3904.72,2057,144,4.949999999999999,3.0,2.0,0.1266091511559799
JUMBO BAG SPACEBOY DESIGN,17071.59,8666,686,215.14,118.0,4.0,1.2445384407577373
JUMBO BAG STRAWBERRY,32727.65,17283,822,448.49,250.0,13.0,1.3518450307962289
JUMBO BAG TOYS ,11014.62,5007,522,40.31,22.0,7.0,0.3646336973639815
JUMBO BAG VINTAGE CHRISTMAS ,13972.710000000001,6078,476,505.68,271.0,7.0,3.492653533991003
JUMBO BAG VINTAGE DOILEY ,272.57,144,7,0.0,0.0,0.0,0.0
JUMBO BAG VINTAGE DOILY ,24489.08,11448,711,1030.6399999999999,568.0,13.0,4.038602304413998
JUMBO BAG VINTAGE LEAF,21810.43,10941,879,442.46000000000004,242.0,6.0,1.988326010688949
JUMBO BAG WOODLAND ANIMALS,22092.42,9773,863,426.46000000000004,240.0,9.0,1.8937886786554219
JUMBO SHOPPER VINTAGE RED PAISLEY,28577.1,12574,1175,622.47,354.0,12.0,2.131777967963227
JUMBO STORAGE BAG SKULLS,14006.2,6438,705,6.24,3.0,3.0,0.044531858834007496
JUMBO STORAGE BAG SUKI,30764.01,13651,1184,602.33,334.0,17.0,1.9203069277448372
JUNGLE POPSICLES ICE LOLLY HOLDERS,197.49,139,29,0.0,0.0,0.0,0.0
JUNGLE POPSICLES ICE LOLLY MOULDS,1338.8700000000001,960,153,30.0,24.0,1.0,2.1915886826360427
KEEP CALM BIRTHDAY WRAP,21.0,50,2,0.0,0.0,0.0,0.0
KEEP CALM WALL ART ,2015.97,269,20,0.0,0.0,0.0,0.0
KEEP OUT BOYS DOOR HANGER ,229.92,143,43,0.0,0.0,0.0,0.0
KEEP OUT GIRLS DOOR HANGER ,3.36,1,1,0.0,0.0,0.0,0.0
KENSINGTON COFFEE SET,751.17,57,34,0.0,0.0,0.0,0.0
KEY CABINET MA CAMPAGNE,2176.3199999999997,206,108,49.75,5.0,3.0,2.2348803047523216
"KEY FOB , BACK DOOR ",1277.89,1828,308,5.8500000000000005,9.0,1.0,0.4556997522862885
"KEY FOB , FRONT  DOOR ",1262.3700000000001,1962,210,5.8500000000000005,9.0,2.0,0.4612764346879879
"KEY FOB , GARAGE DESIGN",1192.16,1902,131,27.950000000000003,43.0,4.0,2.2907770610846563
"KEY FOB , SHED",2197.17,3228,372,3.25,5.0,2.0,0.1476990756310159
KEY RING BASEBALL BOOT ASSORTED ,2038.33,1626,98,0.0,0.0,0.0,0.0
KEY RING BASEBALL BOOT UNION JACK,2217.87,1821,112,0.0,0.0,0.0,0.0
KIDS CUTLERY DOLLY GIRL ,149.4,36,8,0.0,0.0,0.0,0.0
KIDS CUTLERY SPACEBOY ,149.4,36,8,0.0,0.0,0.0,0.0
KIDS RAIN MAC BLUE,1029.24,1293,85,18.5,22.0,3.0,1.7657052322140991
KIDS RAIN MAC PINK,803.65,925,92,17.0,20.0,2.0,2.0715286663011026
KINGS CHOICE BISCUIT TIN,2175.04,468,180,76.5,18.0,8.0,3.397674480577738
KINGS CHOICE GIANT TUBE MATCHES,1721.85,743,67,33.15,13.0,2.0,1.8888888888888888
KINGS CHOICE MUG,2429.38,2055,148,35.0,28.0,5.0,1.4202355156266484
KINGS CHOICE TEA CADDY ,2551.2200000000003,698,255,23.6,8.0,4.0,0.9165689252064222
KITCHEN FLOWER POTS WALL PLAQUE,619.59,116,83,0.0,0.0,0.0,0.0
KITCHEN METAL SIGN,1217.8500000000001,2058,305,6.6000000000000005,12.0,1.0,0.5390175180693373
KITTENS DESIGN FLANNEL,310.19,337,100,0.0,0.0,0.0,0.0
KITTY PENCIL ERASERS,320.09,1438,136,0.0,0.0,0.0,0.0
KNEELING MAT HOUSEWORK  DESIGN,2181.4199999999996,1536,230,54.239999999999995,36.0,5.0,2.4261291967472696
KNICKERBOCKERGLORY MAGNET ASSORTED ,1904.77,2221,135,129.71,169.0,14.0,6.375584916047345
KNITTED RABBIT DOLL ,42.9,26,2,0.0,0.0,0.0,0.0
KNITTED UNION FLAG HOT WATER BOTTLE,16148.04,3319,459,58.0,14.0,4.0,0.357891255359113
LA JARDIN BOTANIQUE CUSHION COVER,375.53,87,28,0.0,0.0,0.0,0.0
LA PALMIERA TILE COASTER,276.53,709,34,0.0,0.0,0.0,0.0
LA PALMIERA TILE HOOK,51.86,47,14,4.2,2.0,1.0,7.491972886193364
LA PALMIERA WALL THERMOMETER,38.25,15,10,0.0,0.0,0.0,0.0
LADIES & GENTLEMEN METAL SIGN,9383.43,4037,478,12.299999999999999,5.0,4.0,0.13091053063466063
LADLE LOVE HEART PINK,24.98,39,13,0.0,0.0,0.0,0.0
LADLE LOVE HEART RED ,17.82,24,9,0.0,0.0,0.0,0.0
LADS ONLY TISSUE BOX,1605.96,1643,143,11.06,9.0,2.0,0.6839742241901771
LADYBIRD + BEE RAFFIA FOOD COVER,476.41,123,37,0.0,0.0,0.0,0.0
LANDMARK FRAME BAKER STREET ,3930.27,350,32,0.0,0.0,0.0,0.0
LANDMARK FRAME CAMDEN TOWN ,6444.65,568,68,0.0,0.0,0.0,0.0
LANDMARK FRAME COVENT GARDEN ,4937.01,436,53,12.5,1.0,1.0,0.25255025244923235
LANDMARK FRAME LONDON BRIDGE ,4703.87,415,52,0.0,0.0,0.0,0.0
LANDMARK FRAME NOTTING HILL ,4780.57,421,50,0.0,0.0,0.0,0.0
LANDMARK FRAME OXFORD STREET,4805.53,422,57,0.0,0.0,0.0,0.0
LANTERN CREAM GAZEBO ,6360.99,1272,299,200.85000000000002,41.0,27.0,3.060879265571852
LARGE  TALL CAMPHOR WOOD TOADSTOOL ,192.81,33,17,0.0,0.0,0.0,0.0
LARGE ANTIQUE WHITE PHOTO FRAME,3757.78,523,135,77.75,10.0,9.0,2.027099253558178
LARGE APOTHECARY MEASURING JAR ,612.1600000000001,51,21,0.0,0.0,0.0,0.0
LARGE BLACK DIAMANTE HAIRSLIDE,6.6,4,1,0.0,0.0,0.0,0.0
LARGE BLUE PROVENCAL CERAMIC BALL,113.05000000000001,49,11,12.6,6.0,2.0,10.027855153203342
LARGE BONNE JAM JAR  T-LIGHT HOLDER,667.8500000000001,255,11,4.98,2.0,1.0,0.7401572462583416
LARGE CAKE STAND  HANGING STRAWBERY,4218.0599999999995,582,146,149.04999999999998,16.0,15.0,3.413012266693534
LARGE CAKE STAND HANGING HEARTS,1111.05,231,34,87.2,16.0,6.0,7.277279365741707
LARGE CAKE TOWEL CHOCOLATE SPOTS,2661.67,925,104,0.0,0.0,0.0,0.0
LARGE CAKE TOWEL PINK SPOTS,3815.7,1105,134,13.5,2.0,1.0,0.35255405828893766
"LARGE CAKE TOWEL, CHOCOLATE SPOTS",101.53,11,8,0.0,0.0,0.0,0.0
LARGE CAMPHOR WOOD FIELD MUSHROOM ,312.77,41,27,0.0,0.0,0.0,0.0
LARGE CERAMIC TOP STORAGE JAR,5141.0599999999995,3114,280,154.5,102.0,18.0,2.9175384661867683
LARGE CHINESE STYLE SCISSOR,1053.45,1273,65,0.0,0.0,0.0,0.0
LARGE CIRCULAR MIRROR MOBILE,6812.98,7102,205,204.2,228.0,20.0,2.9100008835458118
LARGE CRYSTAL DIAMANTE HAIRSLIDE,48.209999999999994,29,15,0.0,0.0,0.0,0.0
LARGE DECO JEWELLERY STAND,3302.44,263,95,12.5,1.0,1.0,0.3770807314762861
LARGE HANGING IVORY & RED WOOD BIRD,663.4300000000001,977,95,8.450000000000001,13.0,2.0,1.2576650592367684
LARGE HEART FLOWERS HOOK   ,4.92,2,1,0.0,0.0,0.0,0.0
LARGE HEART MEASURING SPOONS,3720.66,1976,373,1.65,1.0,1.0,0.044327312878293314
LARGE IVORY HEART WALL ORGANISER,5525.4,782,155,8.25,1.0,1.0,0.1490878534059798
LARGE JEWELLERY STAND,125.0,10,4,0.0,0.0,0.0,0.0
LARGE MEDINA STAMPED METAL BOWL ,930.96,182,55,14.850000000000001,3.0,1.0,1.5700827861832716
LARGE MINT DIAMANTE HAIRSLIDE,51.51,31,16,0.0,0.0,0.0,0.0
LARGE PARLOUR FRAME,122.85,27,2,0.0,0.0,0.0,0.0
LARGE PARLOUR PICTURE FRAME,427.03000000000003,85,29,0.0,0.0,0.0,0.0
LARGE PINK GLASS SUNDAE DISH,1157.8,1013,81,24.0,32.0,2.0,2.0308004738534438
LARGE POPCORN HOLDER ,1870.9099999999999,1025,86,69.35,43.0,15.0,3.5742632430705163
LARGE PURPLE BABUSHKA NOTEBOOK  ,1110.25,1195,178,0.0,0.0,0.0,0.0
LARGE RED BABUSHKA NOTEBOOK ,1167.74,1096,163,1.25,1.0,1.0,0.1069299138572614
LARGE RED RETROSPOT WINDMILL,3877.09,1963,140,16.8,8.0,3.0,0.43144516152228235
LARGE ROUND CUTGLASS CANDLESTICK,27.14,2,1,6.75,1.0,1.0,19.91737975804072
LARGE ROUND WICKER PLATTER ,1167.58,194,91,0.0,0.0,0.0,0.0
LARGE SKULL WINDMILL,207.51000000000002,90,24,0.0,0.0,0.0,0.0
LARGE STRIPES CHOCOLATE GIFT BAG,708.75,567,49,25.0,20.0,2.0,3.4071550255536627
LARGE TAHITI BEACH BAG,17.82,2,2,0.0,0.0,0.0,0.0
LARGE TORTILLA DESIGN RED BOWL,154.67999999999998,78,22,3.29,1.0,1.0,2.082673925428879
LARGE WHITE HEART OF WICKER,8878.210000000001,3069,562,169.85000000000002,63.0,10.0,1.877197984982416
LARGE WHITE HONEYCOMB PAPER BELL  ,1451.82,562,95,0.0,0.0,0.0,0.0
LARGE WHITE/PINK ROSE ART FLOWER,639.36,360,22,40.56,24.0,1.0,5.965407695022944
LARGE YELLOW BABUSHKA NOTEBOOK ,656.52,599,123,0.0,0.0,0.0,0.0
LARGE ZINC GLASS CANDLEHOLDER,116.06,34,11,0.0,0.0,0.0,0.0
LARGE ZINC HEART WALL ORGANISER,6431.110000000001,1065,38,0.0,0.0,0.0,0.0
LASER CUT MULTI STRAND NECKLACE,11.95,1,1,0.0,0.0,0.0,0.0
LAUNDRY 15C METAL SIGN,4542.889999999999,2918,351,5.2,4.0,3.0,0.11433370931533898
LAUREL HEART ANTIQUE GOLD,630.73,525,44,0.0,0.0,0.0,0.0
LAUREL HEART ANTIQUE SILVER,1613.82,1309,97,0.0,0.0,0.0,0.0
LAUREL STAR ANTIQUE GOLD,483.03,379,40,0.0,0.0,0.0,0.0
LAUREL STAR ANTIQUE SILVER ,568.6,430,61,0.0,0.0,0.0,0.0
LAVENDER INCENSE 40 CONES IN TIN,107.44999999999999,109,10,0.0,0.0,0.0,0.0
LAVENDER INCENSE IN TIN,98.91,171,25,0.0,0.0,0.0,0.0
LAVENDER SCENT CAKE CANDLE,165.6,624,17,0.0,0.0,0.0,0.0
LAVENDER SCENTED FABRIC HEART,1778.08,1341,138,12.5,10.0,1.0,0.6980978230517486
LAVENDER TOILETTE BOTTLE,1166.0,557,79,0.0,0.0,0.0,0.0
LAZER CUT NECKLACE W PASTEL BEADS,421.75,57,5,0.0,0.0,0.0,0.0
LE GRAND TRAY CHIC SET,1924.92,152,79,25.0,2.0,2.0,1.282103881184869
LE JARDIN BOTANIQUE CUSHION COVER,2345.0,559,166,15.0,4.0,1.0,0.6355932203389831
LEAVES MAGNETIC  SHOPPING LIST,34.8,24,2,0.0,0.0,0.0,0.0
LED TEA LIGHTS,1826.76,634,65,0.0,0.0,0.0,0.0
LETS GO SHOPPING COTTON TOTE BAG,585.34,252,78,0.0,0.0,0.0,0.0
"LETTER ""A"" BLING KEY RING",111.66,130,56,0.0,0.0,0.0,0.0
"LETTER ""B"" BLING KEY RING",24.77,37,22,0.0,0.0,0.0,0.0
"LETTER ""C"" BLING KEY RING",72.77,91,33,0.0,0.0,0.0,0.0
"LETTER ""D"" BLING KEY RING",49.9,68,32,0.0,0.0,0.0,0.0
"LETTER ""E"" BLING KEY RING",53.199999999999996,72,30,0.0,0.0,0.0,0.0
"LETTER ""F"" BLING KEY RING",15.429999999999998,27,15,0.0,0.0,0.0,0.0
"LETTER ""G"" BLING KEY RING",40.199999999999996,60,30,0.0,0.0,0.0,0.0
"LETTER ""H"" BLING KEY RING",36.76,48,30,0.0,0.0,0.0,0.0
"LETTER ""I"" BLING KEY RING",29.619999999999997,38,13,0.0,0.0,0.0,0.0
"LETTER ""J"" BLING KEY RING",57.21,71,41,0.0,0.0,0.0,0.0
"LETTER ""K"" BLING KEY RING",60.699999999999996,78,38,0.0,0.0,0.0,0.0
"LETTER ""L"" BLING KEY RING",65.03999999999999,94,37,0.0,0.0,0.0,0.0
"LETTER ""M"" BLING KEY RING",49.82,60,28,0.0,0.0,0.0,0.0
"LETTER ""N"" BLING KEY RING",29.23,41,24,0.0,0.0,0.0,0.0
"LETTER ""O"" BLING KEY RING",6.819999999999999,16,5,0.0,0.0,0.0,0.0
"LETTER ""P"" BLING KEY RING",20.229999999999997,39,16,0.0,0.0,0.0,0.0
"LETTER ""R"" BLING KEY RING",28.009999999999998,41,25,0.0,0.0,0.0,0.0
"LETTER ""S"" BLING KEY RING",71.0,94,41,0.0,0.0,0.0,0.0
"LETTER ""T"" BLING KEY RING",13.459999999999999,24,11,0.0,0.0,0.0,0.0
"LETTER ""U"" BLING KEY RING",3.4799999999999995,12,1,0.0,0.0,0.0,0.0
"LETTER ""V"" BLING KEY RING",15.979999999999999,26,14,0.0,0.0,0.0,0.0
"LETTER ""W"" BLING KEY RING",6.819999999999999,16,5,0.0,0.0,0.0,0.0
"LETTER ""Y"" BLING KEY RING",22.839999999999996,66,8,0.0,0.0,0.0,0.0
"LETTER ""Z"" BLING KEY RING",11.84,22,10,0.0,0.0,0.0,0.0
LETTER HOLDER HOME SWEET HOME,2204.11,625,134,11.25,3.0,3.0,0.5078181424238046
LETTER SHAPE PENCIL SHARPENER,234.0,3333,45,0.0,0.0,0.0,0.0
LIGHT DECORATION BATTERY OPERATED,4.2,2,1,0.0,0.0,0.0,0.0
LIGHT GARLAND BUTTERFILES PINK,5044.34,1346,132,106.25,25.0,8.0,2.062870467266857
LIGHT PINK FLOCK GLASS CANDLEHOLDER,13.680000000000003,36,3,0.0,0.0,0.0,0.0
LIGHT TOPAZ TEAL/AQUA COL NECKLACE,15.16,3,3,0.0,0.0,0.0,0.0
LIGHTHOUSE PRINTED METAL SIGN,29.700000000000003,6,3,0.0,0.0,0.0,0.0
LILAC DIAMANTE PEN IN GIFT BOX,454.99,141,63,0.0,0.0,0.0,0.0
LILAC FEATHERS CURTAIN,9.48,12,1,0.0,0.0,0.0,0.0
LILAC GAUZE BUTTERFLY LAMPSHADE,10.08,24,6,0.0,0.0,0.0,0.0
LILAC VOTIVE CANDLE,15.120000000000001,72,3,0.0,0.0,0.0,0.0
LILY BROOCH AMETHYST COLOUR,74.25,15,8,0.0,0.0,0.0,0.0
LILY BROOCH OLIVE COLOUR,99.60000000000001,20,15,0.0,0.0,0.0,0.0
LILY BROOCH WHITE/SILVER COLOUR,4.95,1,1,0.0,0.0,0.0,0.0
LIPSTICK PEN BABY PINK,611.3,1333,126,0.0,0.0,0.0,0.0
LIPSTICK PEN FUSCHIA,1347.1,2597,213,0.84,2.0,1.0,0.06231731382702495
LIPSTICK PEN RED,1673.1,3338,272,2.52,6.0,1.0,0.1503920936727898
LITTLE GREEN MONSTER SOFT TOY,48.449999999999996,19,11,0.0,0.0,0.0,0.0
LITTLE PINK MONSTER SOFT TOY,43.349999999999994,17,8,0.0,0.0,0.0,0.0
LOCAL CAFE MUG,1057.71,676,116,0.0,0.0,0.0,0.0
LOLITA  DESIGN  COTTON TOTE BAG,409.72,176,50,22.5,10.0,3.0,5.205682291425663
LONDON BUS COFFEE MUG,10140.6,4334,317,33.6,16.0,3.0,0.33024709559473964
LONG SILVER NECKLACE PASTEL FLOWER,101.73,8,6,25.5,2.0,1.0,20.0424428200896
LOVE BUILDING BLOCK WORD,12435.86,2011,629,23.8,4.0,2.0,0.19101644828189535
LOVE GARLAND PAINTED ZINC ,827.6299999999999,453,78,0.0,0.0,0.0,0.0
LOVE HEART NAPKIN BOX ,826.95,171,66,0.0,0.0,0.0,0.0
LOVE HEART POCKET WARMER,1863.98,2702,120,0.0,0.0,0.0,0.0
LOVE HEART SOCK HANGER,679.28,378,84,1.45,1.0,1.0,0.21300662524055056
LOVE HEART TRINKET POT,1044.81,2239,135,1.9500000000000002,5.0,2.0,0.18628912071535025
LOVE HOT WATER BOTTLE,13334.320000000002,2359,476,53.55,9.0,2.0,0.3999889452168269
LOVE LARGE WOOD LETTERS ,1505.96,106,69,51.0,4.0,2.0,3.2756140170588837
LOVE POTION MASALA INCENSE,47.25,225,8,0.0,0.0,0.0,0.0
LOVE SEAT ANTIQUE WHITE METAL,6210.0,58,41,517.5,4.0,4.0,7.6923076923076925
LOVEBIRD HANGING DECORATION WHITE ,4033.7299999999996,4133,544,22.099999999999998,26.0,3.0,0.5448946331577014
LOVELY BONBON STICKER SHEET,307.44,345,58,0.0,0.0,0.0,0.0
LUNCH BAG  BLACK SKULL.,22346.96,12195,1273,202.2,128.0,22.0,0.8967074604996372
LUNCH BAG ALPHABET DESIGN,13325.55,7830,740,659.6,448.0,13.0,4.716431357547113
LUNCH BAG APPLE DESIGN,20852.579999999998,12147,1036,97.15,59.0,13.0,0.46372912681929557
LUNCH BAG CARS BLUE,21699.48,11786,1150,327.5,214.0,23.0,1.4868129902510467
LUNCH BAG DOILEY PATTERN ,10502.19,6551,492,6.6,4.0,4.0,0.06280456646293245
LUNCH BAG DOLLY GIRL DESIGN,11060.88,6706,682,28.049999999999997,17.0,8.0,0.2529549740146254
LUNCH BAG PAISLEY PARK  ,5497.33,3385,325,16.5,10.0,1.0,0.2992475284874579
LUNCH BAG PINK POLKADOT,17388.99,10487,1090,236.2,152.0,20.0,1.3401273972082
LUNCH BAG RED RETROSPOT,35572.36,19232,1564,854.7,574.0,43.0,2.3463326439191086
LUNCH BAG RED SPOTTY,290.0,200,1,0.0,0.0,0.0,0.0
LUNCH BAG RED VINTAGE DOILY,2525.04,1576,132,0.0,0.0,0.0,0.0
LUNCH BAG SPACEBOY DESIGN ,18031.31,10427,1157,242.35,159.0,13.0,1.3262258354374548
LUNCH BAG SUKI  DESIGN ,3786.91,2217,200,6.3999999999999995,4.0,3.0,0.1687180852606299
LUNCH BAG SUKI DESIGN ,18699.43,10301,1084,217.4,144.0,18.0,1.1492411783581074
LUNCH BAG VINTAGE DOILEY ,119.63,71,5,0.0,0.0,0.0,0.0
LUNCH BAG VINTAGE DOILY ,10797.0,6548,601,59.2,36.0,7.0,0.5453105138077781
LUNCH BAG VINTAGE LEAF DESIGN,10441.91,6308,668,109.85,73.0,4.0,1.0410585532650476
LUNCH BAG WOODLAND,18283.78,9909,1017,134.9,82.0,19.0,0.7324086199445347
LUNCH BOX I LOVE LONDON,20781.649999999998,11504,707,545.9999999999999,322.0,18.0,2.560057015189203
LUNCH BOX WITH CUTLERY FAIRY CAKES ,153.0,60,24,0.0,0.0,0.0,0.0
LUNCH BOX WITH CUTLERY RETROSPOT ,7860.969999999999,3088,482,40.8,16.0,9.0,0.5163400098965168
LUSH GREENS RIBBONS,72.42,56,15,0.0,0.0,0.0,0.0
M/COLOUR POM-POM CURTAIN,8.5,2,1,0.0,0.0,0.0,0.0
MA CAMPAGNE CUTLERY BOX,2661.7999999999997,168,101,283.15,21.0,8.0,9.614764257457683
MADRAS NOTEBOOK LARGE ,374.96000000000004,271,16,0.0,0.0,0.0,0.0
MADRAS NOTEBOOK MEDIUM,705.16,913,73,0.0,0.0,0.0,0.0
MAGAZINE RACK GEBRA ASSORTED ,256.5,198,18,0.0,0.0,0.0,0.0
MAGIC DRAWING SLATE BAKE A CAKE ,644.39,1782,88,10.08,24.0,1.0,1.5401775482451447
MAGIC DRAWING SLATE BUNNIES ,669.75,1763,134,20.16,48.0,1.0,2.922120276557812
MAGIC DRAWING SLATE CIRCUS PARADE  ,1412.41,3382,200,0.0,0.0,0.0,0.0
MAGIC DRAWING SLATE DINOSAUR,844.0,1929,171,20.16,48.0,1.0,2.3329013145713757
MAGIC DRAWING SLATE DOLLY GIRL ,1516.46,3628,233,10.08,24.0,1.0,0.6603167948432404
MAGIC DRAWING SLATE GO TO THE FAIR ,349.03,851,70,0.0,0.0,0.0,0.0
MAGIC DRAWING SLATE LEAP FROG ,366.75,1072,73,0.0,0.0,0.0,0.0
MAGIC DRAWING SLATE PURDEY,1803.95,4752,156,47.81999999999999,131.0,2.0,2.582394141821068
MAGIC DRAWING SLATE SPACEBOY ,1871.12,4496,261,0.84,2.0,1.0,0.04487275369131819
MAGIC GARDEN FELT GARLAND ,939.3699999999999,419,89,23.4,12.0,1.0,2.4304870322091467
MAGIC SHEEP WOOL GROWING FROM PAPER,1283.99,1265,115,102.0,120.0,1.0,7.359360457146155
MAGIC TREE -PAPER FLOWERS,848.6999999999999,918,105,0.85,1.0,1.0,0.10005296921899831
MAGNETS PACK OF 4 CHILDHOOD MEMORY,1347.08,1152,98,30.0,24.0,3.0,2.1785226711592647
MAGNETS PACK OF 4 HOME SWEET HOME,729.09,1393,150,0.39,1.0,1.0,0.05346274058233262
MAGNETS PACK OF 4 RETRO PHOTO,630.37,1226,128,15.0,12.0,2.0,2.324248105737794
MAGNETS PACK OF 4 SWALLOWS,1589.12,2575,248,105.0,84.0,4.0,6.197908058461031
MAGNETS PACK OF 4 VINTAGE COLLAGE,1033.16,1719,151,15.0,12.0,2.0,1.4310792245458708
MAGNETS PACK OF 4 VINTAGE LABELS ,689.28,1322,125,15.0,12.0,2.0,2.1298347248253537
MAKE YOUR OWN FLOWERPOWER CARD KIT,2408.54,930,206,17.700000000000003,6.0,1.0,0.7295238723292009
MAKE YOUR OWN MONSOON CARD KIT,2084.8500000000004,867,172,23.6,8.0,2.0,1.1193056510706916
MAKE YOUR OWN PLAYTIME CARD KIT,1323.5700000000002,639,101,5.9,2.0,1.0,0.44378586955704147
MAN FLU METAL SIGN,2490.13,1160,180,27.300000000000004,13.0,2.0,1.0844392892751735
MARIE ANTOIENETT TRINKET BOX GOLD,12.5,1,1,0.0,0.0,0.0,0.0
MARIE ANTOINETTE TRINKET BOX GOLD,1192.6,314,18,434.0,76.0,4.0,26.68142136972827
MARIE ANTOINETTE TRINKET BOX SILVER,1273.76,334,30,384.0,72.0,2.0,23.163787279220152
MAXWELL 2 TONE BLUE 60 PAGE PHOTO A,7.85,7,2,0.0,0.0,0.0,0.0
MEASURING TAPE BABUSHKA BLUE,1185.79,442,78,2.95,1.0,1.0,0.24816191934317008
MEASURING TAPE BABUSHKA PINK,1760.3100000000002,722,144,2.95,1.0,1.0,0.16730374420108207
MEASURING TAPE BABUSHKA RED,757.0200000000001,266,41,23.6,8.0,1.0,3.023237939074069
MEDINA STAMPED METAL STOOL,1351.64,35,20,39.95,1.0,1.0,2.870816835418478
MEDIUM CERAMIC TOP STORAGE JAR,81700.92000000001,78033,247,77479.64,74494.0,10.0,48.67405919416291
MEDIUM CHINESE STYLE SCISSOR,289.98,662,24,0.0,0.0,0.0,0.0
MEDIUM MEDINA STAMPED METAL BOWL ,948.7000000000002,310,58,0.0,0.0,0.0,0.0
MEDIUM PARLOUR FRAME ,84.1,22,2,0.0,0.0,0.0,0.0
MEDIUM PARLOUR PICTURE FRAME ,550.0,136,34,8.3,2.0,1.0,1.4866559197564035
MEDIUM PINK BUDDHA HEAD ,182.50000000000003,54,21,0.0,0.0,0.0,0.0
MEDIUM WHITE/PINK ROSE ART FLOWER,174.31,127,11,5.07,3.0,1.0,2.8264020515107595
MEMO BOARD COTTAGE DESIGN,7084.42,1457,311,24.75,5.0,5.0,0.3481419068611385
MEMO BOARD RETROSPOT  DESIGN,14193.35,2960,459,33.95,7.0,5.0,0.2386257406535323
METAL 4 HOOK HANGER FRENCH CHATEAU,7767.8,2444,493,279.77,101.0,6.0,3.4764531405132235
METAL BASE FOR CANDLES,4.62,11,2,0.0,0.0,0.0,0.0
METAL DECORATION NAUGHTY CHILDREN ,1603.29,1599,136,10.2,12.0,2.0,0.6321700165479798
METAL HERB GERDEN CONTAINER,139.68,24,5,0.0,0.0,0.0,0.0
METAL MERRY CHRISTMAS WREATH,1216.22,636,90,11.7,6.0,1.0,0.9528308033096616
METAL RABBIT LADDER EASTER ,62.9,74,16,3.4,4.0,1.0,5.128205128205128
METAL SIGN CUPCAKE SINGLE HOOK,534.24,696,111,8.4,20.0,1.0,1.5479876160990713
METAL SIGN DROP YOUR PANTS,3444.4300000000003,1275,206,17.34,6.0,1.0,0.5008998287003469
METAL SIGN EMPIRE TEA,2020.91,1549,228,0.0,0.0,0.0,0.0
METAL SIGN HER DINNER IS SERVED ,3896.4500000000003,1320,95,0.0,0.0,0.0,0.0
METAL SIGN HIS DINNER IS SERVED,620.42,575,148,10.2,12.0,1.0,1.6174558371126826
METAL SIGN NEIGHBOURHOOD WITCH ,1931.8500000000001,911,147,4.2,2.0,1.0,0.21693654606027737
METAL SIGN TAKE IT OR LEAVE IT ,11095.94,3774,412,53.10000000000001,18.0,3.0,0.4762741904235701
"METAL SIGN,CUPCAKE SINGLE HOOK",1060.8,1201,145,16.8,40.0,1.0,1.5590200445434301
METAL TUBE CHIME ON BAMBOO,529.21,490,15,0.0,0.0,0.0,0.0
METALIC LEAVES BAG CHARMS,205.06,83,36,0.0,0.0,0.0,0.0
MIDNIGHT BLUE COPPER FLOWER NECKLAC,67.83,11,7,0.0,0.0,0.0,0.0
MIDNIGHT BLUE CRYSTAL DROP EARRINGS,17.509999999999998,6,6,0.0,0.0,0.0,0.0
MIDNIGHT BLUE DROP CRYSTAL NECKLACE,53.760000000000005,11,5,0.0,0.0,0.0,0.0
MIDNIGHT BLUE GLASS/SILVER BRACELET,167.3,18,15,0.0,0.0,0.0,0.0
MIDNIGHT BLUE PAIR HEART HAIR SLIDE,119.84,32,24,15.0,4.0,1.0,11.124295461287453
MIDNIGHT BLUE VINTAGE EARRINGS,195.32,52,32,30.0,8.0,1.0,13.31439730161548
MIDNIGHT GLAMOUR SCARF KNITTING KIT,501.44,324,85,3.75,3.0,1.0,0.7422949781270413
MILK BOTTLE WITH GLASS STOPPER ,223.46,30,17,0.0,0.0,0.0,0.0
MILK MAIDS MUG ,393.59,219,33,33.0,20.0,4.0,7.735765020277081
MILK PAN BLUE POLKADOT,669.54,197,79,18.75,5.0,2.0,2.7241424399599006
MILK PAN PINK POLKADOT,319.35,64,37,3.75,1.0,1.0,1.160631383472609
MILK PAN RED RETROSPOT,1483.13,403,145,7.5,2.0,2.0,0.5031429663967584
MINI  ZINC GARDEN DECORATIONS ,330.54999999999995,829,33,0.85,1.0,1.0,0.2564876282438141
MINI CAKE STAND  HANGING STRAWBERY,2083.19,1375,220,37.75,23.0,7.0,1.7798711891896988
MINI CAKE STAND T-LIGHT HOLDER,931.02,1872,142,8.82,21.0,5.0,0.9384576098059243
MINI CAKE STAND WITH HANGING CAKES,1976.09,1354,183,88.85,69.0,12.0,4.302788458744564
MINI FUNKY DESIGN TAPES,993.99,1295,91,0.0,0.0,0.0,0.0
MINI HIGHLIGHTER PENS,100.79999999999998,840,4,0.0,0.0,0.0,0.0
MINI JIGSAW BAKE A CAKE ,530.8,1453,55,0.0,0.0,0.0,0.0
MINI JIGSAW BUNNIES,435.67,1142,75,0.42,1.0,1.0,0.09631039464330757
MINI JIGSAW CIRCUS PARADE ,960.86,2519,91,0.42,1.0,1.0,0.04369174434087883
MINI JIGSAW DINOSAUR ,338.23,809,101,0.84,2.0,1.0,0.24773645559913882
MINI JIGSAW DOLLY GIRL,1129.32,2918,136,0.0,0.0,0.0,0.0
MINI JIGSAW GO TO THE FAIR,164.42000000000002,402,40,0.0,0.0,0.0,0.0
MINI JIGSAW LEAP FROG,201.95,503,35,0.0,0.0,0.0,0.0
MINI JIGSAW PURDEY,799.9799999999999,2103,86,0.42,1.0,1.0,0.052473763118440785
MINI JIGSAW SPACEBOY,1714.9199999999998,4518,175,18.06,43.0,1.0,1.0421355122390334
MINI LADLE LOVE HEART PINK,297.4,528,166,0.0,0.0,0.0,0.0
MINI LADLE LOVE HEART RED ,401.18,865,153,0.0,0.0,0.0,0.0
MINI LIGHTS WOODLAND MUSHROOMS,6719.14,1798,215,68.1,20.0,2.0,1.0033533512885944
MINI PAINT SET VINTAGE ,16937.82,26633,380,127.4,196.0,10.0,0.7465476565787021
MINI PAINTED GARDEN DECORATION ,740.15,2451,79,0.0,0.0,0.0,0.0
MINI PLAYING CARDS BUFFALO BILL ,1155.67,2882,119,0.0,0.0,0.0,0.0
MINI PLAYING CARDS DOLLY GIRL ,1163.45,2627,120,0.84,2.0,1.0,0.07214697369212138
MINI PLAYING CARDS FUN FAIR ,451.46000000000004,1062,65,0.0,0.0,0.0,0.0
MINI PLAYING CARDS GYMKHANA,1118.8,2521,120,0.0,0.0,0.0,0.0
MINI PLAYING CARDS SPACEBOY ,1129.1200000000001,2723,146,0.0,0.0,0.0,0.0
MINI WOODEN HAPPY BIRTHDAY GARLAND,3131.24,1811,224,42.25,25.0,2.0,1.331341835014448
MINIATURE ANTIQUE ROSE HOOK IVORY,1775.5099999999998,2091,243,10.79,13.0,7.0,0.604041874265241
MINITURE ANTIQUE ROSE HOOK IVORY,40.8,48,4,0.0,0.0,0.0,0.0
MINT DINER CLOCK,17.0,2,1,0.0,0.0,0.0,0.0
MINT DINER WALL CLOCK,3159.41,371,162,8.5,1.0,1.0,0.2683157034132914
MINT GREEN ROSE TOWEL,754.07,196,86,0.0,0.0,0.0,0.0
MINT KITCHEN SCALES,7521.89,852,357,117.21000000000001,15.0,13.0,1.5343430508829574
MIRROR CORNICE,1515.68,94,62,59.8,4.0,4.0,3.7956686216264246
MIRROR LOVE BIRD T-LIGHT HOLDER,255.0,144,12,0.0,0.0,0.0,0.0
MIRROR MOSAIC CANDLE PLATE,343.71,288,59,0.0,0.0,0.0,0.0
MIRROR MOSAIC GOBLET CANDLE HOLDER,847.82,574,33,228.0,240.0,1.0,21.193136398282235
MIRROR MOSAIC HURRICANE LAMP ,898.38,349,47,156.75,121.0,2.0,14.855989309374198
MIRROR MOSAIC T-LIGHT HOLDER ,831.84,1622,31,280.8,720.0,1.0,25.237273511647974
MIRROR MOSAIC T-LIGHT HOLDER ROUND,908.24,1248,26,201.66000000000003,482.0,3.0,18.169204432831787
MIRROR MOSAIC VOTIVE HOLDER,2053.17,1438,69,126.36,324.0,1.0,5.797580212247594
MIRRORED DISCO BALL ,3435.05,649,134,216.9,42.0,8.0,5.939292706636181
MIRRORED DOVE WALL DECORATION,276.72,116,24,0.0,0.0,0.0,0.0
MIRRORED WALL ART FOXY,100.66000000000001,16,9,0.0,0.0,0.0,0.0
MIRRORED WALL ART GENTS,199.48999999999998,171,43,0.0,0.0,0.0,0.0
MIRRORED WALL ART LADIES,143.28,163,33,0.0,0.0,0.0,0.0
MIRRORED WALL ART PHOTO FRAMES,470.16999999999996,89,46,0.0,0.0,0.0,0.0
MIRRORED WALL ART POPPIES,319.71,287,38,0.0,0.0,0.0,0.0
MIRRORED WALL ART SKULLS,463.79,304,46,0.0,0.0,0.0,0.0
MIRRORED WALL ART SNOWFLAKES,389.04,512,47,9.0,12.0,1.0,2.261079288513717
MIRRORED WALL ART SPLODGES,161.49,101,16,0.0,0.0,0.0,0.0
MIRRORED WALL ART STARS,447.09000000000003,363,52,0.0,0.0,0.0,0.0
MIRRORED WALL ART TABLE LAMP,107.75,75,33,0.0,0.0,0.0,0.0
MISELTOE HEART WREATH ,312.8,80,5,0.0,0.0,0.0,0.0
MISELTOE HEART WREATH CREAM,996.0000000000001,240,1,0.0,0.0,0.0,0.0
MISELTOE HEART WREATH WHITE,304.5,78,4,0.0,0.0,0.0,0.0
MISTLETOE HEART WREATH CREAM,2535.48,624,110,24.9,6.0,2.0,0.9725118927659174
MISTLETOE HEART WREATH GREEN,3676.1800000000003,882,179,37.35,9.0,2.0,1.0057815609406682
MIXED NUTS LIGHT GREEN BOWL,296.45,568,68,0.0,0.0,0.0,0.0
MOBILE VINTAGE HEARTS ,1146.3500000000001,249,93,64.35000000000001,13.0,6.0,5.315106962914017
MOCK LOBSTER FRIDGE MAGNET,164.17,296,45,0.0,0.0,0.0,0.0
MODERN FLORAL STATIONERY SET,2870.0,1672,366,15.0,12.0,1.0,0.5199306759098787
MODERN VINTAGE COTTON SHOPPING BAG,29.7,22,8,0.0,0.0,0.0,0.0
MONEY BOX BISCUITS DESIGN,299.72,228,57,1.25,1.0,1.0,0.41532378642389606
MONEY BOX CONFECTIONERY DESIGN,162.44,145,29,0.0,0.0,0.0,0.0
MONEY BOX FIRST ADE DESIGN,62.5,50,13,0.0,0.0,0.0,0.0
MONEY BOX FIRST AID DESIGN,36.78,44,11,0.0,0.0,0.0,0.0
MONEY BOX HOUSEKEEPING DESIGN,247.42000000000002,237,58,0.0,0.0,0.0,0.0
MONEY BOX KINGS CHOICE DESIGN,403.46,346,84,1.25,1.0,1.0,0.3088631365669245
MONEY BOX POCKET MONEY DESIGN,415.36,372,70,1.06,1.0,1.0,0.25455069401085445
MONSTERS STENCIL CRAFT,1763.3700000000001,1413,211,0.0,0.0,0.0,0.0
MONTANA DIAMOND CLUSTER EARRINGS,24.119999999999997,9,4,2.55,1.0,1.0,9.561304836895388
MONTANA DIAMOND CLUSTER NECKLACE,37.66,4,3,0.0,0.0,0.0,0.0
MOODY BOY  DOOR HANGER ,601.79,1126,124,0.0,0.0,0.0,0.0
MOODY GIRL DOOR HANGER ,781.87,1469,170,9.36,24.0,1.0,1.1829682898777851
MOP PENDANT SHELL NECKLACE,49.64,10,4,0.0,0.0,0.0,0.0
MORE BUTTER METAL SIGN ,821.61,760,160,0.0,0.0,0.0,0.0
MOROCCAN BEATEN METAL DISH,160.09,15,6,29.849999999999998,3.0,1.0,15.715489101821628
MOROCCAN BEATEN METAL DISH LARGE,165.74,12,8,0.0,0.0,0.0,0.0
MOROCCAN BEATEN METAL MIRROR,268.1,19,13,0.0,0.0,0.0,0.0
MOROCCAN TEA GLASS,3357.34,4162,125,6.050000000000001,9.0,4.0,0.1798780397158819
MOTHER'S KITCHEN SPOON REST ,967.17,226,84,30.0,8.0,3.0,3.0085140948885347
MOTORING TISSUE BOX,822.13,1830,160,15.0,12.0,1.0,1.7918363933917076
MOUSE TOY WITH PINK T-SHIRT,1482.43,389,165,0.0,0.0,0.0,0.0
MOUSEY LONG LEGS SOFT TOY,266.03,97,41,0.0,0.0,0.0,0.0
MR ROBOT SOFT TOY,697.7,216,44,27.8,4.0,1.0,3.8318401102687805
MRS ROBOT SOFT TOY,428.85,143,28,1.95,1.0,1.0,0.45264623955431754
"MUG , DOTCOMGIFTSHOP.COM ",4.17,5,5,0.0,0.0,0.0,0.0
MULTI COLOUR SILVER T-LIGHT HOLDER,8744.43,10545,347,97.46,103.0,19.0,1.1022530250885276
MULTI HEARTS  STICKERS,204.69,237,42,0.0,0.0,0.0,0.0
MULTICOLOUR  CONFETTI IN TUBE,382.9599999999999,284,27,34.65,21.0,1.0,8.297215105002277
MULTICOLOUR 3D BALLS GARLAND,677.1899999999999,253,68,51.0,20.0,3.0,7.003666625468628
MULTICOLOUR EASTER RABBIT ,39.0,20,4,0.0,0.0,0.0,0.0
MULTICOLOUR HONEYCOMB FAN,886.24,1224,89,8.33,19.0,5.0,0.9311736364957465
MULTICOLOUR HONEYCOMB PAPER GARLAND,1531.1399999999999,1119,75,0.0,0.0,0.0,0.0
MULTICOLOUR POLKADOT PLATE,30.43,29,3,0.0,0.0,0.0,0.0
MULTICOLOUR RABBIT EGG WARMER,292.07,319,70,0.0,0.0,0.0,0.0
MULTICOLOUR SPRING FLOWER MUG,1695.86,2544,135,1.17,3.0,2.0,0.0689439785979034
MUM'S KITCHEN CLOCK,621.09,122,49,4.95,1.0,1.0,0.7906843013225991
MUMMY MOUSE RED GINGHAM RIBBON,5.45,1,1,0.0,0.0,0.0,0.0
MURANO STYLE GLASS BRACELET BLACK,66.7,18,11,0.0,0.0,0.0,0.0
MURANO STYLE GLASS BRACELET GOLD,54.42,15,10,0.0,0.0,0.0,0.0
MURANO STYLE GLASS BRACELET RED,54.290000000000006,14,5,0.0,0.0,0.0,0.0
MUSICAL ZINC HEART DECORATION ,1179.59,2763,176,28.9,34.0,2.0,2.3914140787263443
N0 SINGING METAL SIGN,2639.42,1225,49,0.0,0.0,0.0,0.0
NAMASTE SWAGAT INCENSE,632.34,2391,47,0.0,0.0,0.0,0.0
NATURAL HANGING QUILTED HEARTS ,1171.23,1449,72,13.28,16.0,3.0,1.121138698702417
NATURAL SLATE CHALKBOARD LARGE ,9534.67,1727,476,326.8,68.0,32.0,3.31390756144875
NATURAL SLATE HEART CHALKBOARD ,27991.61,9119,1249,152.60000000000002,52.0,17.0,0.5422074380485365
NATURAL SLATE RECTANGLE CHALKBOARD,5573.679999999999,3195,415,57.74999999999999,35.0,9.0,1.0254944126092307
NECKLACE+BRACELET PINK BUTTERFLY,73.95,29,10,15.299999999999999,6.0,1.0,17.142857142857142
NECKLACE+BRACELET SET BLUE BLOSSOM,112.21,45,26,0.0,0.0,0.0,0.0
NECKLACE+BRACELET SET BLUE HIBISCUS,76.38,27,16,0.0,0.0,0.0,0.0
NECKLACE+BRACELET SET FRUIT SALAD ,35.699999999999996,14,13,0.0,0.0,0.0,0.0
NECKLACE+BRACELET SET PINK DAISY,2.55,1,1,0.0,0.0,0.0,0.0
NEW BAROQUE B'FLY NECKLACE CRYSTAL,42.13,5,4,0.0,0.0,0.0,0.0
NEW BAROQUE B'FLY NECKLACE GREEN,33.81,4,3,0.0,0.0,0.0,0.0
NEW BAROQUE B'FLY NECKLACE MONTANA,16.810000000000002,2,2,0.0,0.0,0.0,0.0
NEW BAROQUE B'FLY NECKLACE PINK,16.82,2,2,0.0,0.0,0.0,0.0
NEW BAROQUE B'FLY NECKLACE RED,67.28,8,6,17.0,2.0,1.0,20.170859041290935
NEW BAROQUE BLACK BOXES,38.25,3,3,0.0,0.0,0.0,0.0
NEW BAROQUE BLACK PHOTO ALBUM,146.21,27,14,0.0,0.0,0.0,0.0
NEW BAROQUE JEWELLERY BOX ,446.89,53,25,7.95,1.0,1.0,1.7478673819365051
NEW BAROQUE LARGE NECKLACE BLK/WHIT,134.16,16,14,0.0,0.0,0.0,0.0
NEW BAROQUE SMALL NECKLACE BLACK,42.14,5,4,0.0,0.0,0.0,0.0
NEW ENGLAND MUG W GIFT BOX,5.1,2,2,0.0,0.0,0.0,0.0
NEWSPAPER STAND,316.95000000000005,27,5,0.0,0.0,0.0,0.0
NINJA RABBIT BLACK,239.24,187,58,0.0,0.0,0.0,0.0
NINJA RABBIT PINK,187.79,167,42,0.0,0.0,0.0,0.0
NO JUNK MAIL METAL SIGN,1313.79,1940,266,4.68,12.0,1.0,0.3549568818403149
NO SINGING METAL SIGN,10193.76,4788,496,73.30000000000001,38.0,4.0,0.7139336869561492
NOEL GARLAND PAINTED ZINC ,787.2099999999999,1398,128,17.4,12.0,1.0,2.1625383726277327
NOEL WOODEN BLOCK LETTERS ,2159.7000000000003,352,133,5.95,1.0,1.0,0.2747443030960682
NOVELTY BISCUITS CAKE STAND 3 TIER,3939.87,385,165,268.25,29.0,12.0,6.374580572797354
NUMBER TILE COTTAGE GARDEN 0 ,144.65,63,20,0.0,0.0,0.0,0.0
NUMBER TILE COTTAGE GARDEN 1,246.14,96,44,1.95,1.0,1.0,0.7860050788020477
NUMBER TILE COTTAGE GARDEN 2,240.29,93,39,0.0,0.0,0.0,0.0
NUMBER TILE COTTAGE GARDEN 3 ,163.35,67,25,0.0,0.0,0.0,0.0
NUMBER TILE COTTAGE GARDEN 4,177.46,72,30,0.0,0.0,0.0,0.0
NUMBER TILE COTTAGE GARDEN 5,145.5,60,26,0.0,0.0,0.0,0.0
NUMBER TILE COTTAGE GARDEN 6,150.81,65,21,0.0,0.0,0.0,0.0
NUMBER TILE COTTAGE GARDEN 7,149.09,63,25,0.0,0.0,0.0,0.0
NUMBER TILE COTTAGE GARDEN 8,138.81,61,20,0.0,0.0,0.0,0.0
NUMBER TILE COTTAGE GARDEN 9,138.10999999999999,63,19,1.95,1.0,1.0,1.3922604598029418
NUMBER TILE COTTAGE GARDEN No,204.19,75,33,2.1,1.0,1.0,1.0179843909060062
NUMBER TILE VINTAGE FONT 0,102.46,70,16,0.0,0.0,0.0,0.0
NUMBER TILE VINTAGE FONT 1,196.69,97,32,0.0,0.0,0.0,0.0
NUMBER TILE VINTAGE FONT 2,197.56,102,34,0.0,0.0,0.0,0.0
NUMBER TILE VINTAGE FONT 3,213.7,108,42,1.95,1.0,1.0,0.9042429863204267
NUMBER TILE VINTAGE FONT 4,191.48,100,32,1.95,1.0,1.0,1.0081166313395027
NUMBER TILE VINTAGE FONT 5,194.04999999999998,99,36,0.0,0.0,0.0,0.0
NUMBER TILE VINTAGE FONT 6 ,172.78,96,28,1.95,1.0,1.0,1.1160075545126766
NUMBER TILE VINTAGE FONT 7,146.43,87,25,0.0,0.0,0.0,0.0
NUMBER TILE VINTAGE FONT 8,126.78,78,23,0.0,0.0,0.0,0.0
NUMBER TILE VINTAGE FONT 9 ,124.97999999999999,76,21,0.0,0.0,0.0,0.0
NUMBER TILE VINTAGE FONT No ,263.8,169,33,0.0,0.0,0.0,0.0
NURSE'S BAG SOFT TOY,634.53,70,29,0.0,0.0,0.0,0.0
"NURSERY A,B,C PAINTED LETTERS",932.4,198,73,0.0,0.0,0.0,0.0
Next Day Carriage,1200.0,79,79,15.0,1.0,1.0,1.2345679012345678
OCEAN SCENT CANDLE IN JEWELLED BOX,1993.48,1028,82,662.24,454.0,6.0,24.93636377328935
OCEAN SCENT CANDLE JEWELLED DRAWER,8.47,1,1,0.0,0.0,0.0,0.0
OCEAN STRIPE HAMMOCK ,15.9,2,1,0.0,0.0,0.0,0.0
OFFICE MUG WARMER BLACK+SILVER ,3403.76,1132,142,20.650000000000002,7.0,2.0,0.6030235865448355
OFFICE MUG WARMER CHOC+BLUE,1759.1200000000001,570,133,5.9,2.0,1.0,0.3342738325911321
OFFICE MUG WARMER PINK,1564.8300000000002,565,65,637.5,250.0,1.0,28.946615629810246
OFFICE MUG WARMER POLKADOT,1950.4900000000002,645,131,76.70000000000002,26.0,2.0,3.7835624682442197
OLD DOC RUSSEL METAL SIGN,29.400000000000002,14,3,0.0,0.0,0.0,0.0
OLD ROSE COMBO BEAD NECKLACE,157.5,54,45,0.0,0.0,0.0,0.0
OOH LA LA DOGS COLLAR,15.79,1,1,0.0,0.0,0.0,0.0
OPEN CLOSED METAL SIGN,7923.93,1638,388,29.700000000000003,6.0,1.0,0.37341440323474945
OPIUM SCENTED VOTIVE CANDLE,203.27999999999997,840,18,0.0,0.0,0.0,0.0
OPULENT VELVET SET/3 CANDLES,8.42,2,1,0.0,0.0,0.0,0.0
ORANGE FELT VASE + FLOWERS,1.25,1,1,0.0,0.0,0.0,0.0
ORANGE FLOWER MUG ,9.06,10,2,0.0,0.0,0.0,0.0
ORANGE PENDANT TRIPLE SHELL NECKLAC,24.75,5,2,0.0,0.0,0.0,0.0
ORANGE SCENTED SET/9 T-LIGHTS,511.04999999999995,600,87,8.5,10.0,1.0,1.6360311808295642
ORANGE TV TRAY TABLE ,1165.9099999999999,504,43,0.0,0.0,0.0,0.0
ORANGE VOTIVE CANDLE,257.03999999999996,1032,25,13.919999999999998,48.0,1.0,5.137289636846766
ORANGE/FUSCHIA STONES NECKLACE,4.98,1,1,0.0,0.0,0.0,0.0
ORANGE/WHT/FUSCHIA STONES NECKLACE,39.660000000000004,8,2,0.0,0.0,0.0,0.0
ORGANISER WOOD ANTIQUE WHITE ,1205.3,143,76,110.5,13.0,9.0,8.397932816537468
ORIENTAL RED CUSHION COVER ,60.45,13,4,0.0,0.0,0.0,0.0
ORIGAMI JASMINE INCENSE/CANDLE SET,595.85,525,85,0.0,0.0,0.0,0.0
ORIGAMI LAVENDER INCENSE/CANDL SET ,481.79999999999995,420,85,0.0,0.0,0.0,0.0
ORIGAMI OPIUM INCENSE/CANDLE SET ,62.64,44,10,0.0,0.0,0.0,0.0
ORIGAMI ROSE INCENSE IN TUBE,267.82,535,13,0.0,0.0,0.0,0.0
ORIGAMI ROSE INCENSE/CANDLE SET ,547.24,461,97,0.0,0.0,0.0,0.0
ORIGAMI SANDLEWOOD INCENSE+FLOWER,66.36000000000001,81,7,0.0,0.0,0.0,0.0
ORIGAMI SANDLEWOOD INCENSE/CAND SET,530.6,448,94,0.0,0.0,0.0,0.0
ORIGAMI VANILLA INCENSE CONES,71.19,155,8,0.0,0.0,0.0,0.0
ORIGAMI VANILLA INCENSE/CANDLE SET ,375.93,323,65,0.0,0.0,0.0,0.0
OVAL  MINI PORTRAIT FRAME,615.98,316,47,0.0,0.0,0.0,0.0
OVEN MITT APPLES DESIGN,2013.1,1350,211,60.9,42.0,5.0,2.936354869816779
OVERNIGHT BAG VINTAGE ROSE PAISLEY,2704.35,405,178,29.700000000000003,6.0,3.0,1.0863005431502717
OWL DOORSTOP,4051.79,695,251,0.0,0.0,0.0,0.0
OYSTER TRINKET BOX,120.41,53,19,0.0,0.0,0.0,0.0
PACK 20 DOLLY PEGS,174.5,242,4,0.0,0.0,0.0,0.0
PACK 20 ENGLISH ROSE PAPER NAPKINS,508.36999999999995,554,80,0.0,0.0,0.0,0.0
PACK 3 BOXES BIRD PANETTONE ,451.84,204,31,0.0,0.0,0.0,0.0
PACK 3 BOXES BIRD PANNETONE ,4188.94,2168,187,0.0,0.0,0.0,0.0
PACK 3 BOXES CHRISTMAS PANETTONE,248.48,76,24,11.7,6.0,1.0,4.496886770697209
PACK 3 BOXES CHRISTMAS PANNETONE,3359.8199999999997,1649,161,29.25,15.0,2.0,0.8630686294470166
PACK 3 FIRE ENGINE/CAR PATCHES,118.4,85,19,0.0,0.0,0.0,0.0
PACK 3 IRON ON DOG PATCHES,355.84,294,65,0.0,0.0,0.0,0.0
PACK 4 FLOWER/BUTTERFLY PATCHES,1.25,1,1,0.0,0.0,0.0,0.0
PACK 6 HEART/ICE-CREAM PATCHES,560.62,467,98,0.0,0.0,0.0,0.0
PACK OF 12 50'S CHRISTMAS TISSUES,1840.08,3997,176,0.0,0.0,0.0,0.0
PACK OF 12 BLUE PAISLEY TISSUES ,777.67,2301,155,6.959999999999999,24.0,1.0,0.8870423001924473
PACK OF 12 CHRISTMAS FUN CARDS,283.79,106,37,67.85000000000001,23.0,2.0,19.29530201342282
PACK OF 12 CIRCUS PARADE TISSUES ,660.15,2073,102,4.68,12.0,1.0,0.7039393529172872
PACK OF 12 COLOURED PENCILS,3183.6299999999997,3947,219,10.2,12.0,1.0,0.3193657771390463
PACK OF 12 DOILEY TISSUES,28.08,72,2,0.0,0.0,0.0,0.0
PACK OF 12 DOLLY GIRL TISSUES,592.4499999999999,1351,133,3.12,8.0,1.0,0.5238678912638314
PACK OF 12 HEARTS DESIGN TISSUES ,2729.5099999999998,8775,427,0.0,0.0,0.0,0.0
PACK OF 12 LONDON TISSUES ,7975.98,26119,512,8.16,24.0,2.0,0.10220261668758314
PACK OF 12 PAISLEY PARK TISSUES ,839.8399999999999,1840,136,0.0,0.0,0.0,0.0
PACK OF 12 PINK PAISLEY TISSUES ,1112.6,3458,212,17.4,60.0,2.0,1.5398230088495575
PACK OF 12 PINK POLKADOT TISSUES,1197.73,4067,189,0.0,0.0,0.0,0.0
PACK OF 12 RED APPLE TISSUES,465.36,1220,76,0.0,0.0,0.0,0.0
PACK OF 12 RED RETROSPOT TISSUES ,2121.18,6685,297,38.28,132.0,3.0,1.7726653885693646
PACK OF 12 SKULL TISSUES,1582.1499999999999,5271,232,0.0,0.0,0.0,0.0
PACK OF 12 SPACEBOY TISSUES,1024.2199999999998,3032,219,14.43,37.0,4.0,1.3893034227121746
PACK OF 12 STICKY BUNNIES,751.28,991,167,1.3,2.0,1.0,0.17273911079220816
PACK OF 12 SUKI TISSUES ,2215.6099999999997,7173,359,0.39,1.0,1.0,0.017599277978339354
PACK OF 12 TRADITIONAL CRAYONS,4072.13,9719,443,0.84,2.0,2.0,0.0206237708600849
PACK OF 12 VINTAGE CHRISTMAS TISSUE,1384.9099999999999,3039,155,9.36,24.0,1.0,0.6713190415055909
PACK OF 12 VINTAGE DOILY TISSUES,955.42,2272,119,14.04,36.0,2.0,1.448228910940111
PACK OF 12 VINTAGE LEAF TISSUES ,562.88,1496,80,0.0,0.0,0.0,0.0
PACK OF 12 WOODLAND TISSUES ,1651.3,5468,271,2.73,7.0,1.0,0.16505141986541963
PACK OF 20 NAPKINS PANTRY DESIGN,5670.0,6573,670,44.199999999999996,52.0,6.0,0.7735116026740401
PACK OF 20 NAPKINS RED APPLES,3569.58,4380,375,2.55,3.0,2.0,0.07138597979356853
PACK OF 20 SKULL PAPER NAPKINS,2233.1,2409,335,0.0,0.0,0.0,0.0
PACK OF 20 SPACEBOY NAPKINS,1222.61,1538,145,8.5,10.0,1.0,0.6904338361316211
PACK OF 6 BIRDY GIFT TAGS,7547.89,6221,395,56.25,45.0,3.0,0.7397286215140699
PACK OF 6 COCKTAIL PARASOL STRAWS,1000.4399999999999,2501,111,0.0,0.0,0.0,0.0
PACK OF 6 HANDBAG GIFT BOXES,1570.3999999999999,573,111,5.1,2.0,2.0,0.32370675975880675
PACK OF 6 LARGE FRUIT STRAWS ,1401.7,2282,151,22.32,36.0,2.0,1.567393716380388
PACK OF 6 PANETTONE GIFT BOXES,548.63,233,18,35.699999999999996,14.0,1.0,6.109561377988464
PACK OF 6 PANNETONE GIFT BOXES,5398.33,2097,178,2.55,1.0,1.0,0.047214528002843974
PACK OF 6 SANDCASTLE FLAGS ASSORTED,2172.2,2523,224,11.049999999999999,13.0,2.0,0.5061261880224436
PACK OF 6 SKULL PAPER CUPS,1346.65,2113,171,8.450000000000001,13.0,2.0,0.6235702162202051
PACK OF 6 SKULL PAPER PLATES,1862.75,2321,193,0.0,0.0,0.0,0.0
PACK OF 6 SMALL FRUIT STRAWS,682.39,1685,100,30.240000000000002,72.0,2.0,4.243436285309348
PACK OF 6 SWEETIE GIFT BOXES,2649.35,1061,102,30.599999999999998,12.0,1.0,1.1418123472452846
PACK OF 60 DINOSAUR CAKE CASES,6102.51,12312,601,36.06,71.0,3.0,0.5874332295632371
PACK OF 60 MUSHROOM CAKE CASES,2869.9,5199,393,15.950000000000001,29.0,2.0,0.5526967791118735
PACK OF 60 PINK PAISLEY CAKE CASES,12226.32,24820,869,55.550000000000004,101.0,6.0,0.4522926883284061
PACK OF 60 SPACEBOY CAKE CASES,4563.24,8420,520,25.300000000000004,46.0,2.0,0.5513736395454765
PACK OF 72 RETROSPOT CAKE CASES,21246.45,36396,1320,199.38,380.0,14.0,0.9296912266860269
PACK OF 72 SKULL CAKE CASES,8414.59,15169,663,26.400000000000002,48.0,1.0,0.3127595222835236
PACK OF SIX LED TEA LIGHTS,5008.26,1752,203,239.04000000000002,96.0,1.0,4.555485678348865
PACK/12 BLUE FOLKART CARDS,64.9,22,18,0.0,0.0,0.0,0.0
PACK/12 XMAS FUN CARD,100.30000000000001,34,11,0.0,0.0,0.0,0.0
PACKING CHARGE,105.0,14,14,15.0,2.0,2.0,12.5
PADS TO MATCH ALL CUSHIONS,0.003,3,3,0.0,0.0,0.0,0.0
PAINT YOUR OWN CANVAS SET,3986.64,2461,220,396.45,273.0,4.0,9.044988809264696
PAINT YOUR OWN EGGS IN CRATE,299.36,164,5,0.0,0.0,0.0,0.0
PAINTED HEART WREATH WITH BELL,15.0,12,1,0.0,0.0,0.0,0.0
PAINTED LIGHTBULB RAINBOW DESIGN,98.11999999999999,152,51,0.0,0.0,0.0,0.0
PAINTED LIGHTBULB STAR+ MOON,103.22999999999999,180,53,0.0,0.0,0.0,0.0
PAINTED METAL HEART WITH HOLLY BELL,854.3499999999999,1372,97,0.0,0.0,0.0,0.0
PAINTED METAL PEARS ASSORTED,7793.139999999999,4687,370,15.209999999999999,9.0,2.0,0.19479147323058008
PAINTED METAL STAR WITH HOLLY BELLS,1102.4199999999998,1916,117,34.8,24.0,1.0,3.0600939132269924
PAINTED PINK RABBIT ,485.15999999999997,572,136,0.0,0.0,0.0,0.0
PAINTED SEA SHELL METAL WINDCHIME,85.31,93,8,0.0,0.0,0.0,0.0
PAINTED YELLOW WOODEN DAISY,516.79,612,117,11.049999999999999,13.0,1.0,2.0934374052743254
PAIR BUTTERFLY HAIR CLIPS,120.34,32,17,0.0,0.0,0.0,0.0
PAIR OF ENAMEL BUTTERFLY HAIRCLIP,96.86,29,18,13.4,4.0,1.0,12.153092690005442
PAIR OF PINK FLOWER CLUSTER SLIDE,132.7,53,37,15.299999999999999,6.0,1.0,10.337837837837839
PAIR PADDED HANGERS PINK CHECK,376.27000000000004,112,43,0.0,0.0,0.0,0.0
PAISLEY PARK CARD,165.07999999999998,376,41,0.0,0.0,0.0,0.0
PAISLEY PATTERN  STICKERS,111.86,125,32,0.0,0.0,0.0,0.0
PALE PINK/AMETHYST STONE NECKLACE,29.849999999999998,3,2,0.0,0.0,0.0,0.0
PANDA AND BUNNIES STICKER SHEET,355.83,408,81,0.0,0.0,0.0,0.0
PANTRY 3 HOOK ROLLING PIN HANGER,876.9,219,66,18.75,5.0,3.0,2.0934516831351533
PANTRY APPLE CORER,704.13,471,105,8.7,6.0,2.0,1.2204873532258742
PANTRY CHOPPING BOARD,5868.5,1154,57,4803.0599999999995,946.0,6.0,45.00804006162173
PANTRY HOOK BALLOON WHISK ,477.89,213,47,0.0,0.0,0.0,0.0
PANTRY HOOK SPATULA,349.2,160,33,0.0,0.0,0.0,0.0
PANTRY HOOK TEA STRAINER ,351.37,164,32,0.0,0.0,0.0,0.0
PANTRY KITCHEN THERMOMETER ,154.52,112,31,0.0,0.0,0.0,0.0
PANTRY MAGNETIC  SHOPPING LIST,5062.599999999999,3342,475,92.8,64.0,14.0,1.8000543119835515
PANTRY PASTRY BRUSH,1543.77,1154,212,30.0,24.0,2.0,1.9062505957033113
PANTRY ROLLING PIN,9564.98,2464,238,272.61,75.0,12.0,2.771105524828744
PANTRY SCRUBBING BRUSH,3910.0099999999998,2363,291,124.04999999999998,81.0,6.0,3.075065814588776
PANTRY WASHING UP BRUSH,6391.82,4090,381,117.55000000000001,91.0,5.0,1.8058583242310702
PAPER BUNTING COLOURED LACE,5661.05,1893,238,149.2,56.0,3.0,2.5678757368443694
PAPER BUNTING PAISLEY PARK,679.07,249,31,17.700000000000003,6.0,1.0,2.5402930665786414
PAPER BUNTING RETROSPOT,22785.06,7562,798,196.4,72.0,7.0,0.8546019269445891
PAPER BUNTING VINTAGE PAISLEY,4457.43,1423,272,0.0,0.0,0.0,0.0
PAPER BUNTING VINTAGE PARTY,1215.53,427,47,0.0,0.0,0.0,0.0
PAPER BUNTING WHITE LACE,11872.58,4082,326,223.8,76.0,8.0,1.850140289904914
PAPER CHAIN KIT 50'S CHRISTMAS ,64875.590000000004,19329,1160,1160.35,453.0,10.0,1.7571492129891688
PAPER CHAIN KIT EMPIRE,15099.37,5181,436,120.95,41.0,2.0,0.7946613474618142
PAPER CHAIN KIT LONDON,1358.0900000000001,463,94,17.700000000000003,6.0,3.0,1.2865335552664288
PAPER CHAIN KIT RETROSPOT,14051.640000000001,4616,610,165.20000000000002,56.0,5.0,1.1620022452246772
PAPER CHAIN KIT SKULLS ,1566.99,548,97,0.0,0.0,0.0,0.0
PAPER CHAIN KIT VINTAGE CHRISTMAS,32843.840000000004,10594,820,931.45,351.0,12.0,2.757785351361898
"PAPER CRAFT , LITTLE BIRDIE",168469.6,80995,1,168469.6,80995.0,1.0,50.0
PAPER LANTERN 5 POINT SEQUIN STAR,287.5,50,21,0.0,0.0,0.0,0.0
PAPER LANTERN 5 POINT STAR MOON ,456.48,108,20,83.0,20.0,1.0,15.385185734410914
PAPER LANTERN 5 POINT STAR MOON 30,41.5,10,5,0.0,0.0,0.0,0.0
PAPER LANTERN 5 POINT STUDDED STAR,46.0,8,4,0.0,0.0,0.0,0.0
PAPER LANTERN 6 POINT SNOW STAR,107.9,26,6,0.0,0.0,0.0,0.0
PAPER LANTERN 7 POINT SNOW STAR,711.51,103,28,66.5,10.0,1.0,8.547447976247092
PAPER LANTERN 9 POINT DELUXE STAR,2111.4900000000002,349,36,0.0,0.0,0.0,0.0
PAPER LANTERN 9 POINT HOLLY STAR 23,74.7,18,5,0.0,0.0,0.0,0.0
PAPER LANTERN 9 POINT HOLLY STAR 40,37.5,6,3,0.0,0.0,0.0,0.0
PAPER LANTERN 9 POINT HOLLY STAR L,506.01,75,20,0.0,0.0,0.0,0.0
PAPER LANTERN 9 POINT HOLLY STAR S,348.59000000000003,83,20,0.0,0.0,0.0,0.0
PAPER LANTERN 9 POINT SNOW STAR,1139.5800000000002,258,52,99.60000000000001,24.0,1.0,8.037573233912749
PAPER LANTERN 9 POINT SNOW STAR ,1325.03,241,37,0.0,0.0,0.0,0.0
PAPER POCKET TRAVELING FAN ,840.0200000000001,6591,138,108.29000000000002,1385.0,4.0,11.419261633853909
PAPERWEIGHT CHILDHOOD MEMORIES,440.34,266,36,0.0,0.0,0.0,0.0
PAPERWEIGHT HOME SWEET HOME,245.57999999999998,158,29,0.0,0.0,0.0,0.0
PAPERWEIGHT KINGS CHOICE ,230.67999999999998,168,23,15.299999999999999,6.0,1.0,6.220017887633141
PAPERWEIGHT SAVE THE PLANET,641.55,338,45,210.0,100.0,1.0,24.66091245376079
PAPERWEIGHT VINTAGE COLLAGE,736.88,510,71,10.2,4.0,2.0,1.365315628848316
PAPERWEIGHT VINTAGE PAISLEY,220.04,152,33,0.0,0.0,0.0,0.0
PARISIENNE CURIO CABINET,4507.08,546,241,239.85000000000002,33.0,19.0,5.0527393494321595
PARISIENNE JEWELLERY DRAWER ,6102.18,813,258,180.0,24.0,17.0,2.8652474141142084
PARISIENNE KEY CABINET ,4147.18,700,255,293.25,51.0,28.0,6.60409014442295
PARISIENNE SEWING BOX,3839.2400000000002,312,138,283.2,24.0,16.0,6.869717934039063
PARLOUR CERAMIC WALL HOOK,1869.0000000000002,450,75,141.10000000000002,34.0,6.0,7.019551266106164
PARTY BUNTING,99445.23,18283,1685,1201.3500000000001,277.0,20.0,1.1936322128382308
PARTY CHARMS 50 PIECES,1726.09,2251,133,2.4899999999999998,3.0,2.0,0.1440488724849298
PARTY CONE CHRISTMAS DECORATION ,2664.6299999999997,2277,110,104.52999999999999,145.0,2.0,3.774790911323289
PARTY CONES CANDY ASSORTED,2127.53,1762,76,70.0,56.0,3.0,3.1853945111102004
PARTY CONES CANDY DECORATION,621.96,454,67,0.0,0.0,0.0,0.0
PARTY CONES CANDY TREE DECORATION,604.4599999999999,734,33,0.0,0.0,0.0,0.0
PARTY CONES CARNIVAL ASSORTED,504.88,404,22,0.0,0.0,0.0,0.0
PARTY FOOD SHOPPER BAG,469.63,400,73,0.0,0.0,0.0,0.0
PARTY INVITES BALLOON GIRL,359.28999999999996,405,71,0.0,0.0,0.0,0.0
PARTY INVITES DINOSAURS,528.2299999999999,611,94,10.2,12.0,1.0,1.8943966718050629
PARTY INVITES FOOTBALL,451.7,488,83,0.0,0.0,0.0,0.0
PARTY INVITES JAZZ HEARTS,458.31,528,102,0.0,0.0,0.0,0.0
PARTY INVITES SPACEMAN,457.38,538,74,0.0,0.0,0.0,0.0
PARTY INVITES WOODLAND,965.66,1154,122,10.2,12.0,1.0,1.0452318980181583
PARTY METAL SIGN ,5338.63,3485,467,18.849999999999998,13.0,2.0,0.35184452391796134
PARTY PIZZA DISH BLUE POLKADOT,399.05,1117,71,15.299999999999999,18.0,1.0,3.6925304694099186
PARTY PIZZA DISH GREEN POLKADOT,381.09,1034,59,0.0,0.0,0.0,0.0
PARTY PIZZA DISH PINK POLKADOT,459.81,1225,76,0.0,0.0,0.0,0.0
PARTY PIZZA DISH RED RETROSPOT,873.3299999999999,1974,94,15.299999999999999,18.0,1.0,1.7217514601127577
PARTY TIME DESIGN FLANNEL,75.35,86,25,0.0,0.0,0.0,0.0
PARTY TIME PENCIL ERASERS,321.67,1396,134,0.0,0.0,0.0,0.0
PASTEL BLUE PHOTO ALBUM ,14.5,29,2,0.0,0.0,0.0,0.0
PASTEL COLOUR HONEYCOMB FAN,697.77,940,83,15.989999999999998,41.0,4.0,2.2402488231338262
PASTEL PINK PHOTO ALBUM ,3.5,7,2,0.0,0.0,0.0,0.0
PEACE SMALL WOOD LETTERS,222.96,30,24,6.75,1.0,1.0,2.9384876583518347
PEACE WOODEN BLOCK LETTERS,1734.8700000000001,345,106,6.95,1.0,1.0,0.39900793422971376
PEACH KNITTED HEN ,316.46,315,60,0.0,0.0,0.0,0.0
"PEARL & SHELL 42""NECKL. GREEN",53.62,5,3,0.0,0.0,0.0,0.0
"PEARL & SHELL 42""NECKL. IVORY",21.5,2,1,0.0,0.0,0.0,0.0
PEARL AND CHERRY QUARTZ BRACLET,18.27,5,4,0.0,0.0,0.0,0.0
PEARL CRYSTAL PUMPKIN T-LIGHT HLDR,2429.4999999999995,1462,159,6.6,4.0,2.0,0.27092483888181934
PEARLISED IVORY HEART LARGE ,661.02,418,39,0.0,0.0,0.0,0.0
PEARLISED IVORY HEART SMALL ,281.17,228,29,0.0,0.0,0.0,0.0
PEG BAG APPLE DESIGN,210.0,100,1,0.0,0.0,0.0,0.0
PEG BAG APPLES DESIGN,3833.3599999999997,1484,287,45.9,18.0,2.0,1.183215355505947
PENCIL CASE LIFE IS BEAUTIFUL,1615.91,534,130,0.0,0.0,0.0,0.0
PENNY FARTHING BIRTHDAY CARD,1304.1399999999999,3042,262,5.04,12.0,1.0,0.3849738003941399
PENS ASSORTED FUNKY JEWELED ,1114.6399999999999,5211,144,1.33,7.0,1.0,0.11917883097215878
PENS ASSORTED FUNNY FACE,2571.4,9572,216,0.0,0.0,0.0,0.0
PENS ASSORTED SPACEBALL,1368.1,5874,155,6.84,36.0,1.0,0.49747625350924407
PERIWINKLE T-LIGHT HOLDER,75.02,48,17,0.0,0.0,0.0,0.0
"PET MUG, GOLDFISH",13.1,36,12,0.0,0.0,0.0,0.0
PETIT TRAY CHIC,1736.6899999999998,1033,146,0.0,0.0,0.0,0.0
PHARMACIE FIRST AID TIN,4470.8099999999995,581,173,114.75,17.0,6.0,2.502420642189831
PHOTO CLIP LINE,334.98,236,49,0.0,0.0,0.0,0.0
PHOTO CUBE,5978.78,3218,321,0.0,0.0,0.0,0.0
PHOTO FRAME 3 CLASSIC HANGING,5787.45,582,232,524.05,55.0,22.0,8.30309752039927
PHOTO FRAME CORNICE,9755.09,3267,504,156.35000000000002,53.0,16.0,1.577470074984059
PHOTO FRAME LINEN AND LACE LARGE,801.6800000000001,215,43,26.25,7.0,2.0,3.1705578974067854
PHOTO FRAME LINEN AND LACE SMALL,644.8000000000001,310,59,29.12,14.0,3.0,4.320987654320987
PICNIC BASKET WICKER 60 PIECES,39619.5,61,2,0.0,0.0,0.0,0.0
PICNIC BASKET WICKER LARGE,19302.26,1602,445,873.1999999999999,100.0,17.0,4.328030191133188
PICNIC BASKET WICKER SMALL,11789.27,1876,461,385.25,75.0,9.0,3.1643958036949296
PICNIC BOXES SET OF 3 RETROSPOT ,4620.91,965,190,103.95,21.0,11.0,2.2000651871166554
PICTURE DOMINOES,4798.38,3188,356,0.0,0.0,0.0,0.0
PICTURE FRAME WOOD TRIPLE PORTRAIT,6977.6,1068,265,118.65,19.0,5.0,1.6720098643649817
PIECE OF CAMO STATIONERY SET,326.56,3380,31,8.64,108.0,1.0,2.577565632458234
PIG KEYRING WITH LIGHT & SOUND ,1386.97,1379,80,65.0,52.0,3.0,4.476676515355001
PIG MUG IN TWO COLOUR DESIGNS,130.26999999999998,159,17,0.0,0.0,0.0,0.0
PIGGY BANK RETROSPOT ,7111.18,2760,329,136.2,55.0,23.0,1.879299829731572
PIN CUSHION BABUSHKA BLUE,410.81,137,45,0.0,0.0,0.0,0.0
PIN CUSHION BABUSHKA PINK,1135.18,439,133,0.0,0.0,0.0,0.0
PIN CUSHION BABUSHKA RED,656.4300000000001,201,45,0.0,0.0,0.0,0.0
PING MICROWAVE APRON,1068.3799999999999,508,122,0.0,0.0,0.0,0.0
PING! MICROWAVE PLATE,415.09000000000003,152,63,0.0,0.0,0.0,0.0
PINK  HEART CONFETTI IN TUBE,888.3299999999999,966,78,20.16,48.0,1.0,2.219066803156887
PINK  HEART SHAPE LOVE BUCKET ,1831.6200000000001,1042,123,8.05,3.0,3.0,0.4375784787489061
PINK  HONEYCOMB PAPER BALL ,1308.56,693,80,0.0,0.0,0.0,0.0
PINK  HONEYCOMB PAPER FAN,555.97,498,65,6.5,10.0,3.0,1.155617188472274
PINK  POLKADOT CUP,2707.34,3016,307,17.85,21.0,2.0,0.6550002018207904
PINK  POLKADOT PLATE ,3449.6,2065,185,13.52,8.0,1.0,0.39039940862574785
PINK & WHITE BREAKFAST TRAY,369.84000000000003,96,35,0.0,0.0,0.0,0.0
PINK & WHITE ROSEBUD RING,88.04,21,15,0.0,0.0,0.0,0.0
PINK 3 PIECE POLKADOT CUTLERY SET,5520.02,1471,123,93.75,25.0,2.0,1.670000730346986
PINK ACRYLIC JEWEL SNOWFLAKE,4.5600000000000005,12,1,0.0,0.0,0.0,0.0
PINK ALLIUM  ARTIFICIAL FLOWER,5.07,3,1,0.0,0.0,0.0,0.0
PINK AND BLACK STRING CURTAIN,82.1,38,5,0.0,0.0,0.0,0.0
PINK AND WHITE CHRISTMAS TREE 120CM,553.07,201,34,0.0,0.0,0.0,0.0
PINK B'FLY C/COVER W BOBBLES,78.17,12,7,0.0,0.0,0.0,0.0
PINK BABY BUNTING,6677.969999999999,2179,345,157.0,60.0,3.0,2.2970108135075944
PINK BAROQUE FLOCK CANDLE HOLDER,11.9,2,1,0.0,0.0,0.0,0.0
PINK BEADS+HAND PHONE CHARM,4.92,2,1,0.0,0.0,0.0,0.0
PINK BERTIE GLASS BEAD BAG CHARM,106.24,115,10,0.0,0.0,0.0,0.0
PINK BERTIE MOBILE PHONE CHARM,3.36,1,1,0.0,0.0,0.0,0.0
PINK BITTY LIGHT CHAIN,201.31,106,36,0.0,0.0,0.0,0.0
PINK BLUE FELT CRAFT TRINKET BOX,13828.1,10993,522,2778.77,2617.0,4.0,16.73265341391846
PINK BOUDICCA LARGE BRACELET,264.7,38,12,0.0,0.0,0.0,0.0
PINK BOUDOIR T-LIGHT HOLDER,10.2,12,1,0.0,0.0,0.0,0.0
PINK BREAKFAST CUP AND SAUCER ,42.27,21,9,0.0,0.0,0.0,0.0
PINK BUNNY EASTER EGG BASKET,231.89999999999998,158,4,0.0,0.0,0.0,0.0
PINK BUTTERFLY CUSHION COVER,44.849999999999994,23,5,1.95,1.0,1.0,4.166666666666667
PINK BUTTERFLY CUSHION COVER ,173.48,35,20,0.0,0.0,0.0,0.0
PINK BUTTERFLY HANDBAG W BOBBLES,671.62,162,98,0.0,0.0,0.0,0.0
PINK BUTTERFLY WASHBAG,42.29,9,6,0.0,0.0,0.0,0.0
PINK CANDYSTUFT ARTIFICIAL FLOWER,96.88999999999999,137,11,0.0,0.0,0.0,0.0
PINK CAT BOWL,583.33,360,123,0.0,0.0,0.0,0.0
PINK CAT FLORAL CUSHION COVER ,100.97,25,18,0.0,0.0,0.0,0.0
PINK CHERRY BLOSSOM CUP & SAUCER,7.5,6,1,0.0,0.0,0.0,0.0
PINK CHERRY LIGHTS,27.0,4,1,54.0,8.0,2.0,66.66666666666666
PINK CHICK EGG WARMER + EGG CUP,218.81,195,40,0.0,0.0,0.0,0.0
PINK CHRISTMAS FLOCK DROPLET ,15.02,10,3,0.0,0.0,0.0,0.0
PINK CHRYSANTHEMUMS ART FLOWER,37.800000000000004,18,1,0.0,0.0,0.0,0.0
PINK CLEAR GLASS CANDLE PLATE,39.92,30,5,0.0,0.0,0.0,0.0
PINK COMBO MINI CRYSTALS NECKLACE,16.310000000000002,3,3,0.0,0.0,0.0,0.0
PINK CREAM FELT CRAFT TRINKET BOX ,9128.06,7337,616,30.0,24.0,2.0,0.3275802953900717
PINK CRYSTAL GUITAR PHONE CHARM,0.85,1,1,0.0,0.0,0.0,0.0
PINK CRYSTAL SKULL PHONE CHARM,13.94,20,9,0.0,0.0,0.0,0.0
PINK CRYSTAL+GLASS BRACELET,104.53,21,14,0.0,0.0,0.0,0.0
PINK DAISY BAG CHARM,74.64,30,19,15.299999999999999,6.0,1.0,17.011340893929287
PINK DIAMANTE PEN IN GIFT BOX,1206.97,424,103,59.400000000000006,12.0,1.0,4.690572265609577
PINK DINER WALL CLOCK,2741.35,307,121,0.0,0.0,0.0,0.0
PINK DISCO HANDBAG,180.51999999999998,84,22,0.0,0.0,0.0,0.0
PINK DOG BOWL,922.89,549,115,43.0,16.0,5.0,4.451852695441509
PINK DOG CANNISTER,39.3,14,4,5.95,1.0,1.0,13.149171270718233
PINK DOLLY HAIR CLIPS,2.1,2,1,0.0,0.0,0.0,0.0
PINK DOUGHNUT TRINKET POT ,2546.2999999999997,1728,241,57.599999999999994,36.0,14.0,2.2120665156111987
PINK DRAWER KNOB ACRYLIC EDWARDIAN,5116.7,3793,254,3.75,3.0,2.0,0.073235750764093
PINK EASTER HENS+FLOWER,38.31,14,9,0.0,0.0,0.0,0.0
PINK ENAMEL FLOWER HAIR TIE,64.46000000000001,22,11,17.700000000000003,6.0,1.0,21.543330087633887
PINK ENAMEL+GLASS HAIR COMB,480.5,263,31,6.300000000000001,3.0,1.0,1.294165981922761
PINK FAIRY CAKE CHILDRENS APRON,6724.69,3341,495,3.9,2.0,2.0,0.05796162346048726
PINK FAIRY CAKE CUSHION COVER,1182.99,285,89,0.0,0.0,0.0,0.0
PINK FEATHER CHRISTMAS DECORATION,2.51,1,1,0.0,0.0,0.0,0.0
PINK FEATHERS CURTAIN,50.28,52,3,0.0,0.0,0.0,0.0
PINK FELT EASTER EGG BASKET,23.099999999999998,14,4,0.0,0.0,0.0,0.0
PINK FELT EASTER RABBIT GARLAND,323.15,122,29,0.0,0.0,0.0,0.0
PINK FELT HANGING HEART W FLOWER,107.72,106,20,0.0,0.0,0.0,0.0
PINK FLOCK GLASS CANDLEHOLDER,29.68,38,5,0.0,0.0,0.0,0.0
PINK FLOCK PHOTO FRAME ,15.0,12,1,0.0,0.0,0.0,0.0
PINK FLOCK SUEDE CUSHION COVER ,15.0,12,2,0.0,0.0,0.0,0.0
PINK FLORAL FELTCRAFT SHOULDER BAG,4232.13,1116,262,11.25,3.0,2.0,0.2651188439404437
PINK FLOWER CROCHET FOOD COVER,897.8,237,79,0.0,0.0,0.0,0.0
PINK FLOWER FABRIC PONY,446.23,115,48,0.0,0.0,0.0,0.0
PINK FLOWERS RABBIT EASTER,48.95,21,5,0.0,0.0,0.0,0.0
PINK FLUFFY CHRISTMAS DECORATION,7.82,26,2,0.0,0.0,0.0,0.0
PINK FLY SWAT,63.720000000000006,92,43,0.0,0.0,0.0,0.0
PINK FOXGLOVE ARTIIFCIAL FLOWER,58.64999999999999,23,4,30.599999999999998,12.0,1.0,34.285714285714285
PINK GAUZE BUTTERFLY LAMPSHADE,6.3,15,4,0.0,0.0,0.0,0.0
PINK GINGHAM CAT WITH SCARF,314.51,144,30,0.0,0.0,0.0,0.0
PINK GLASS CANDLEHOLDER,558.37,175,38,14.75,5.0,4.0,2.5736320491345617
PINK GLASS CHUNKY CHARM BRACELET,91.68,10,9,0.0,0.0,0.0,0.0
PINK GLASS TASSLE BAG CHARM ,82.97999999999999,45,20,0.0,0.0,0.0,0.0
PINK GOOSE FEATHER TREE 60CM,267.21,131,19,0.0,0.0,0.0,0.0
PINK GREEN EMBROIDERY COSMETIC BAG,93.19,33,20,0.0,0.0,0.0,0.0
PINK HANGING GINGHAM EASTER HEN,13.44,32,5,0.0,0.0,0.0,0.0
PINK HANGING HEART T-LIGHT HOLDER,1664.16,880,76,419.8,164.0,3.0,20.14434058235283
PINK HAPPY BIRTHDAY BUNTING,12179.6,2335,402,124.1,26.0,4.0,1.0086396774953874
PINK HAWAIIAN PICNIC HAMPER FOR 2,709.2399999999999,78,55,0.0,0.0,0.0,0.0
PINK HEART DOTS HOT WATER BOTTLE,147.88,36,11,0.0,0.0,0.0,0.0
PINK HEART OF GLASS BRACELET,89.12,15,9,0.0,0.0,0.0,0.0
PINK HEART RED HANDBAG,76.14,29,18,0.0,0.0,0.0,0.0
PINK HEART SHAPE EGG FRYING PAN,4753.53,3229,256,22.699999999999996,14.0,3.0,0.47527024452340016
PINK HEART SHAPE PHOTO FRAME,520.91,321,39,1.65,1.0,1.0,0.3157532149418249
PINK HEARTS LIGHT CHAIN ,587.2,271,48,0.0,0.0,0.0,0.0
PINK HEARTS PAPER GARLAND,245.20000000000002,168,7,72.5,50.0,1.0,22.8202706956248
PINK HORSE SOCK PUPPET,776.4900000000001,255,57,0.0,0.0,0.0,0.0
PINK HORSE SOCK PUPPET KIT,123.9,42,14,2.95,1.0,1.0,2.3255813953488373
PINK HYDRANGEA ART FLOWER,96.60000000000001,46,5,0.0,0.0,0.0,0.0
PINK JEWELLED MIRROR TRINKET TRAY,210.54999999999998,34,18,0.0,0.0,0.0,0.0
PINK JEWELLED PHOTO FRAME,231.56,30,20,0.0,0.0,0.0,0.0
PINK JEWELLED PHOTO FRAME ,326.35,62,19,0.0,0.0,0.0,0.0
PINK KNITTED EGG COSY,76.69,147,29,0.0,0.0,0.0,0.0
PINK LEAVES AND BEADS PHONE CHARM,7.43,3,2,0.0,0.0,0.0,0.0
PINK LOVE BIRD CANDLE,356.08,351,50,1.25,1.0,1.0,0.34981669605126914
PINK LOVE HEART SHAPE CUP,770.73,816,133,0.0,0.0,0.0,0.0
PINK MARSHMALLOW SCARF KNITTING KIT,91.8,36,1,0.0,0.0,0.0,0.0
PINK METAL CHICKEN HEART ,1058.18,716,91,89.39999999999999,60.0,3.0,7.790306558148449
PINK METAL SWINGING BUNNY,68.69999999999999,78,10,0.0,0.0,0.0,0.0
PINK MONTE CARLO HANDBAG,232.32999999999998,98,10,1.95,1.0,1.0,0.8323373740822948
PINK MURANO TWIST BRACELET,29.73,7,3,0.0,0.0,0.0,0.0
PINK MURANO TWIST NECKLACE,79.66,8,6,0.0,0.0,0.0,0.0
PINK NEW BAROQUE FLOCK CANDLESTICK,27.900000000000002,6,3,0.0,0.0,0.0,0.0
PINK NEW BAROQUECANDLESTICK CANDLE,605.48,478,42,23.3,20.0,2.0,3.7055886001463154
PINK OVAL JEWELLED MIRROR,119.0,20,11,0.0,0.0,0.0,0.0
PINK OVAL SHAPE TRINKET BOX,186.64,20,13,0.0,0.0,0.0,0.0
PINK OWL SOFT TOY,2594.23,877,171,5.9,2.0,2.0,0.2269117313365101
PINK PADDED MOBILE,573.54,134,42,0.0,0.0,0.0,0.0
PINK PAINTED KASHMIRI CHAIR,171.8,4,1,0.0,0.0,0.0,0.0
PINK PAISLEY CUSHION COVER ,192.14,26,17,0.0,0.0,0.0,0.0
PINK PAISLEY ROSE GIFT WRAP,498.5,1225,40,10.5,25.0,1.0,2.06286836935167
PINK PAISLEY SQUARE TISSUE BOX ,584.09,1366,117,2.34,6.0,1.0,0.39902460651740185
PINK PAPER PARASOL ,1439.0200000000002,458,102,2.95,1.0,1.0,0.2045812326192639
PINK PARTY BAGS,4649.5,2456,165,12.600000000000001,6.0,1.0,0.2702644730915253
PINK PARTY SUNGLASSES,36.76,20,12,0.0,0.0,0.0,0.0
PINK PILLAR CANDLE SILVER FLOCK,129.47,81,19,0.0,0.0,0.0,0.0
PINK POLKADOT BOWL,4747.34,3674,333,6.25,5.0,1.0,0.13147957648850658
PINK POLKADOT CHILDRENS UMBRELLA,506.96,140,46,6.5,2.0,2.0,1.265921396019164
PINK POLKADOT GARDEN PARASOL,1885.27,228,97,37.35,5.0,2.0,1.9426615763905506
PINK POLKADOT KIDS BAG,1.95,1,1,0.0,0.0,0.0,0.0
PINK POLKADOT PLATE ,377.56,220,25,0.0,0.0,0.0,0.0
PINK POLKADOT WRAP ,2593.0,6350,213,0.0,0.0,0.0,0.0
PINK POODLE HANGING DECORATION ,16.8,5,2,4.5600000000000005,12.0,1.0,21.348314606741575
PINK POT PLANT CANDLE,628.7900000000001,204,35,29.5,10.0,2.0,4.48130763037567
PINK REGENCY TEACUP AND SAUCER,17445.56,5788,765,387.50000000000006,138.0,35.0,2.1729305009908564
PINK RETRO BIG FLOWER BAG,171.6,88,14,0.0,0.0,0.0,0.0
PINK RIVIERA HANDBAG,261.68,186,6,0.0,0.0,0.0,0.0
PINK ROSE FABRIC MIRROR,393.46999999999997,331,62,0.0,0.0,0.0,0.0
PINK ROSE WASHBAG,560.62,156,74,0.0,0.0,0.0,0.0
PINK ROSEBUD & PEARL NECKLACE,90.32,12,9,0.0,0.0,0.0,0.0
PINK ROSEBUD PEARL BRACELET,130.67,27,14,0.0,0.0,0.0,0.0
PINK ROSEBUD PEARL EARRINGS,39.98,16,15,0.0,0.0,0.0,0.0
PINK ROUND COMPACT MIRROR,58.16,40,4,0.0,0.0,0.0,0.0
PINK SCOTTIE DOG W FLOWER PATTERN,317.44,133,51,0.0,0.0,0.0,0.0
PINK SMALL GLASS CAKE STAND,46.8,24,1,52.65,27.0,2.0,52.94117647058824
PINK SMALL JEWELLED PHOTOFRAME,19.799999999999997,12,9,1.65,1.0,1.0,7.6923076923076925
PINK SPOTS CHOCOLATE NESTING BOXES ,361.55999999999995,140,6,0.0,0.0,0.0,0.0
PINK SQUARE TABLE CLOCK,104.84,71,14,0.0,0.0,0.0,0.0
PINK STITCHED WALL CLOCK,828.24,679,61,0.0,0.0,0.0,0.0
PINK STOCKING CHRISTMAS DECORATION,92.21000000000001,226,19,0.0,0.0,0.0,0.0
PINK STRAWBERRY HANDBAG ,163.1,60,34,0.0,0.0,0.0,0.0
PINK STRING CURTAIN WITH POLE,100.86,30,9,0.0,0.0,0.0,0.0
PINK SWEETHEART BRACELET,725.32,175,78,0.0,0.0,0.0,0.0
PINK SWEETIE NECKLACE,15.120000000000001,2,2,0.0,0.0,0.0,0.0
PINK TALL PORCELAIN T-LIGHT HOLDER ,12.75,5,4,0.0,0.0,0.0,0.0
PINK UNION JACK  LUGGAGE TAG,480.25,348,121,0.0,0.0,0.0,0.0
PINK UNION JACK  PASSPORT COVER ,618.9300000000001,271,106,0.0,0.0,0.0,0.0
PINK VINTAGE PAISLEY PICNIC BAG,4957.43,2672,410,34.45,13.0,4.0,0.6901207561079193
PINK VINTAGE SPOT BEAKER,4572.41,4807,191,1.7,2.0,1.0,0.03716569999409721
PINK VINTAGE VICTORIAN EARRINGS,41.150000000000006,14,7,0.0,0.0,0.0,0.0
PINK YELLOW PATCH CUSHION COVER,180.93,29,23,0.0,0.0,0.0,0.0
PINK/AMETHYST/GOLD NECKLACE,34.870000000000005,5,2,0.0,0.0,0.0,0.0
PINK/BLUE DISC/MIRROR STRING,244.17,566,15,18.72,48.0,1.0,7.120849024306744
PINK/BLUE STRING CURTAIN ,128.32999999999998,57,5,0.0,0.0,0.0,0.0
PINK/FLOWER RABBIT EGG WARMER ,100.76,119,15,0.0,0.0,0.0,0.0
PINK/GREEN FLOWER DESIGN BIG MUG,17.16,40,16,0.0,0.0,0.0,0.0
PINK/PURPLE CIRCLE CURTAIN,56.52,52,6,0.0,0.0,0.0,0.0
PINK/PURPLE RETRO RADIO,622.27,218,53,0.0,0.0,0.0,0.0
"PINK/WHITE ""KEEP CLEAN"" BULLET BIN",283.96000000000004,76,33,0.0,0.0,0.0,0.0
PINK/WHITE CHRISTMAS TREE 30CM,17.48,46,2,0.0,0.0,0.0,0.0
PINK/WHITE CHRISTMAS TREE 60CM,493.01,684,42,0.65,1.0,1.0,0.13166957014949562
PINK/WHITE GLASS DEMI CHOKER,15.0,2,1,0.0,0.0,0.0,0.0
PINK/WHITE RIBBED MELAMINE JUG,23.85,3,3,0.0,0.0,0.0,0.0
PINK/YELLOW FLOWERS HANDBAG,132.5,106,8,0.0,0.0,0.0,0.0
PIZZA PLATE IN BOX,2153.06,592,179,76.25,21.0,4.0,3.4203408229452164
PLACE SETTING WHITE HEART,6322.21,15126,332,321.96,890.0,5.0,4.845751990090561
PLACE SETTING WHITE STAR,1053.08,2407,105,1.68,4.0,2.0,0.15927794000530926
PLASMATRONIC LAMP,446.45,71,25,76.5,6.0,3.0,14.628549574529112
PLASTERS IN TIN CIRCUS PARADE ,10061.859999999999,6113,571,108.89999999999999,66.0,10.0,1.0707164459686396
PLASTERS IN TIN SKULLS,7132.119999999999,4242,560,138.59999999999997,84.0,7.0,1.9062761322124904
PLASTERS IN TIN SPACEBOY,13602.109999999999,8074,673,47.849999999999994,29.0,8.0,0.35055047780359794
PLASTERS IN TIN STRONGMAN,9841.829999999998,6010,515,34.64999999999999,21.0,4.0,0.35083349533437014
PLASTERS IN TIN VINTAGE PAISLEY ,7762.239999999999,4712,566,44.55,27.0,4.0,0.5706570818479811
PLASTERS IN TIN WOODLAND ANIMALS,13328.269999999999,7803,704,47.849999999999994,29.0,5.0,0.35772705388408593
PLAYING CARDS I LOVE LONDON ,1651.29,1200,115,0.0,0.0,0.0,0.0
PLAYING CARDS JUBILEE UNION JACK,2848.89,1927,208,0.0,0.0,0.0,0.0
PLAYING CARDS KEEP CALM & CARRY ON,4860.55,3643,335,2.5,2.0,2.0,0.0514080669538664
PLAYING CARDS VINTAGE DOILEY ,16.25,13,2,0.0,0.0,0.0,0.0
PLAYING CARDS VINTAGE DOILY ,880.16,701,92,0.0,0.0,0.0,0.0
PLEASE ONE PERSON METAL SIGN,25225.480000000003,12274,845,169.70000000000002,87.0,10.0,0.6682370434074497
POCKET BAG BLUE PAISLEY RED SPOT,1003.4,831,128,1.25,1.0,1.0,0.12442144030259294
POCKET BAG PINK PAISELY BROWN SPOT,509.59,468,95,0.0,0.0,0.0,0.0
"POCKET MIRROR ""GLAMOROUS""",6.25,5,2,0.0,0.0,0.0,0.0
POCKET MIRROR WOODLAND,80.55,93,20,0.0,0.0,0.0,0.0
POLKA DOT RAFFIA FOOD COVER,1085.32,290,89,7.5,2.0,2.0,0.6862978349590967
POLKADOT COFFEE CUP & SAUCER PINK,1489.01,1570,109,45.68,56.0,3.0,2.976496882106484
POLKADOT MUG PINK ,123.29999999999998,72,13,0.0,0.0,0.0,0.0
POLKADOT PEN,5793.62,6842,170,0.0,0.0,0.0,0.0
POLKADOT RAIN HAT ,916.99,1937,226,9.24,22.0,1.0,0.9975923906589076
POLYESTER FILLER PAD 30CMx30CM,133.75,107,26,0.0,0.0,0.0,0.0
POLYESTER FILLER PAD 40x40cm,2256.2,1556,185,63.8,44.0,3.0,2.75
POLYESTER FILLER PAD 45x30cm,149.35,103,38,0.0,0.0,0.0,0.0
POLYESTER FILLER PAD 45x45cm,1582.55,1021,137,1.55,1.0,1.0,0.09784735812133075
POLYESTER FILLER PAD 60x40cm,5.1,2,1,0.0,0.0,0.0,0.0
POLYESTER FILLER PAD 65CMx65CM,76.5,18,6,0.0,0.0,0.0,0.0
POMPOM CURTAIN,2124.15,424,82,0.0,0.0,0.0,0.0
POP ART PUSH DOWN RUBBER ,11.759999999999998,98,2,0.0,0.0,0.0,0.0
POPART RECT PENCIL SHARPENER ASST,140.52,1166,33,12.959999999999999,108.0,1.0,8.444096950742766
POPART WOODEN PENCILS ASST,380.0,8900,68,0.0,0.0,0.0,0.0
POPCORN HOLDER,34288.67,36749,803,329.41,427.0,36.0,0.9515547944888915
POPPY FIELDS CHOPPING BOARD,501.23,93,45,4.95,1.0,1.0,0.9779129953771386
POPPY'S PLAYHOUSE BATHROOM,2080.85,954,227,12.600000000000001,6.0,1.0,0.6018772839093364
POPPY'S PLAYHOUSE BEDROOM ,4661.79,2021,423,27.300000000000004,13.0,3.0,0.5822025169062655
POPPY'S PLAYHOUSE KITCHEN,4880.83,2117,436,35.7,17.0,4.0,0.7261218786420505
POPPY'S PLAYHOUSE LIVINGROOM ,3236.5400000000004,1447,328,25.200000000000003,12.0,2.0,0.7725937689699364
PORCELAIN BUDAH INCENSE HOLDER,158.06,1525,34,0.0,0.0,0.0,0.0
PORCELAIN BUTTERFLY OIL BURNER,921.87,265,61,0.0,0.0,0.0,0.0
PORCELAIN ROSE LARGE ,348.43000000000006,299,14,0.0,0.0,0.0,0.0
PORCELAIN ROSE SMALL,1295.0,1607,63,3.4,4.0,2.0,0.26186075169439305
PORCELAIN T-LIGHT HOLDERS ASSORTED,1146.52,822,101,6.25,5.0,2.0,0.5421723327289919
POSTE FRANCE CUSHION COVER,1877.65,435,150,0.0,0.0,0.0,0.0
POSY CANDY BAG,109.96,92,16,0.0,0.0,0.0,0.0
POTTERING IN THE SHED METAL SIGN,9405.76,4175,538,0.0,0.0,0.0,0.0
POTTERING MUG,4825.36,3789,333,58.9,42.0,8.0,1.2059145090556196
POTTING SHED CANDLE CITRONELLA,1268.1899999999998,405,3,0.0,0.0,0.0,0.0
POTTING SHED ROSE CANDLE,1541.11,493,25,0.0,0.0,0.0,0.0
POTTING SHED SEED ENVELOPES,902.08,592,130,0.0,0.0,0.0,0.0
POTTING SHED SOW 'N' GROW SET,12.72,2,2,0.0,0.0,0.0,0.0
POTTING SHED TEA MUG,3259.75,2477,302,99.41,85.0,10.0,2.9593707950797223
POTTING SHED TWINE,2272.79,980,110,9.75,5.0,3.0,0.4271557124957285
PRETTY HANGING QUILTED HEARTS,1088.36,1276,74,0.0,0.0,0.0,0.0
PSYCHEDELIC METAL SIGN CALENDAR,7.9,10,3,0.0,0.0,0.0,0.0
PSYCHEDELIC TILE COASTER,195.22,430,28,6.959999999999999,24.0,1.0,3.4424770006924517
PSYCHEDELIC TILE HOOK,182.95000000000002,299,44,1.9500000000000002,5.0,1.0,1.0546241211465657
PSYCHEDELIC WALL THERMOMETER,109.92999999999999,79,14,0.0,0.0,0.0,0.0
PURPLE ACRYLIC FACETED BANGLE,132.05,107,8,0.0,0.0,0.0,0.0
PURPLE AMETHYST NECKLACE W TASSEL,49.81,5,5,0.0,0.0,0.0,0.0
PURPLE ANEMONE ARTIFICIAL FLOWER,6.76,4,1,0.0,0.0,0.0,0.0
PURPLE BERTIE GLASS BEAD BAG CHARM,110.03,95,19,0.0,0.0,0.0,0.0
PURPLE BOUDICCA LARGE BRACELET,264.94,38,15,48.65,7.0,1.0,15.513887560190057
PURPLE CHUNKY GLASS+BEAD NECKLACE,11.95,1,1,0.0,0.0,0.0,0.0
PURPLE CRYSTAL DROP EARRINGS,8.76,3,3,0.0,0.0,0.0,0.0
PURPLE DRAWERKNOB ACRYLIC EDWARDIAN,4469.37,3105,237,35.0,28.0,2.0,0.7770232019128092
PURPLE DRESS JEWELLERY STAND,48.19,61,3,0.0,0.0,0.0,0.0
PURPLE ENAMEL FLOWER HAIR TIE,64.28,22,15,17.700000000000003,6.0,1.0,21.590631861429618
PURPLE ENAMEL FLOWER RING,202.51000000000002,69,28,11.8,4.0,1.0,5.506042648499836
PURPLE ENAMEL+GLASS HAIR COMB,163.8,84,4,12.600000000000001,6.0,1.0,7.142857142857144
PURPLE FINE BEAD NECKLACE W TASSEL,17.59,3,3,0.0,0.0,0.0,0.0
PURPLE FOXGLOVE ARTIIFCIAL FLOWER,28.049999999999997,11,3,10.2,4.0,1.0,26.666666666666668
PURPLE FRANGIPANI HAIRCLIP,23.16,28,12,0.0,0.0,0.0,0.0
PURPLE FRANGIPANI NECKLACE,72.66,29,16,0.0,0.0,0.0,0.0
PURPLE GEMSTONE BRACELET,122.84,19,10,0.0,0.0,0.0,0.0
PURPLE GEMSTONE NECKLACE 45CM,102.0,8,5,0.0,0.0,0.0,0.0
PURPLE GLASS TASSLE BAG CHARM,77.03999999999999,42,14,0.0,0.0,0.0,0.0
PURPLE LAS VEGAS BRACELET ROUND,26.25,7,3,0.0,0.0,0.0,0.0
PURPLE LEAVES AND BEADS PHONE CHAR,4.97,2,2,0.0,0.0,0.0,0.0
PURPLE PAPER PARASOL,1022.9900000000001,313,88,8.05,3.0,2.0,0.7807650527622594
PURPLE SWEETHEART BRACELET,328.44,78,50,0.0,0.0,0.0,0.0
PURPLE VINTAGE EARRINGS,25.17,6,3,0.0,0.0,0.0,0.0
PURPLE/BLUE CERAMIC CANDLE HOLDER,9.879999999999999,4,2,0.0,0.0,0.0,0.0
PURPLE/COPPER HANGING LAMPSHADE,17.0,20,8,0.0,0.0,0.0,0.0
PURPLE/TURQ FLOWERS HANDBAG,2.5,2,1,0.0,0.0,0.0,0.0
QUEEN OF SKIES LUGGAGE TAG,292.29,197,99,0.0,0.0,0.0,0.0
QUEEN OF THE SKIES HOLIDAY PURSE ,66.26,25,20,0.0,0.0,0.0,0.0
QUEEN OF THE SKIES PASSPORT COVER ,286.39,148,76,0.0,0.0,0.0,0.0
QUEENS GUARD COFFEE MUG,5849.29,2431,272,37.65,16.0,5.0,0.6395512779134831
RABBIT  DESIGN  COTTON TOTE BAG,444.07,181,62,0.0,0.0,0.0,0.0
RABBIT EASTER DECORATION,23.6,8,3,0.0,0.0,0.0,0.0
RABBIT NIGHT LIGHT,66870.03,30739,994,208.4,108.0,15.0,0.3106810937584556
RAIN PONCHO ,268.76,411,5,0.0,0.0,0.0,0.0
RAIN PONCHO RETROSPOT,7161.1,8875,243,420.0,528.0,3.0,5.540093126327314
RAINBOW PEGS PHOTO CLIP STRING,189.88,290,39,0.0,0.0,0.0,0.0
RAINY LADIES BIRTHDAY CARD,1023.73,2406,213,5.04,12.0,1.0,0.48990542103677204
RASPBERRY ANT COPPER FLOWER NECKLAC,77.91,13,8,0.0,0.0,0.0,0.0
RASTA IN BATH W SPLIFF ASHTRAY,6.8,8,6,0.0,0.0,0.0,0.0
RATTLE SNAKE EGGS,689.35,813,102,0.0,0.0,0.0,0.0
RECIPE BOX BLUE SKETCHBOOK DESIGN,5192.08,1516,356,62.10000000000001,22.0,9.0,1.1819161125047106
RECIPE BOX PANTRY YELLOW DESIGN,26219.95,8269,1111,421.05,151.0,47.0,1.5804586914905598
RECIPE BOX RETROSPOT ,8045.1,2882,464,260.75,93.0,21.0,3.139353588133665
RECIPE BOX WITH METAL HEART,95.4,12,6,39.75,5.0,2.0,29.411764705882355
"RECORD FRAME 7"" SINGLE SIZE ",11354.56,4374,361,93.75,38.0,4.0,0.8188981605145214
RECTANGULAR SHAPED MIRROR,446.15000000000003,512,37,11.06,14.0,2.0,2.4190197064806105
RECYCLED ACAPULCO MAT BLUE,3223.49,365,162,16.5,2.0,2.0,0.5092608310519477
RECYCLED ACAPULCO MAT GREEN,4286.55,497,205,8.25,1.0,1.0,0.19209276334171554
RECYCLED ACAPULCO MAT LAVENDER,2604.93,295,130,8.25,1.0,1.0,0.3157072991527564
RECYCLED ACAPULCO MAT PINK,3254.32,364,164,8.25,1.0,1.0,0.2528681376951299
RECYCLED ACAPULCO MAT RED,3896.84,456,186,24.75,3.0,2.0,0.6311215603874959
RECYCLED ACAPULCO MAT TURQUOISE,5949.34,654,278,8.25,1.0,1.0,0.13847881441992482
RECYCLED PENCIL WITH RABBIT ERASER,695.4,3068,168,0.21,1.0,1.0,0.03018933022814508
RECYCLING BAG RETROSPOT ,15607.59,6896,748,122.65,64.0,5.0,0.7797083833431658
RED   ACRYLIC FACETED BANGLE,130.51000000000002,99,10,0.0,0.0,0.0,0.0
RED  EGG  SPOON,185.51999999999998,1369,92,0.0,0.0,0.0,0.0
RED  HARMONICA IN BOX ,26294.08,21903,661,83.75,67.0,9.0,0.31750147756657765
RED 3 PIECE RETROSPOT CUTLERY SET,6494.66,1671,120,105.0,28.0,2.0,1.5909910510541452
RED APPLES CHOPPING BOARD   ,770.32,152,45,0.0,0.0,0.0,0.0
RED BABY BUNTING ,3559.0,1128,234,127.49999999999999,50.0,1.0,3.45856503458565
RED BOUDICCA LARGE BRACELET,209.73000000000002,30,12,0.0,0.0,0.0,0.0
RED CHARLIE+LOLA PERSONAL DOORSIGN,684.62,1290,125,5.9,2.0,1.0,0.8544285466025604
RED COAT RACK PARIS FASHION,1673.15,352,112,19.8,4.0,2.0,1.169556100298296
RED DAISY PAPER LAMPSHADE,62.5,50,6,0.0,0.0,0.0,0.0
RED DAISY POCKET BOOK ,136.64,158,33,0.0,0.0,0.0,0.0
RED DINER WALL CLOCK,11857.07,1400,460,192.95000000000002,24.0,9.0,1.6012421556146794
RED DRAGONFLY HELICOPTER,856.38,106,67,7.95,1.0,1.0,0.9197875811322065
RED DRAWER KNOB ACRYLIC EDWARDIAN,2871.75,2254,140,19.81,16.0,3.0,0.685097317710855
RED ENAMEL FLOWER RING,185.42000000000002,63,21,17.700000000000003,6.0,1.0,8.714060653800711
RED ENCHANTED FOREST PLACEMAT,1454.8799999999999,678,110,0.0,0.0,0.0,0.0
RED FLOCK LOVE HEART PHOTO FRAME,572.67,1067,82,0.85,1.0,1.0,0.14820756032919516
RED FLORAL FELTCRAFT SHOULDER BAG,7229.43,1960,305,980.07,289.0,2.0,11.938242280285035
RED FLOWER CROCHET FOOD COVER,1116.89,304,112,0.0,0.0,0.0,0.0
RED GINGHAM ROSE JEWELLERY BOX,3391.1499999999996,1740,286,74.1,42.0,9.0,2.138373854700238
RED GINGHAM TEDDY BEAR ,2302.94,770,169,2.95,1.0,1.0,0.1279332492009593
RED GLASS TASSLE BAG CHARM,88.03,40,16,0.0,0.0,0.0,0.0
RED HANGING HEART T-LIGHT HOLDER,23199.24,7872,741,152.95000000000002,57.0,13.0,0.6549706901151455
RED HEART LUGGAGE TAG,447.34,304,96,0.0,0.0,0.0,0.0
RED HEART SHAPE LOVE BUCKET ,2803.13,1395,159,0.0,0.0,0.0,0.0
RED HEARTS LIGHT CHAIN ,1042.66,503,63,27.900000000000002,6.0,1.0,2.6061126886862946
RED KITCHEN SCALES,14082.2,1620,546,198.05,24.0,18.0,1.3868804817842826
RED KUKUI COCONUT SEED NECKLACE,190.73000000000002,122,25,0.0,0.0,0.0,0.0
RED LOVE HEART SHAPE CUP,939.03,1038,154,10.2,12.0,1.0,1.0745551657659365
RED METAL BEACH SPADE ,2113.39,1493,229,1.25,1.0,1.0,0.05911171641508721
RED METAL BOX TOP SECRET,9117.62,1074,257,90.75,11.0,7.0,0.9855164377626007
RED PAPER PARASOL,1819.76,644,84,5.5,2.0,2.0,0.30132693424498425
RED PEONY CUSHION COVER ,79.05000000000001,17,5,0.0,0.0,0.0,0.0
RED PEONY TABLE CLOCK,47.2,16,10,0.0,0.0,0.0,0.0
RED POLKADOT BEAKER ,1603.77,3865,131,8.58,22.0,4.0,0.532142524886036
RED POLKADOT COFFEE  MUG,729.6,1532,63,0.0,0.0,0.0,0.0
RED POLKADOT PUDDING BOWL,46.39,34,7,0.0,0.0,0.0,0.0
RED PUDDING SPOON,128.63,881,72,0.0,0.0,0.0,0.0
RED PURSE WITH PINK HEART,8.75,7,2,0.0,0.0,0.0,0.0
RED REFECTORY CLOCK ,2501.64,250,110,9.95,1.0,1.0,0.3961633865400006
RED RETRO KITCHEN WALL CLOCK,400.01,47,23,0.0,0.0,0.0,0.0
RED RETROSPOT APRON ,2199.52,334,131,34.4,6.0,5.0,1.5398939979945565
RED RETROSPOT BIG BOWL,1336.78,286,96,9.9,2.0,2.0,0.7351412362253839
RED RETROSPOT BOWL,6374.81,5023,448,27.5,22.0,3.0,0.4295324656256882
RED RETROSPOT BUTTER DISH,4743.900000000001,969,238,108.95,23.0,16.0,2.245072483179987
RED RETROSPOT CAKE STAND,21354.3,2012,539,2480.5,322.0,42.0,10.407051873730849
RED RETROSPOT CHARLOTTE BAG,21773.39,17761,1032,170.31,223.0,16.0,0.7761225317517101
RED RETROSPOT CHILDRENS UMBRELLA,4171.33,1235,237,65.0,20.0,6.0,1.5343469465315498
RED RETROSPOT CUP,3488.44,3969,387,43.22,51.0,9.0,1.2237871142748735
RED RETROSPOT LUGGAGE TAG,652.11,433,105,15.0,12.0,1.0,2.2485047443450106
RED RETROSPOT MINI CASES,12634.98,1747,385,47.7,6.0,4.0,0.3761034733983669
RED RETROSPOT MUG,5167.6900000000005,1847,156,58.60000000000001,20.0,11.0,1.1212542740643936
RED RETROSPOT OVEN GLOVE ,6320.51,4034,451,227.0,212.0,4.0,3.4669668316657782
RED RETROSPOT OVEN GLOVE DOUBLE,3888.98,914,255,8.850000000000001,3.0,3.0,0.22704940954325872
RED RETROSPOT PEG BAG,9296.3,3155,485,510.59999999999997,238.0,13.0,5.2065382536785325
RED RETROSPOT PICNIC BAG,11665.19,3985,531,157.10000000000002,56.0,12.0,1.328845765075971
RED RETROSPOT PLATE ,5699.71,3373,304,59.15,35.0,4.0,1.0271130050044628
RED RETROSPOT PUDDING BOWL,1387.96,332,61,208.75,55.0,7.0,13.073757914712125
RED RETROSPOT PURSE ,1546.2700000000002,461,156,0.0,0.0,0.0,0.0
RED RETROSPOT ROUND CAKE TINS,11522.439999999999,1088,344,89.55,9.0,7.0,0.7711856451822643
RED RETROSPOT SHOPPER BAG,6604.29,4769,575,42.99,35.0,5.0,0.6467306928548219
RED RETROSPOT SHOPPING BAG,1353.6899999999998,523,90,30.599999999999998,12.0,2.0,2.210519472075938
RED RETROSPOT SMALL MILK JUG,5986.01,2487,343,80.69999999999999,32.0,16.0,1.3302102787177892
RED RETROSPOT STORAGE JAR,1336.14,334,69,45.0,12.0,2.0,3.2581780268473866
RED RETROSPOT SUGAR JAM BOWL,3682.17,1516,246,36.449999999999996,15.0,11.0,0.980202333123578
RED RETROSPOT TAPE,858.7800000000001,1903,240,7.800000000000001,12.0,1.0,0.9000900090009001
RED RETROSPOT TEA CUP AND SAUCER ,2811.17,848,162,71.25,19.0,9.0,2.471881266435842
RED RETROSPOT TISSUE BOX,1135.0,2166,200,39.97,65.0,5.0,3.4017889818463445
RED RETROSPOT TRADITIONAL TEAPOT ,3724.9900000000002,477,144,260.3,34.0,21.0,6.531519663562752
RED RETROSPOT UMBRELLA,11265.26,1935,373,11.9,2.0,2.0,0.10552302175370395
RED RETROSPOT WASHBAG,225.5,78,34,0.0,0.0,0.0,0.0
RED RETROSPOT WRAP ,4311.92,10526,336,21.0,50.0,2.0,0.4846616138770159
RED ROCKING HORSE HAND PAINTED,2930.57,2329,160,30.0,24.0,1.0,1.0133183812576632
RED ROSE AND LACE C/COVER,8.850000000000001,3,1,0.0,0.0,0.0,0.0
RED SHARK HELICOPTER,421.18,52,36,0.0,0.0,0.0,0.0
RED SPOT CERAMIC DRAWER KNOB,6054.79,4402,369,214.81,152.0,14.0,3.4262153885415336
RED SPOT PAPER GIFT BAG,1962.83,2456,131,13.12,16.0,3.0,0.6639844125610467
RED SPOTTY BISCUIT TIN,10116.49,2433,394,165.25,49.0,11.0,1.607218233489662
RED STAR CARD HOLDER,1997.48,848,149,132.14999999999998,53.0,4.0,6.205303268642908
RED STONE/CRYSTAL EARRINGS,8.7,3,3,0.0,0.0,0.0,0.0
RED STRIPE CERAMIC DRAWER KNOB,7481.16,5494,437,102.67,84.0,10.0,1.353801443334041
RED TEA TOWEL CLASSIC DESIGN,755.96,630,73,0.0,0.0,0.0,0.0
RED TOADSTOOL LED NIGHT LIGHT,23919.78,14001,849,281.29999999999995,186.0,12.0,1.1623448209749316
RED VICTORIAN FABRIC OVAL BOX,352.25,862,98,0.0,0.0,0.0,0.0
RED VINTAGE SPOT BEAKER,1603.3899999999999,1879,198,43.349999999999994,51.0,2.0,2.6324738574395474
RED WHITE SCARF  HOT WATER BOTTLE,566.1700000000001,69,16,0.0,0.0,0.0,0.0
RED WOOLLY HOTTIE WHITE HEART.,22025.73,4734,429,256.45,67.0,6.0,1.1509197035478573
RED/CREAM STRIPE CUSHION COVER ,509.9,414,60,17.5,14.0,2.0,3.318164580963216
REGENCY CAKE FORK,2145.3,1715,98,15.0,12.0,1.0,0.6943480072212193
REGENCY CAKE SLICE,2718.65,578,92,4.95,1.0,1.0,0.18174474959612277
REGENCY CAKESTAND 3 TIER,174156.54,13851,1988,9722.55,857.0,180.0,5.287469064590215
REGENCY MILK JUG PINK ,9587.15,3160,329,225.5,80.0,11.0,2.298054042485975
REGENCY MIRROR WITH SHUTTERS,1530.0,10,7,0.0,0.0,0.0,0.0
REGENCY SUGAR BOWL GREEN,12342.43,3055,322,345.2,88.0,17.0,2.7207602995989
REGENCY SUGAR TONGS,4515.22,1832,209,114.4,55.0,2.0,2.471045139773891
REGENCY TEA PLATE GREEN ,10051.99,6247,381,146.25,97.0,5.0,1.434070976952886
REGENCY TEA PLATE PINK,6344.409999999999,3861,305,154.29999999999998,102.0,9.0,2.374317364523113
REGENCY TEA PLATE ROSES ,11097.249999999998,6857,445,1046.3,718.0,12.0,8.616096610958083
REGENCY TEA SPOON,1794.48,1450,76,7.5,6.0,2.0,0.41620883694602606
REGENCY TEA STRAINER,5143.6900000000005,1412,176,0.0,0.0,0.0,0.0
REGENCY TEAPOT ROSES ,24879.13,2766,416,436.40000000000003,52.0,13.0,1.7238430323204768
REINDEER HEART DECORATION GOLD,869.15,993,103,9.959999999999999,12.0,1.0,1.1329640204297526
REINDEER HEART DECORATION SILVER,1363.04,1536,145,48.13999999999999,58.0,3.0,3.411329525645204
RELAX LARGE WOOD LETTERS,844.28,129,29,7.9,2.0,2.0,0.9270341946537117
RESIN BRACELET W PASTEL BEADS,19.8,4,3,0.0,0.0,0.0,0.0
RESIN NECKLACE W PASTEL BEADS,67.62,9,7,0.0,0.0,0.0,0.0
RETO LEAVES MAGNETIC SHOPPING LIST,52.199999999999996,36,3,0.0,0.0,0.0,0.0
"RETRO ""TEA FOR ONE"" ",120.99,21,17,0.0,0.0,0.0,0.0
RETRO BROWN BALL ASHTRAY ,51.25,41,5,0.0,0.0,0.0,0.0
RETRO COFFEE MUGS ASSORTED,3839.01,2567,159,27.8,23.0,5.0,0.7189388669213124
RETRO LEAVES MAGNETIC NOTEPAD,154.08999999999997,105,19,0.0,0.0,0.0,0.0
RETRO LONGBOARD IRONING BOARD COVER,551.51,285,105,5.0,4.0,1.0,0.8984564518157805
RETRO MOD TRAY,717.11,800,156,10.2,12.0,3.0,1.4024281255585649
"RETRO PILL BOX , REVOLUTIONARY",35.14,189,11,0.0,0.0,0.0,0.0
"RETRO PILL BOX KEY CHAIN,THE KING",43.65,235,14,0.0,0.0,0.0,0.0
RETRO PINK BALL ASHTRAY ,57.5,46,13,0.0,0.0,0.0,0.0
RETRO PLASTIC 70'S TRAY,183.10999999999999,387,64,1.26,3.0,1.0,0.6834083636166406
RETRO PLASTIC DAISY TRAY,164.59,300,60,10.2,12.0,1.0,5.835574117512444
RETRO PLASTIC ELEPHANT TRAY,812.53,1105,65,134.29999999999998,158.0,13.0,14.184172449119695
RETRO PLASTIC POLKA TRAY,426.65999999999997,866,81,16.919999999999998,28.0,3.0,3.8144190450426074
"RETRO TIN ASHTRAY,REVOLUTIONARY",19.4,52,4,0.0,0.0,0.0,0.0
RETROSPOT BABUSHKA DOORSTOP,495.2,251,54,3.75,1.0,1.0,0.7515783144603668
RETROSPOT CANDLE  LARGE,362.12,273,30,0.0,0.0,0.0,0.0
RETROSPOT CANDLE  MEDIUM,413.88,365,43,15.600000000000001,24.0,1.0,3.632299525006985
RETROSPOT CANDLE  SMALL,374.49,403,42,30.36,36.0,2.0,7.499073731011485
RETROSPOT CHILDRENS APRON,6091.099999999999,3170,358,76.05,39.0,8.0,1.2331465912131212
RETROSPOT CIGAR BOX MATCHES ,2149.07,2149,216,0.0,0.0,0.0,0.0
RETROSPOT GIANT TUBE MATCHES,3442.5,1494,132,2.55,1.0,1.0,0.07401924500370095
RETROSPOT HEART HOT WATER BOTTLE,17663.98,3524,623,99.00000000000001,20.0,8.0,0.5573389149793561
RETROSPOT LAMP,3521.54,330,155,194.64999999999998,20.0,12.0,5.237891496398192
RETROSPOT LARGE MILK JUG,6651.72,1351,339,147.9,32.0,11.0,2.175121550910198
RETROSPOT PADDED SEAT CUSHION,2860.98,750,83,3.39,1.0,1.0,0.11835063207616336
RETROSPOT PARTY BAG + STICKER SET,7043.94,4492,317,135.3,82.0,12.0,1.8846005983920304
RETROSPOT RED WASHING UP GLOVES,3088.86,1457,304,2.1,1.0,1.0,0.06794005745787716
RETROSPOT SMALL TUBE MATCHES,1743.35,1059,146,1.65,1.0,1.0,0.09455587392550142
RETROSPOT TEA SET CERAMIC 11 PC ,22868.260000000002,4518,962,195.3,42.0,16.0,0.8467903480642189
RETROSPOT WOODEN HEART DECORATION,1886.28,2076,246,34.0,40.0,2.0,1.7705751244610162
REVOLVER WOODEN RULER ,10373.99,5233,348,1193.4,716.0,8.0,10.316934070693563
REX CASH+CARRY JUMBO SHOPPER,1784.1,1878,871,19.95,21.0,3.0,1.1058451816745656
RIBBON REEL CHRISTMAS PRESENT ,2694.15,1388,259,66.0,40.0,2.0,2.391174392696049
RIBBON REEL CHRISTMAS SOCK BAUBLE,3556.97,1818,318,16.5,10.0,1.0,0.4617360716614383
RIBBON REEL FLORA + FAUNA ,1176.5,644,138,16.5,10.0,1.0,1.3830678960603522
RIBBON REEL HEARTS DESIGN ,3325.29,1897,323,49.5,30.0,3.0,1.466757931604633
RIBBON REEL LACE DESIGN ,2923.21,1369,192,0.0,0.0,0.0,0.0
RIBBON REEL MAKING SNOWMEN ,2297.1,1222,223,21.45,13.0,2.0,0.9251471825063079
RIBBON REEL POLKADOTS ,2003.48,1206,155,16.5,10.0,1.0,0.8168397706907989
RIBBON REEL SNOWY VILLAGE,3829.67,2173,275,190.5,130.0,2.0,4.738605581356013
RIBBON REEL SOCKS AND MITTENS,1379.21,741,136,0.0,0.0,0.0,0.0
RIBBON REEL STRIPES DESIGN ,4661.88,2680,409,33.0,20.0,2.0,0.7028933646866373
RIBBONS PURSE ,377.2,192,51,0.0,0.0,0.0,0.0
RIDGED BONNE JAM JAR T-LIGHT HOLDER,437.81999999999994,274,25,3.3,2.0,1.0,0.7480957562568009
RIDGED GLASS FINGER BOWL,504.68,974,59,0.0,0.0,0.0,0.0
RIDGED GLASS POSY VASE ,444.58,219,47,0.0,0.0,0.0,0.0
RIDGED GLASS STORAGE JAR CREAM LID,350.22,98,18,0.0,0.0,0.0,0.0
RIDGED GLASS T-LIGHT HOLDER,283.51,412,43,0.0,0.0,0.0,0.0
RING OF ROSES BIRTHDAY CARD,761.05,1835,130,5.04,12.0,1.0,0.6578861491469672
RIVIERA NECKLACE,49.59,10,5,0.0,0.0,0.0,0.0
ROBIN CHRISTMAS CARD,5.02,10,4,5.04,12.0,1.0,50.099403578528836
ROBOT BIRTHDAY CARD,1695.32,3929,354,0.0,0.0,0.0,0.0
ROBOT MUG IN DISPLAY BOX,3.75,3,2,0.0,0.0,0.0,0.0
ROCKING HORSE GREEN CHRISTMAS ,1244.6699999999998,1380,179,0.0,0.0,0.0,0.0
ROCKING HORSE RED CHRISTMAS ,2185.48,2434,254,80.17,109.0,3.0,3.5384988855295387
ROCOCO WALL MIROR,39.9,2,1,0.0,0.0,0.0,0.0
ROCOCO WALL MIRROR WHITE,1567.1399999999999,78,45,350.09999999999997,18.0,12.0,18.2606246479314
ROLL WRAP 50'S CHRISTMAS,4875.65,3535,354,104.88,96.0,3.0,2.1057999851421436
ROLL WRAP 50'S RED CHRISTMAS ,2459.2,1800,212,15.0,12.0,1.0,0.6062565677794843
ROLL WRAP VINTAGE CHRISTMAS,4342.6,3221,337,30.0,24.0,2.0,0.6860906554452728
ROLL WRAP VINTAGE SPOT ,3445.08,2712,305,30.0,24.0,2.0,0.8632894782278393
ROMANTIC IMAGES GIFT WRAP SET,776.49,789,135,0.0,0.0,0.0,0.0
ROMANTIC IMAGES NOTEBOOK SET,564.35,414,33,0.0,0.0,0.0,0.0
ROMANTIC IMAGES SCRAP BOOK SET,45.9,16,7,0.0,0.0,0.0,0.0
ROMANTIC PINKS RIBBONS ,1518.15,1216,225,0.0,0.0,0.0,0.0
ROSE 1 WICK MORRIS BOXED CANDLE,1066.8600000000001,742,84,232.25,193.0,3.0,17.87762391175497
ROSE 3 WICK MORRIS BOX CANDLE,1769.13,1138,131,0.0,0.0,0.0,0.0
ROSE CARAVAN DOORSTOP,3162.24,562,162,0.0,0.0,0.0,0.0
ROSE COLOUR PAIR HEART HAIR SLIDES,56.31,15,10,15.0,4.0,1.0,21.03491796381994
ROSE COTTAGE KEEPSAKE BOX ,7851.98,794,189,188.85,20.0,10.0,2.3486381381026584
ROSE DU SUD COSMETICS BAG,360.84,96,52,0.0,0.0,0.0,0.0
ROSE DU SUD CUSHION COVER,460.58,78,46,0.0,0.0,0.0,0.0
ROSE DU SUD CUSHION COVER ,257.61,59,34,0.0,0.0,0.0,0.0
ROSE DU SUD DRAWSTRING BAG,428.66,125,66,0.0,0.0,0.0,0.0
ROSE DU SUD OVEN GLOVE,505.20000000000005,185,69,0.0,0.0,0.0,0.0
ROSE DU SUD WASHBAG ,348.19,73,50,0.0,0.0,0.0,0.0
ROSE FLOWER CANDLE+INCENSE 16X16CM,15.0,4,2,0.0,0.0,0.0,0.0
ROSE FOLKART HEART DECORATIONS,600.93,462,88,21.25,17.0,2.0,3.4154103314153463
ROSE PENDANT TRIPLE SHELL NECKLACE,20.36,4,2,0.0,0.0,0.0,0.0
ROSE SCENT CANDLE IN JEWELLED BOX,1387.94,330,65,16.12,4.0,4.0,1.1480990840847258
ROSE SCENT CANDLE JEWELLED DRAWER,722.47,529,41,8.5,2.0,2.0,1.1628384201814028
ROSES REGENCY TEACUP AND SAUCER ,29056.920000000002,9864,1065,1150.35,437.0,54.0,3.8081892206743606
ROTATING LEAVES T-LIGHT HOLDER,3571.33,1928,313,2.5,2.0,1.0,0.06995296362725704
ROTATING SILVER ANGELS T-LIGHT HLDR,26425.579999999998,9461,449,321.6,9376.0,4.0,1.2023697451469653
ROUND ARTICULATED PINK CLOCK W/SUCK,5.32,28,3,0.0,0.0,0.0,0.0
ROUND BLUE CLOCK WITH SUCKER,40.09,211,10,0.0,0.0,0.0,0.0
ROUND CACTUS CANDLE,17.700000000000003,6,4,0.0,0.0,0.0,0.0
ROUND CAKE TIN VINTAGE GREEN,4101.77,529,213,103.35000000000001,13.0,9.0,2.4577182101818735
ROUND CAKE TIN VINTAGE RED,6903.79,913,271,158.0,20.0,15.0,2.2373930688961297
ROUND CONTAINER SET OF 5 RETROSPOT,2661.89,1603,238,28.049999999999997,17.0,3.0,1.0427741882718573
ROUND PINK HEART MIRROR,188.81,85,22,0.0,0.0,0.0,0.0
ROUND PURPLE CLOCK WITH SUCKER,69.35,365,24,0.0,0.0,0.0,0.0
ROUND SNACK BOXES SET OF 4 FRUITS ,19094.97,6835,581,1691.4999999999998,658.0,16.0,8.137504828862234
ROUND SNACK BOXES SET OF 4 SKULLS,4304.25,1167,287,44.25,15.0,6.0,1.0175922731976543
ROUND SNACK BOXES SET OF4 WOODLAND ,24364.870000000003,8535,732,120.95000000000002,41.0,17.0,0.49395936096892
ROUND STORAGE TIN VINTAGE LEAF,1593.58,864,103,16.95,9.0,5.0,1.052448572830062
ROUND WHITE CONFETTI IN TUBE,189.67999999999998,108,13,0.0,0.0,0.0,0.0
RUBY DROP CHANDELIER EARRINGS,83.42,21,14,0.0,0.0,0.0,0.0
RUBY GLASS CLUSTER BRACELET,122.64000000000001,20,14,17.85,3.0,1.0,12.705530642750373
RUBY GLASS CLUSTER EARRINGS,54.62,44,33,0.0,0.0,0.0,0.0
RUBY GLASS CLUSTER NECKLACE,15.0,2,1,0.0,0.0,0.0,0.0
"RUBY GLASS NECKLACE 42""",7.5,1,1,0.0,0.0,0.0,0.0
RUSTIC  SEVENTEEN DRAWER SIDEBOARD,5415.0,35,26,415.0,3.0,3.0,7.1183533447684395
RUSTIC MIRROR WITH LACE HEART,2354.87,459,83,18.75,3.0,3.0,0.7899326766710763
RUSTIC STRAWBERRY JAM POT LARGE ,577.48,279,38,67.51,35.0,2.0,10.46682894308439
RUSTIC STRAWBERRY JAM POT SMALL,681.54,426,32,29.699999999999996,18.0,3.0,4.175805635228614
RUSTIC STRAWBERRY JAMPOT LARGE ,238.56,120,6,0.0,0.0,0.0,0.0
RUSTIC STRAWBERRY JAMPOT SMALL,59.39999999999999,36,3,0.0,0.0,0.0,0.0
"RUSTIC WOODEN CABINET, GLASS DOORS",174.76999999999998,5,3,24.95,1.0,1.0,12.492489485279393
S/12 MINI RABBIT EASTER,556.53,337,69,0.0,0.0,0.0,0.0
S/12 VANILLA  BOTANICAL T-LIGHTS,661.9300000000001,227,42,0.0,0.0,0.0,0.0
S/15 SILVER GLASS BAUBLES IN BAG,725.52,558,62,152.64000000000001,144.0,1.0,17.381798305547967
S/2 BEACH HUT TREASURE CHESTS,9.95,3,2,0.0,0.0,0.0,0.0
S/2 ZINC HEART DESIGN PLANTERS,388.04999999999995,39,28,0.0,0.0,0.0,0.0
S/3 PINK SQUARE PLANTERS ROSES,88.22,10,9,0.0,0.0,0.0,0.0
S/3 POT POURI CUSHIONS BLUE COLOURS,50.400000000000006,24,2,0.0,0.0,0.0,0.0
S/4 BLACK DISCO PARTITION PANEL,24.869999999999997,3,1,0.0,0.0,0.0,0.0
S/4 BLACK MINI ROSE CANDLE IN BOWL,265.77,305,67,1.65,1.0,1.0,0.617006955351133
S/4 CACTI CANDLES,2927.08,613,157,14.15,3.0,3.0,0.4810912441393566
S/4 GROOVY CAT MAGNETS,175.16,149,24,1.58,2.0,1.0,0.89396854136019
"S/4 ICON COASTER,ELVIS LIVES",10.61,25,9,0.0,0.0,0.0,0.0
S/4 IVORY MINI ROSE CANDLE IN BOWL,1174.6299999999999,806,172,0.0,0.0,0.0,0.0
S/4 PINK FLOWER CANDLES IN BOWL,1712.6,920,185,28.049999999999997,17.0,8.0,1.611466980725591
S/4 VALENTINE DECOUPAGE HEART BOX,2440.09,1483,131,0.0,0.0,0.0,0.0
S/6 SEW ON CROCHET FLOWERS,140.02,110,20,0.0,0.0,0.0,0.0
S/6 WOODEN SKITTLES IN COTTON BAG,3674.11,1147,231,18.4,6.0,5.0,0.49830603031542225
SALLE DE BAIN HOOK,777.5699999999999,548,103,2.5,2.0,2.0,0.32048405912289923
SAMPLES,63.05,2,2,3112.44,61.0,17.0,98.01447965510835
SANDALWOOD FAN,1978.6399999999999,2090,145,22.099999999999998,26.0,3.0,1.104591301218549
SANDWICH BATH SPONGE,1022.8,719,97,0.0,0.0,0.0,0.0
SAVE THE PLANET COTTON TOTE BAG,1664.8999999999999,720,175,15.75,7.0,2.0,0.9371374170707762
SAVE THE PLANET MUG,6679.56,5453,357,740.94,685.0,12.0,9.985041439256115
SAVOY ART DECO CLOCK,1453.5800000000002,239,53,173.45,23.0,13.0,10.660528693386107
SCALLOP SHELL SOAP DISH,2.1,1,1,0.0,0.0,0.0,0.0
SCANDINAVIAN 3 HEARTS NAPKIN RING,696.8,1932,124,0.0,0.0,0.0,0.0
SCANDINAVIAN PAISLEY PICNIC BAG,4995.38,2720,446,55.349999999999994,33.0,3.0,1.0958811894518214
SCANDINAVIAN REDS RIBBONS,4144.32,2969,451,18.75,15.0,2.0,0.45038877559109025
SCENTED CANDLE IN DIGITALIS TIN,126.04000000000002,56,13,0.0,0.0,0.0,0.0
SCENTED VELVET LOUNGE CANDLE ,760.15,1790,55,0.0,0.0,0.0,0.0
SCHOOL DESK AND CHAIR ,1199.75,19,13,195.0,3.0,2.0,13.98100017924359
SCOTTIE DOG HOT WATER BOTTLE,24455.39,4655,771,544.45,129.0,7.0,2.177813938009203
SCOTTIE DOGS BABY BIB,951.1099999999999,1993,246,0.0,0.0,0.0,0.0
SCOTTIES CHILDRENS APRON,348.91999999999996,210,57,0.0,0.0,0.0,0.0
SCOTTIES DESIGN WASHBAG,314.54999999999995,170,56,7.8,4.0,3.0,2.419730107026524
SEASIDE FLYING DISC,626.53,505,81,0.0,0.0,0.0,0.0
SET 10 CARD CHRISTMAS STAMPS 16963,5.82,2,1,0.0,0.0,0.0,0.0
SET 10 CARD CHRISTMAS WELCOME 17112,23.28,8,6,0.0,0.0,0.0,0.0
SET 10 CARD KRAFT REINDEER 17084,49.800000000000004,20,14,0.0,0.0,0.0,0.0
SET 10 CARD PERFECT NATIVITY 17089,9.96,4,4,0.0,0.0,0.0,0.0
SET 10 CARD SNOWMAN 16965,12.450000000000001,5,4,0.0,0.0,0.0,0.0
SET 10 CARDS 12 DAYS OF XMAS 17059,11.64,4,1,0.0,0.0,0.0,0.0
SET 10 CARDS 12 DAYS WRAP  17058,86.58000000000001,26,11,0.0,0.0,0.0,0.0
SET 10 CARDS 3 WISE MEN 17107,2.91,1,1,0.0,0.0,0.0,0.0
SET 10 CARDS CHEERFUL ROBIN 17065,31.200000000000003,15,10,0.0,0.0,0.0,0.0
SET 10 CARDS CHRISTMAS BAUBLE 16954,3.33,1,1,0.0,0.0,0.0,0.0
SET 10 CARDS CHRISTMAS HOLLY  17259,12.48,3,3,0.0,0.0,0.0,0.0
SET 10 CARDS CHRISTMAS ROBIN 17095,6.24,3,3,0.0,0.0,0.0,0.0
SET 10 CARDS CHRISTMAS TREE 16955,16.65,5,5,0.0,0.0,0.0,0.0
SET 10 CARDS DAVID'S MADONNA 17074,14.940000000000001,6,4,0.0,0.0,0.0,0.0
SET 10 CARDS DECK THE HALLS 16960,4.98,2,2,0.0,0.0,0.0,0.0
SET 10 CARDS DINKY TREE 17076,107.07000000000001,43,16,0.0,0.0,0.0,0.0
SET 10 CARDS DRESSING UP 17077,59.760000000000005,24,10,0.0,0.0,0.0,0.0
SET 10 CARDS FILIGREE BAUBLE 16961,9.96,4,4,0.0,0.0,0.0,0.0
SET 10 CARDS HANGING BAUBLES 17080,5.48,2,2,2.99,1.0,1.0,35.30106257378985
SET 10 CARDS HATS & STOCKINGS 17081,13.28,8,7,0.0,0.0,0.0,0.0
SET 10 CARDS JINGLE BELLS 16957,19.92,8,5,0.0,0.0,0.0,0.0
SET 10 CARDS JINGLE BELLS 17217,19.92,8,7,0.0,0.0,0.0,0.0
SET 10 CARDS MAGICAL TREE 17086,13.32,4,4,0.0,0.0,0.0,0.0
SET 10 CARDS OUT OF ORDER 17216,27.39,11,9,0.0,0.0,0.0,0.0
SET 10 CARDS PERFECT POST 17090,24.900000000000002,10,7,0.0,0.0,0.0,0.0
SET 10 CARDS POINSETTIA 17093,9.96,4,2,0.0,0.0,0.0,0.0
SET 10 CARDS PRINTED GRAPHIC 17219,9.96,4,4,0.0,0.0,0.0,0.0
SET 10 CARDS RED RIDING HOOD 17214,99.60000000000001,40,16,0.0,0.0,0.0,0.0
SET 10 CARDS ROBIN WATERPUMP  17096,5.82,2,2,0.0,0.0,0.0,0.0
SET 10 CARDS RUDOLPHS NOSE 17097,11.64,4,3,0.0,0.0,0.0,0.0
SET 10 CARDS SCOTTIE DOG 17211,22.410000000000004,9,8,0.0,0.0,0.0,0.0
SET 10 CARDS SNOWY ROBIN 17099,2.91,1,1,0.0,0.0,0.0,0.0
SET 10 CARDS SNOWY SNOWDROPS  17100,19.92,8,4,0.0,0.0,0.0,0.0
SET 10 CARDS SWIRLY XMAS TREE 17104,5.82,2,1,0.0,0.0,0.0,0.0
SET 10 CARDS TRIANGLE ICONS  17220,2.91,1,1,0.0,0.0,0.0,0.0
SET 10 CARDS WISHING TREE 17116,26.19,9,7,0.0,0.0,0.0,0.0
SET 10 CARDS WORLD CHILDREN 17067,7.470000000000001,3,3,0.0,0.0,0.0,0.0
SET 10 CARDS XMAS CHOIR 17068,14.55,5,5,0.0,0.0,0.0,0.0
SET 10 CARDS XMAS GRAPHIC  17218,17.43,7,2,0.0,0.0,0.0,0.0
SET 10 CHRISTMAS CARDS HOHOHO 16956,22.410000000000004,9,4,0.0,0.0,0.0,0.0
SET 10 LIGHTS NIGHT OWL,3317.4700000000003,461,119,54.0,8.0,5.0,1.6016752336517899
SET 10 MINI SANTA & SNOWMAN  17087,6.64,4,2,0.0,0.0,0.0,0.0
SET 10 MINICARDS CUTE SNOWMAN 17071,8.299999999999999,5,2,0.0,0.0,0.0,0.0
SET 10 NIGHT OWL LIGHTS,3908.73,505,170,124.95,21.0,1.0,3.097667638483965
SET 10 XMAS CARDS & BADGES 17070,27.39,11,6,0.0,0.0,0.0,0.0
SET 12 COLOUR PENCILS DOILEY,31.200000000000003,48,3,0.0,0.0,0.0,0.0
SET 12 COLOUR PENCILS DOLLY GIRL ,1679.5500000000002,2379,232,3.9000000000000004,6.0,2.0,0.23166711218034391
SET 12 COLOUR PENCILS LOVE LONDON,1463.0800000000002,1857,169,0.0,0.0,0.0,0.0
SET 12 COLOUR PENCILS SPACEBOY ,2491.2000000000003,3278,282,10.4,16.0,1.0,0.4157339302846178
SET 12 COLOURING PENCILS DOILEY,0.65,1,1,0.0,0.0,0.0,0.0
SET 12 COLOURING PENCILS DOILY,1636.1000000000001,2200,191,0.0,0.0,0.0,0.0
SET 12 KIDS  WHITE CHALK STICKS,1701.93,4151,225,5.46,13.0,2.0,0.319786340554882
SET 12 KIDS COLOUR  CHALK STICKS,2950.25,7199,369,6.72,16.0,3.0,0.22725966107197573
SET 12 LAVENDER  BOTANICAL T-LIGHTS,2086.69,763,76,0.0,0.0,0.0,0.0
SET 12 RETRO WHITE CHALK STICKS,1973.49,4599,359,10.08,24.0,1.0,0.5081746547890924
SET 12 VINTAGE DOILY CHALK ,586.23,1312,110,0.0,0.0,0.0,0.0
SET 2 PANTRY DESIGN TEA TOWELS,8999.27,2811,372,78.0,24.0,4.0,0.8592891915741186
SET 2 TEA TOWELS I LOVE LONDON ,6856.38,2124,264,527.2,208.0,8.0,7.140167777690499
SET 20 NAPKINS FAIRY CAKES DESIGN ,2368.64,2741,350,11.049999999999999,13.0,2.0,0.4643461963533065
SET 3 PAPER VINTAGE CHICK PAPER EGG,5014.650000000001,1775,214,71.9,26.0,4.0,1.4135317651453345
"SET 3 RETROSPOT TEA,COFFEE,SUGAR",11382.81,2128,430,78.5,16.0,10.0,0.6849129811513693
SET 3 SONG BIRD PAPER EGGS ASSORTED,3271.4100000000003,1171,138,64.9,22.0,4.0,1.9452628802479384
SET 3 WICKER OVAL BASKETS W LIDS,5961.25,463,33,0.0,0.0,0.0,0.0
SET 3 WICKER STORAGE BASKETS ,3399.95,241,74,0.0,0.0,0.0,0.0
SET 36 COLOUR PENCILS DOILEY,80.0,64,3,0.0,0.0,0.0,0.0
SET 36 COLOUR PENCILS DOLLY GIRL,1750.29,1389,147,20.0,16.0,1.0,1.1297584011659108
SET 36 COLOUR PENCILS LOVE LONDON,1581.06,1105,126,0.0,0.0,0.0,0.0
SET 36 COLOUR PENCILS SPACEBOY ,2304.78,1705,185,0.0,0.0,0.0,0.0
SET 36 COLOURING PENCILS DOILEY,1.25,1,1,0.0,0.0,0.0,0.0
SET 36 COLOURING PENCILS DOILY,2070.35,1485,147,1.25,1.0,1.0,0.06033983394477699
SET 4 NURSERY DES ROUND BOXES,57.25,55,9,0.0,0.0,0.0,0.0
SET 4 PICNIC CUTLERY BLUEBERRY,159.9,82,9,0.0,0.0,0.0,0.0
SET 4 PICNIC CUTLERY CHERRY ,138.45,71,9,0.0,0.0,0.0,0.0
SET 4 PICNIC CUTLERY FONDANT,126.75,65,6,0.0,0.0,0.0,0.0
SET 4 VALENTINE DECOUPAGE HEART BOX,557.33,171,64,0.0,0.0,0.0,0.0
SET 40 HEART SHAPE PETIT FOUR CASES,6792.23,4303,161,42.9,26.0,4.0,0.627639854691864
SET 6 CARDS SPARKLY REINDEER 17262,44.910000000000004,9,4,0.0,0.0,0.0,0.0
SET 6 FOOTBALL CELEBRATION CANDLES,830.98,657,103,2.5,2.0,2.0,0.29994720929116475
SET 6 PAPER TABLE LANTERN HEARTS ,8558.76,2328,297,103.16,28.0,6.0,1.190959971923084
SET 6 PAPER TABLE LANTERN STARS ,7250.900000000001,1932,246,214.17000000000002,63.0,3.0,2.868961711008738
SET 6 SCHOOL MILK BOTTLES IN CRATE,13269.49,2841,405,29.64,8.0,5.0,0.22287172168405003
SET 7 BABUSHKA NESTING BOXES,14427.970000000001,1787,380,952.0000000000001,124.0,5.0,6.189869030953897
SET 8 CANDLES VINTAGE DOILEY,216.29999999999998,122,7,0.0,0.0,0.0,0.0
SET 8 CANDLES VINTAGE DOILY,2070.1,1060,107,0.0,0.0,0.0,0.0
SET OF 10 LANTERNS FAIRY LIGHT STAR,2368.37,577,99,136.95000000000002,33.0,5.0,5.4663675698114425
SET OF 10 LED DOLLY LIGHTS,13290.519999999999,2219,372,317.6,64.0,18.0,2.3339006416757058
SET OF 12  VINTAGE POSTCARD SET,1718.5400000000002,2180,143,0.0,0.0,0.0,0.0
SET OF 12 FAIRY CAKE BAKING CASES,6989.54,8471,552,26.56,32.0,5.0,0.3785578882855147
SET OF 12 FORK CANDLES,3507.51,1249,141,2.89,1.0,1.0,0.08232680036463082
SET OF 12 MINI BUNNIES IN A BUCKET,71.4,34,19,0.0,0.0,0.0,0.0
SET OF 12 MINI LOAF BAKING CASES,5073.45,6134,444,10.79,13.0,5.0,0.21222444259122306
SET OF 12 ROSE BOTANICAL T-LIGHTS,153.29000000000002,51,9,0.0,0.0,0.0,0.0
SET OF 12 T-LIGHTS VINTAGE DOILEY,118.94999999999999,61,6,0.0,0.0,0.0,0.0
SET OF 12 T-LIGHTS VINTAGE DOILY,1747.51,929,73,0.0,0.0,0.0,0.0
SET OF 16 VINTAGE BLACK CUTLERY,1722.74,140,50,0.0,0.0,0.0,0.0
SET OF 16 VINTAGE IVORY CUTLERY,25.5,2,2,0.0,0.0,0.0,0.0
SET OF 16 VINTAGE PISTACHIO CUTLERY,3585.99,317,104,51.0,4.0,2.0,1.4022584609800963
SET OF 16 VINTAGE RED CUTLERY,1736.35,160,58,12.75,1.0,1.0,0.7289463152478418
SET OF 16 VINTAGE ROSE CUTLERY,3264.63,272,101,127.5,10.0,3.0,3.7587002856612215
SET OF 16 VINTAGE SKY BLUE CUTLERY,1931.1699999999998,178,66,0.0,0.0,0.0,0.0
SET OF 2 CERAMIC CHRISTMAS REINDEER,2018.1399999999999,1447,89,17.4,12.0,1.0,0.8548100258408088
SET OF 2 CERAMIC CHRISTMAS TREES,1152.98,779,94,0.0,0.0,0.0,0.0
SET OF 2 CERAMIC PAINTED HEARTS ,1646.32,1174,125,8.7,6.0,1.0,0.525673405759447
SET OF 2 CHRISTMAS DECOUPAGE CANDLE,1232.27,1212,161,30.0,24.0,1.0,2.3766706013768846
SET OF 2 ROUND TINS CAMEMBERT ,748.82,282,98,17.700000000000003,6.0,1.0,2.3091374001982987
SET OF 2 ROUND TINS DUTCH CHEESE,535.11,253,79,11.8,4.0,1.0,2.157576200837432
SET OF 2 TEA TOWELS APPLE AND PEARS,6334.3,2058,284,17.700000000000003,6.0,1.0,0.2786523929471033
SET OF 2 TEA TOWELS PING MICROWAVE,306.16,149,76,0.0,0.0,0.0,0.0
SET OF 2 TINS JARDIN DE PROVENCE,967.05,248,96,0.0,0.0,0.0,0.0
SET OF 2 TINS VINTAGE BATHROOM ,1140.9,224,100,0.0,0.0,0.0,0.0
SET OF 2 TRAYS HOME SWEET HOME,2709.43,265,133,59.699999999999996,6.0,4.0,2.1559117845677163
SET OF 2 WOODEN MARKET CRATES,7190.349999999999,526,208,76.5,6.0,4.0,1.0527257339837757
SET OF 20 KIDS COOKIE CUTTERS,9383.150000000001,4311,517,27.300000000000004,13.0,2.0,0.29010302376613234
SET OF 20 VINTAGE CHRISTMAS NAPKINS,8041.179999999999,8976,610,195.19,259.0,7.0,2.36985468112773
SET OF 3 BABUSHKA STACKING TINS,1356.3,274,13,1258.05,255.0,6.0,48.120947845544784
SET OF 3 BIRD LIGHT PINK FEATHER ,979.11,1848,223,2.5,2.0,2.0,0.2546836319923391
SET OF 3 BLACK FLYING DUCKS,2934.8100000000004,577,111,136.8,30.0,8.0,4.453690409915321
SET OF 3 BUTTERFLY COOKIE CUTTERS,8153.56,5799,688,98.75,75.0,8.0,1.196634639270701
SET OF 3 CAKE TINS PANTRY DESIGN ,38108.89,7483,1385,744.95,157.0,73.0,1.9173137069592097
SET OF 3 CAKE TINS SKETCHBOOK,4671.81,1020,297,0.0,0.0,0.0,0.0
SET OF 3 COLOURED  FLYING DUCKS,1888.1000000000001,394,39,170.6,36.0,8.0,8.28678292126099
SET OF 3 CONEY ISLAND OVAL BOXES,66.12,13,8,0.0,0.0,0.0,0.0
SET OF 3 GOLD FLYING DUCKS,454.65,127,21,3.9,2.0,1.0,0.8505070330389272
SET OF 3 HANGING OWLS OLLIE BEAK,4521.72,3720,325,95.41,77.0,4.0,2.066435209751512
SET OF 3 HEART COOKIE CUTTERS,8518.4,6332,685,90.0,72.0,4.0,1.0454904511872125
SET OF 3 MINI HANGING PORTRAITS,123.2,32,2,0.0,0.0,0.0,0.0
SET OF 3 NOTEBOOKS IN PARCEL,9027.439999999999,5435,422,39.599999999999994,24.0,2.0,0.436746722193792
SET OF 3 PANTRY WOODEN SPOONS,306.66,225,41,0.0,0.0,0.0,0.0
SET OF 3 PINK FLYING DUCKS,5.45,1,1,0.0,0.0,0.0,0.0
SET OF 3 REGENCY CAKE TINS,31118.550000000003,6345,873,421.5,90.0,37.0,1.3363961059034464
SET OF 3 WOODEN HEART DECORATIONS,5147.19,3863,445,58.75,47.0,5.0,1.1285185768564372
SET OF 3 WOODEN SLEIGH DECORATIONS,2690.81,1963,299,1.25,1.0,1.0,0.04643284325015044
SET OF 3 WOODEN STOCKING DECORATION,2743.82,2053,319,15.0,12.0,1.0,0.5437107169007039
SET OF 3 WOODEN TREE DECORATIONS,2404.79,1769,293,18.75,15.0,2.0,0.7736616684684388
SET OF 36 DINOSAUR PAPER DOILIES,499.08,335,65,2.9,2.0,2.0,0.5777122594525679
SET OF 36 DOILIES PANTRY DESIGN,3983.6,2741,244,10.149999999999999,7.0,2.0,0.2541471048513302
SET OF 36 DOILIES SPACEBOY DESIGN ,1135.3999999999999,817,68,0.0,0.0,0.0,0.0
SET OF 36 DOLLY GIRL PAPER DOILIES,69.66,45,15,2.9,2.0,1.0,3.9966923925027564
SET OF 36 MUSHROOM PAPER DOILIES,230.54999999999998,159,30,1.45,1.0,1.0,0.625
SET OF 36 PAISLEY FLOWER DOILIES,3545.6,2219,360,88.44999999999999,61.0,6.0,2.4339235838802438
SET OF 36 PANTRY PAPER DOILIES,139.78,67,33,0.0,0.0,0.0,0.0
SET OF 36 SPACEBOY PAPER DOILIES,75.42,51,8,8.7,6.0,1.0,10.34236804564907
SET OF 36 TEATIME PAPER DOILIES,4471.17,3051,334,21.75,15.0,3.0,0.484094976095724
SET OF 36 VINTAGE CHRISTMAS DOILIES,71.27,38,8,1.45,1.0,1.0,1.993949394939494
SET OF 4 BLACK LOVEBIRD COASTERS,554.78,451,82,0.0,0.0,0.0,0.0
SET OF 4 CAROUSEL PLACEMATS ,183.45,91,23,0.0,0.0,0.0,0.0
SET OF 4 DIAMOND NAPKIN RINGS,1393.79,166,38,3.95,1.0,1.0,0.2825990527565928
SET OF 4 ENGLISH ROSE COASTERS,1760.8,1249,279,1.25,1.0,1.0,0.07094009818109588
SET OF 4 ENGLISH ROSE PLACEMATS,4193.12,1000,298,33.75,9.0,3.0,0.7984631654155439
SET OF 4 FAIRY CAKE PLACEMATS,843.34,222,83,0.0,0.0,0.0,0.0
SET OF 4 FAIRY CAKE PLACEMATS ,965.41,519,68,0.0,0.0,0.0,0.0
SET OF 4 GREEN CAROUSEL COASTERS,50.75,35,17,0.0,0.0,0.0,0.0
SET OF 4 JAM JAR MAGNETS,5842.88,2701,235,126.88,61.0,3.0,2.125378574683069
SET OF 4 KNICK KNACK TINS  DOILEY ,24.900000000000002,6,1,0.0,0.0,0.0,0.0
SET OF 4 KNICK KNACK TINS DOILEY ,7248.79,1819,182,95.05000000000001,23.0,7.0,1.2942820105013182
SET OF 4 KNICK KNACK TINS DOILY ,9726.480000000001,2352,353,111.65,27.0,10.0,1.134870143004819
SET OF 4 KNICK KNACK TINS LEAF,3020.61,747,123,56.900000000000006,14.0,8.0,1.848897322835669
SET OF 4 KNICK KNACK TINS LEAVES ,1253.7800000000002,306,54,12.450000000000001,3.0,2.0,0.98323369372073
SET OF 4 KNICK KNACK TINS LONDON ,7771.610000000001,1849,274,65.60000000000001,16.0,8.0,0.83703256643627
SET OF 4 KNICK KNACK TINS POPPIES,3353.84,842,178,115.80000000000001,28.0,9.0,3.337522048396952
SET OF 4 NAPKIN CHARMS 3 KEYS ,446.84,237,57,0.0,0.0,0.0,0.0
SET OF 4 NAPKIN CHARMS CROWNS ,481.88,300,52,2.55,1.0,1.0,0.5263918419585905
SET OF 4 NAPKIN CHARMS CUTLERY,3039.66,1251,125,0.0,0.0,0.0,0.0
SET OF 4 NAPKIN CHARMS HEARTS,1935.1599999999999,805,148,0.0,0.0,0.0,0.0
SET OF 4 NAPKIN CHARMS INSTRUMENT,303.72999999999996,139,37,0.0,0.0,0.0,0.0
SET OF 4 NAPKIN CHARMS LEAVES   ,441.83,238,48,0.0,0.0,0.0,0.0
SET OF 4 NAPKIN CHARMS STARS   ,596.36,269,51,0.0,0.0,0.0,0.0
SET OF 4 PANTRY JELLY MOULDS,16478.48,12649,1073,85.0,68.0,9.0,0.5131771825727444
SET OF 4 PISTACHIO LOVEBIRD COASTER,553.01,475,93,18.96,24.0,1.0,3.3148591709355384
SET OF 4 POLKADOT COASTERS,310.03,172,77,0.0,0.0,0.0,0.0
SET OF 4 POLKADOT PLACEMATS ,821.16,173,78,0.0,0.0,0.0,0.0
SET OF 4 ROSE BOTANICAL CANDLES,1429.49,881,165,0.0,0.0,0.0,0.0
SET OF 4 SANTA PLACE SETTINGS,1531.95,1202,108,60.0,48.0,1.0,3.7689625930462642
SET OF 5 LUCKY CAT MAGNETS ,5513.83,2633,255,124.8,60.0,3.0,2.213303586154793
SET OF 5 MINI GROCERY MAGNETS,3423.29,1665,205,49.92,24.0,2.0,1.4372871205599431
SET OF 5 PANCAKE DAY MAGNETS,4713.52,2293,223,52.0,25.0,3.0,1.0911715825345396
SET OF 6 3D KIT CARDS FOR KIDS,1359.3999999999999,1477,223,0.0,0.0,0.0,0.0
SET OF 6 CAKE CHOPSTICKS,978.23,640,153,0.0,0.0,0.0,0.0
SET OF 6 EASTER RAINBOW CHICKS,15.0,12,1,0.0,0.0,0.0,0.0
SET OF 6 FUNKY BEAKERS,1843.6100000000001,551,162,0.0,0.0,0.0,0.0
SET OF 6 GIRLS CELEBRATION CANDLES,748.95,592,126,0.0,0.0,0.0,0.0
SET OF 6 HALLOWEEN GHOST T-LIGHTS,317.83,691,83,15.12,36.0,1.0,4.541222405766632
SET OF 6 HEART CHOPSTICKS,1139.65,811,152,0.0,0.0,0.0,0.0
SET OF 6 HERB TINS SKETCHBOOK,4262.820000000001,1164,295,7.9,2.0,2.0,0.18498051850741795
SET OF 6 ICE CREAM SKITTLES,47.2,16,3,0.0,0.0,0.0,0.0
SET OF 6 KASHMIR FOLKART BAUBLES,1120.26,710,83,95.69999999999999,58.0,2.0,7.87032468173295
SET OF 6 NATIVITY MAGNETS ,5143.06,2557,163,444.0,240.0,1.0,7.946934523702985
SET OF 6 RIBBONS COUNTRY STYLE,499.18,172,26,0.0,0.0,0.0,0.0
SET OF 6 RIBBONS PARTY,476.0,170,16,0.0,0.0,0.0,0.0
SET OF 6 RIBBONS PERFECTLY PRETTY  ,724.59,251,43,0.0,0.0,0.0,0.0
SET OF 6 RIBBONS VINTAGE CHRISTMAS,10610.04,3261,422,86.7,30.0,4.0,0.8105273195384762
SET OF 6 SNACK LOAF BAKING CASES,3607.81,4392,354,10.79,13.0,4.0,0.29818161720002206
SET OF 6 SOLDIER SKITTLES,9895.04,2480,443,15.0,4.0,1.0,0.15136164939798424
SET OF 6 SPICE TINS PANTRY DESIGN,24436.260000000002,5966,834,118.0,30.0,12.0,0.4805683412980069
SET OF 6 STRAWBERRY CHOPSTICKS,1054.44,801,144,0.0,0.0,0.0,0.0
SET OF 6 T-LIGHTS CACTI ,2419.29,881,108,2.95,1.0,1.0,0.12178809696809566
SET OF 6 T-LIGHTS EASTER CHICKS,1038.8700000000001,345,75,53.1,18.0,1.0,4.862770955246024
SET OF 6 T-LIGHTS SANTA,3781.2000000000003,1240,204,83.7,30.0,3.0,2.165644647985718
SET OF 6 T-LIGHTS SNOWMEN,3022.0800000000004,944,165,140.1,54.0,2.0,4.43048782801738
SET OF 6 T-LIGHTS TOADSTOOLS,2417.73,818,195,0.0,0.0,0.0,0.0
SET OF 6 T-LIGHTS WEDDING CAKE ,677.0400000000001,260,38,0.0,0.0,0.0,0.0
SET OF 6 TEA TIME BAKING CASES,5985.55,4979,378,33.75,27.0,6.0,0.5606964264947751
SET OF 6 VINTAGE NOTELETS KIT,560.11,563,42,0.0,0.0,0.0,0.0
SET OF 60 I LOVE LONDON CAKE CASES ,4495.85,8275,407,48.400000000000006,88.0,4.0,1.0650822467954009
SET OF 60 PANTRY DESIGN CAKE CASES ,6371.89,12049,629,48.400000000000006,88.0,5.0,0.7538600281295705
SET OF 60 VINTAGE LEAF CAKE CASES ,3272.61,6139,382,0.0,0.0,0.0,0.0
SET OF 72 GREEN PAPER DOILIES,59.449999999999996,41,18,7.25,5.0,1.0,10.869565217391306
SET OF 72 PINK HEART PAPER DOILIES,6671.25,4311,510,18.849999999999998,13.0,2.0,0.2817596149534386
SET OF 72 RETROSPOT PAPER  DOILIES,8368.39,5808,453,173.65,133.0,5.0,2.0328867577300036
SET OF 72 SKULL PAPER  DOILIES,1270.07,883,103,0.0,0.0,0.0,0.0
SET OF 9 BLACK SKULL BALLOONS,2417.24,2828,226,8.5,10.0,1.0,0.3504085351274251
SET OF 9 HEART SHAPED BALLOONS,3445.5,2757,266,15.0,12.0,1.0,0.43346337234503685
SET OF PICTURE FRAME  STICKERS,590.4200000000001,134,62,0.0,0.0,0.0,0.0
SET OF SALT AND PEPPER TOADSTOOLS,3021.6,2472,199,115.19,96.0,17.0,3.6722254279055977
SET OF SKULL WALL STICKERS,274.37,95,20,0.0,0.0,0.0,0.0
SET OF TEA COFFEE SUGAR TINS PANTRY,23489.420000000002,4800,470,545.5500000000001,117.0,35.0,2.269817686479326
SET OF THREE VINTAGE GIFT WRAPS,1.95,1,1,0.0,0.0,0.0,0.0
SET/10 BLUE POLKADOT PARTY CANDLES,4863.05,4011,240,61.25,49.0,3.0,1.2438316105842455
SET/10 IVORY POLKADOT PARTY CANDLES,1380.84,1143,154,30.0,24.0,1.0,2.1263927872756656
SET/10 PINK POLKADOT PARTY CANDLES,6488.54,5325,344,61.25,49.0,3.0,0.9351444855483917
SET/10 RED POLKADOT PARTY CANDLES,7998.85,6606,379,120.0,96.0,3.0,1.4780418409011127
SET/12 FUNKY FELT FLOWER PEG IN BAG,416.91,223,48,0.0,0.0,0.0,0.0
SET/12 TAPER CANDLES,605.89,607,93,0.0,0.0,0.0,0.0
SET/2 RED RETROSPOT TEA TOWELS ,8536.85,2599,394,550.0,200.0,2.0,6.052702531680395
SET/20 FRUIT SALAD PAPER NAPKINS ,143.44,88,25,0.0,0.0,0.0,0.0
SET/20 RED RETROSPOT PAPER NAPKINS ,11312.56,13202,986,14.45,17.0,2.0,0.12757117721269778
SET/20 STRAWBERRY PAPER NAPKINS ,2531.04,2769,313,0.0,0.0,0.0,0.0
SET/3 CHRISTMAS DECOUPAGE CANDLES,1005.3199999999999,892,69,30.0,24.0,1.0,2.897654831356489
SET/3 DECOUPAGE STACKING TINS,992.5200000000001,193,69,14.850000000000001,3.0,1.0,1.474135620477084
SET/3 FLORAL GARDEN TOOLS IN BAG,23.85,3,2,0.0,0.0,0.0,0.0
SET/3 OCEAN SCENT CANDLE JEWEL BOX,1855.37,399,114,12.75,3.0,1.0,0.6825043359098988
SET/3 POLKADOT STACKING TINS,389.55,78,29,14.850000000000001,3.0,1.0,3.672106824925816
SET/3 POT PLANT CANDLES,424.46000000000004,68,32,75.30000000000001,14.0,4.0,15.067232271490315
SET/3 RABBITS FLOWER SKIPPPING ROPE,112.55999999999999,126,26,0.0,0.0,0.0,0.0
SET/3 RED GINGHAM ROSE STORAGE BOX,11905.95,3034,477,144.03,41.0,12.0,1.1952716933970013
SET/3 ROSE CANDLE IN JEWELLED BOX,1911.8899999999999,401,112,38.25,9.0,5.0,1.961397643246126
SET/3 TALL GLASS CANDLE HOLDER PINK,89.22,4,3,0.0,0.0,0.0,0.0
SET/3 VANILLA SCENTED CANDLE IN BOX,3186.5,726,162,516.7,134.0,10.0,13.952797580470946
SET/4 2 TONE EGG SHAPE MIXING BOWLS,9.95,1,1,0.0,0.0,0.0,0.0
SET/4 BADGES BALLOON GIRL,561.84,448,89,0.0,0.0,0.0,0.0
SET/4 BADGES BEETLES,348.19,265,73,0.0,0.0,0.0,0.0
SET/4 BADGES CUTE CREATURES,340.22,261,54,0.0,0.0,0.0,0.0
SET/4 BADGES DOGS,445.01,338,89,0.0,0.0,0.0,0.0
SET/4 BIRD MIRROR MAGNETS ,181.32999999999998,459,51,7.83,27.0,2.0,4.139352928737576
SET/4 BLUE FLOWER CANDLES IN BOWL,229.46999999999997,137,35,6.6,4.0,3.0,2.7957809124412254
SET/4 BUTTERFLY MIRROR MAGNETS,39.199999999999996,79,13,0.0,0.0,0.0,0.0
SET/4 COLOURFUL MIXING BOWLS,661.9799999999999,70,43,0.0,0.0,0.0,0.0
SET/4 DAISY MIRROR MAGNETS,192.73999999999998,494,44,7.32,19.0,2.0,3.6589023293012106
SET/4 GARDEN ROSE DINNER CANDLE,11.549999999999999,7,3,0.0,0.0,0.0,0.0
SET/4 MODERN VINTAGE COTTON NAPKINS,86.75,77,23,5.9,2.0,1.0,6.368051807879114
SET/4 RED MINI ROSE CANDLE IN BOWL,1142.4299999999998,744,191,1.65,1.0,1.0,0.14422068386826095
SET/4 SKULL BADGES,1080.0,914,165,15.0,12.0,2.0,1.36986301369863
SET/4 SPRING FLOWER DECORATION,1376.53,1143,128,6.0,8.0,1.0,0.4339869659247901
SET/4 WHITE RETRO STORAGE CUBES ,16363.300000000001,415,155,1248.25,35.0,8.0,7.087678256598652
SET/5 RED RETROSPOT LID GLASS BOWLS,17623.350000000002,6073,879,300.85,107.0,34.0,1.6784570580555898
SET/5 RED SPOTTY LID GLASS BOWLS,734.4,288,1,0.0,0.0,0.0,0.0
SET/6 BEAD COASTERS GAUZE BAG GOLD,309.29999999999995,582,27,0.0,0.0,0.0,0.0
SET/6 BLACK BIRD T-LIGHT CANDLES,316.75,215,39,2.1,1.0,1.0,0.6586169045005488
SET/6 COLLAGE PAPER CUPS,773.14,2610,181,4.5600000000000005,24.0,1.0,0.5863443487205865
SET/6 COLLAGE PAPER PLATES,1274.1899999999998,2413,217,14.04,36.0,3.0,1.089867492606134
SET/6 EAU DE NIL BIRD T-LIGHTS,608.53,335,72,0.0,0.0,0.0,0.0
SET/6 FROG PRINCE T-LIGHT CANDLES,795.02,479,86,12.75,5.0,1.0,1.578419599638511
SET/6 FRUIT SALAD  PAPER PLATES,581.09,1259,105,0.0,0.0,0.0,0.0
SET/6 FRUIT SALAD PAPER CUPS,428.28000000000003,1678,103,2.2800000000000002,12.0,1.0,0.5295429208472687
SET/6 GREEN SPRING PAPER CUPS,48.99,233,25,0.0,0.0,0.0,0.0
SET/6 IVORY BIRD T-LIGHT CANDLES,2.1,1,1,0.0,0.0,0.0,0.0
SET/6 PINK  BUTTERFLY T-LIGHTS,4007.85,2096,186,6.300000000000001,3.0,3.0,0.15694480774261052
SET/6 PINK BIRD T-LIGHT CANDLES,796.99,451,100,8.0,5.0,2.0,0.9938011652318662
SET/6 POSIES PAPER CUPS,74.57000000000001,141,16,0.0,0.0,0.0,0.0
SET/6 POSIES PAPER PLATES,118.72999999999999,125,14,0.0,0.0,0.0,0.0
SET/6 PURPLE BUTTERFLY T-LIGHTS,2145.2000000000003,888,196,0.0,0.0,0.0,0.0
SET/6 RED SPOTTY PAPER CUPS,4851.5,7121,428,0.0,0.0,0.0,0.0
SET/6 RED SPOTTY PAPER PLATES,6933.259999999999,8758,527,0.0,0.0,0.0,0.0
SET/6 TURQUOISE BUTTERFLY T-LIGHTS,2561.02,1279,165,0.0,0.0,0.0,0.0
SET/9 CHRISTMAS T-LIGHTS SCENTED ,30.0,24,7,0.0,0.0,0.0,0.0
SET3 BOOK BOX GREEN GINGHAM FLOWER ,5163.63,1207,262,136.25,35.0,6.0,2.5708129240662054
SEWING BOX RETROSPOT DESIGN ,2124.54,209,86,239.2,16.0,2.0,10.119556296377773
SEWING SUSAN 21 NEEDLE SET,880.4699999999999,918,172,0.85,1.0,1.0,0.09644623973131213
SHELF WITH 4 HOOKS HOME SWEET HOME,2409.34,461,107,12.5,2.0,1.0,0.5161364912628414
SHOE SHINE BOX ,633.0699999999999,57,44,19.9,2.0,1.0,3.0476132134707568
"SILICON CUBE 25W, BLUE",4.62,11,2,0.0,0.0,0.0,0.0
SILICON STAR BULB  BLUE,7.56,18,8,0.0,0.0,0.0,0.0
SILK PURSE BABUSHKA BLUE,657.76,194,58,3.35,1.0,1.0,0.5067235407118331
SILK PURSE BABUSHKA PINK,1583.95,491,143,20.1,6.0,1.0,1.2530781459430818
SILK PURSE BABUSHKA RED,775.8000000000001,222,51,0.0,0.0,0.0,0.0
SILVER  CANDLEPOT JARDIN ,82.5,22,7,0.0,0.0,0.0,0.0
SILVER 2 STRAND NECKLACE-LEAF CHARM,15.0,2,2,0.0,0.0,0.0,0.0
SILVER AND BLACK ORBIT NECKLACE,13.350000000000001,2,2,0.0,0.0,0.0,0.0
SILVER APERITIF GLASS,128.4,276,8,0.0,0.0,0.0,0.0
SILVER BELLS TABLE DECORATION,2739.38,2166,257,1.25,1.0,1.0,0.04560995099666865
SILVER BLACK ORBIT BRACELET,68.73,13,11,0.0,0.0,0.0,0.0
SILVER BLACK ORBIT DROP EARRINGS,50.400000000000006,12,9,4.25,1.0,1.0,7.7767612076852695
SILVER BOOK MARK WITH BEADS,182.25,161,34,0.0,0.0,0.0,0.0
SILVER BRACELET W PASTEL FLOWER,244.68,32,19,15.0,2.0,1.0,5.776340110905729
SILVER CHRISTMAS TREE BAUBLE STAND ,577.35,34,23,67.8,4.0,3.0,10.509183910718438
SILVER DIAMANTE PEN IN GIFT BOX,548.93,173,66,0.0,0.0,0.0,0.0
SILVER DISCO HANDBAG,272.99,129,35,0.0,0.0,0.0,0.0
SILVER DROP EARRINGS WITH FLOWER,67.36,18,14,0.0,0.0,0.0,0.0
SILVER FABRIC MIRROR,219.35000000000002,458,46,0.0,0.0,0.0,0.0
SILVER FISHING GNOME ,419.52000000000004,52,27,13.9,2.0,1.0,3.207050897512805
SILVER FLOWR PINK SHELL NECKLACE,342.76000000000005,53,4,0.0,0.0,0.0,0.0
SILVER GLASS T-LIGHT SET,525.75,201,17,8.850000000000001,3.0,1.0,1.655443322109989
SILVER GLITTER FLOWER VOTIVE HOLDER,437.59,1409,57,0.0,0.0,0.0,0.0
SILVER HANGING T-LIGHT HOLDER,7622.639999999999,4789,290,412.34999999999997,263.0,35.0,5.131929224554106
SILVER HEARTS TABLE DECORATION,1075.03,1274,157,0.0,0.0,0.0,0.0
SILVER HOOP EARRINGS WITH FLOWER,168.0,28,18,0.0,0.0,0.0,0.0
SILVER JEWELLED MIRROR TRINKET TRAY,695.23,95,45,0.0,0.0,0.0,0.0
SILVER LARIAT 40CM,163.82,26,10,0.0,0.0,0.0,0.0
SILVER LARIAT BLACK STONE EARRINGS,67.87,16,10,0.0,0.0,0.0,0.0
SILVER LATTICE VANILLA CANDLE POT,63.75,17,7,0.0,0.0,0.0,0.0
SILVER LOOKING MIRROR,24.75,5,2,0.0,0.0,0.0,0.0
SILVER M.O.P ORBIT BRACELET,197.09,38,27,0.0,0.0,0.0,0.0
SILVER M.O.P ORBIT DROP EARRINGS,193.33,46,37,4.25,1.0,1.0,2.151027431926308
SILVER M.O.P. ORBIT NECKLACE,54.800000000000004,11,6,0.0,0.0,0.0,0.0
SILVER MINI TAPE MEASURE ,271.21999999999997,158,26,0.0,0.0,0.0,0.0
SILVER MUG BONE CHINA TREE OF LIFE,1415.8500000000001,1162,111,28.7,17.0,4.0,1.9867778893080885
SILVER OVAL SHAPE TRINKET BOX,221.79999999999998,25,17,0.0,0.0,0.0,0.0
SILVER PHOTO FRAME,409.83,136,37,2.1,1.0,1.0,0.5097953535794917
SILVER PLATE CANDLE BOWL SMALL,1101.2800000000002,348,57,0.0,0.0,0.0,0.0
SILVER RECORD COVER FRAME,1649.6399999999999,365,41,0.0,0.0,0.0,0.0
SILVER ROCCOCO CHANDELIER,504.32,14,9,89.85,3.0,2.0,15.12193479980477
SILVER ROCOCO CANDLE STICK,340.7,146,14,37.25,15.0,3.0,9.855801031882525
SILVER STANDING GNOME   ,217.35999999999999,44,22,0.0,0.0,0.0,0.0
SILVER STARS TABLE DECORATION,1739.6299999999999,2031,213,0.0,0.0,0.0,0.0
SILVER T-LIGHT SETTING,924.29,143,28,220.15,37.0,1.0,19.23648247177659
SILVER TEDDY BEAR,244.72,64,27,0.0,0.0,0.0,0.0
SILVER VANILLA  FLOWER CANDLE POT,369.87,95,26,0.0,0.0,0.0,0.0
SILVER/AMETHYST DROP EARRINGS LEAF,58.43,20,19,0.0,0.0,0.0,0.0
SILVER/BLACK ORBIT NECKLACE,29.849999999999998,3,2,0.0,0.0,0.0,0.0
SILVER/BLACK PENDANT ORBIT NECKLACE,24.96,3,3,0.0,0.0,0.0,0.0
SILVER/CRYSTAL DROP EARRINGS W LEAF,46.76,16,10,0.0,0.0,0.0,0.0
SILVER/M.O.P PENDANT ORBIT NECKLACE,105.71000000000001,17,7,0.0,0.0,0.0,0.0
SILVER/MOP ORBIT NECKLACE,162.79,16,15,0.0,0.0,0.0,0.0
SILVER/NAT SHELL NECKLACE W PENDANT,28.76,5,5,0.0,0.0,0.0,0.0
SILVER/NATURAL SHELL NECKLACE,68.0,8,4,0.0,0.0,0.0,0.0
SINGLE ANTIQUE ROSE HOOK IVORY,2752.2,1868,261,21.75,15.0,6.0,0.7840804628778458
SINGLE HEART ZINC T-LIGHT HOLDER,6830.5,6265,507,11.399999999999999,12.0,1.0,0.1666203832268814
SINGLE WIRE HOOK IVORY HEART,1231.51,879,82,17.4,12.0,1.0,1.3932148833783056
SINGLE WIRE HOOK PINK HEART,528.6999999999999,414,27,17.4,12.0,1.0,3.18622962827321
SIX DRAWER OFFICE TIDY,616.79,65,27,0.0,0.0,0.0,0.0
SKETCHBOOK MAGNETIC SHOPPING LIST,2253.7,1442,246,36.25,25.0,7.0,1.5830039957204307
SKULL AND CROSSBONES  GARLAND ,1684.85,1067,132,0.0,0.0,0.0,0.0
SKULL DESIGN TV DINNER TRAY,1590.82,313,138,0.0,0.0,0.0,0.0
SKULL LUNCH BOX WITH CUTLERY ,5550.219999999999,2131,412,10.2,4.0,4.0,0.1834393804784531
SKULL SHOULDER BAG,4480.28,2421,411,16.5,10.0,1.0,0.36692922491204816
SKULLS  DESIGN  COTTON TOTE BAG,590.67,252,79,27.0,12.0,1.0,4.371266210112196
SKULLS  STICKERS,1028.58,1140,138,0.0,0.0,0.0,0.0
SKULLS  WATER TRANSFER TATTOOS ,1687.6799999999998,1972,174,0.0,0.0,0.0,0.0
SKULLS AND CROSSBONES WRAP,2356.0,5800,165,10.5,25.0,1.0,0.4436932178322417
SKULLS DESIGN FLANNEL,313.01,287,103,10.2,12.0,1.0,3.155842950403762
SKULLS GREETING CARD,778.89,1891,115,0.0,0.0,0.0,0.0
SKULLS PARTY BAG + STICKER SET,1677.9999999999998,1032,148,39.599999999999994,24.0,4.0,2.305542617605962
SKULLS SQUARE TISSUE BOX,354.82,755,59,0.0,0.0,0.0,0.0
SKULLS STORAGE BOX LARGE,320.49,87,30,0.0,0.0,0.0,0.0
SKULLS STORAGE BOX SMALL,256.44,96,41,6.300000000000001,3.0,3.0,2.3978077186572277
SKULLS TAPE,251.17000000000002,704,70,0.0,0.0,0.0,0.0
SKULLS WRITING SET ,1484.1299999999999,864,252,0.0,0.0,0.0,0.0
SLATE TILE NATURAL HANGING,2235.9399999999996,1472,162,0.0,0.0,0.0,0.0
SLEEPING CAT ERASERS,1047.93,4991,290,12.6,60.0,1.0,1.188085202681678
SMALL APOTHECARY MEASURING JAR ,629.0500000000001,81,28,0.0,0.0,0.0,0.0
SMALL BLUE PROVENCAL CERAMIC BALL,103.93999999999998,62,9,0.0,0.0,0.0,0.0
SMALL BONNE JAM JAR  T-LIGHT HOLDER,808.16,422,22,62.400000000000006,30.0,2.0,7.16780003675795
SMALL CAMPHOR WOOD FIELD  MUSHROOM,215.67999999999998,121,41,0.0,0.0,0.0,0.0
SMALL CERAMIC TOP STORAGE JAR ,4476.009999999999,5847,231,365.19,525.0,9.0,7.5433776749566235
SMALL CHINESE STYLE SCISSOR,4335.76,13328,54,0.0,0.0,0.0,0.0
SMALL CHOCOLATES PINK BOWL,956.4599999999999,1858,246,0.0,0.0,0.0,0.0
SMALL CHUNKY GLASS ROMAN  BOWL,214.73000000000002,159,15,2.95,1.0,1.0,1.3552002940095553
SMALL DECO JEWELLERY STAND,2005.81,243,79,8.25,1.0,1.0,0.4096203688072848
SMALL DOLLY MIX DESIGN ORANGE BOWL,2564.99,5030,527,6.72,16.0,1.0,0.2613047349817826
SMALL FOLDING SCISSOR(POINTED EDGE),360.71,2892,70,0.0,0.0,0.0,0.0
SMALL FOLKART STAR CHRISTMAS DEC,350.48,1245,54,0.0,0.0,0.0,0.0
SMALL GLASS HEART TRINKET POT,9798.980000000001,4246,541,270.15000000000003,139.0,40.0,2.6829527476554578
SMALL GLASS SUNDAE DISH CLEAR,984.4699999999999,739,63,20.07,39.0,2.0,1.997929400521632
SMALL HAMMERED SILVER CANDLEPOT ,1107.91,361,50,0.0,0.0,0.0,0.0
SMALL HANGING GLASS+ZINC LANTERN,62.349999999999994,43,8,0.0,0.0,0.0,0.0
SMALL HANGING IVORY/RED WOOD BIRD,1302.31,2660,261,10.08,24.0,1.0,0.7680643711091978
SMALL HEART FLOWERS HOOK ,1540.4499999999998,1761,172,0.85,1.0,1.0,0.055148251476026734
SMALL HEART MEASURING SPOONS,2754.16,2847,472,24.13,29.0,4.0,0.8685198449405929
SMALL IVORY HEART WALL ORGANISER,5138.6,1020,152,23.0,4.0,3.0,0.44559826410415376
SMALL JEWELLERY STAND,132.0,16,6,0.0,0.0,0.0,0.0
SMALL KITCHEN FLOWER POTS PLAQUE,331.5,50,37,0.0,0.0,0.0,0.0
SMALL LICORICE DES PINK BOWL,436.78,574,85,0.0,0.0,0.0,0.0
SMALL MARSHMALLOWS PINK BOWL,1982.98,3748,447,6.72,16.0,1.0,0.3377393576921144
SMALL MEDINA STAMPED METAL BOWL ,612.1,771,47,0.0,0.0,0.0,0.0
SMALL PARISIENNE HEART PHOTO FRAME ,2239.2400000000002,939,142,7.470000000000001,3.0,2.0,0.33248616866440267
SMALL PARLOUR FRAME,106.98000000000002,42,2,0.0,0.0,0.0,0.0
SMALL PARLOUR PICTURE FRAME,462.45,165,33,0.0,0.0,0.0,0.0
SMALL PINK GLASS SUNDAE DISH,476.38,939,40,28.56,68.0,2.0,5.656117558521805
SMALL PINK MAGIC CHRISTMAS TREE,282.38,645,40,0.0,0.0,0.0,0.0
SMALL POLKADOT CHOCOLATE GIFT BAG ,819.64,943,52,0.0,0.0,0.0,0.0
SMALL POP BOX FUNKY MONKEY,353.98,258,87,0.0,0.0,0.0,0.0
"SMALL POP BOX,FUNKY MONKEY",216.47,152,34,0.0,0.0,0.0,0.0
SMALL POPCORN HOLDER,17045.8,20149,589,37.14,44.0,14.0,0.21740988377878753
SMALL PURPLE BABUSHKA NOTEBOOK ,1187.96,1687,251,0.0,0.0,0.0,0.0
SMALL RED BABUSHKA NOTEBOOK ,1350.4699999999998,1951,266,0.0,0.0,0.0,0.0
SMALL RED RETROSPOT MUG IN BOX ,2354.4,948,116,336.54,296.0,5.0,12.506410399340009
SMALL RED RETROSPOT WINDMILL,3766.93,3075,226,18.75,15.0,3.0,0.49528750449060677
SMALL REGAL  SILVER CANDLEPOT ,840.33,307,24,0.0,0.0,0.0,0.0
SMALL ROUND CUT GLASS CANDLESTICK,760.39,161,33,0.0,0.0,0.0,0.0
SMALL SILVER FLOWER CANDLE POT,857.6800000000001,284,41,0.0,0.0,0.0,0.0
SMALL SILVER TRELLIS CANDLEPOT,672.4000000000001,224,33,35.400000000000006,12.0,1.0,5.001412828482622
SMALL SINGLE FLAME CANDLE HOLDER,11.549999999999999,33,6,0.0,0.0,0.0,0.0
SMALL SKULL WINDMILL,645.61,485,54,15.0,12.0,1.0,2.2706286613887166
SMALL SQUARE CUT GLASS CANDLESTICK,1106.54,187,51,24.75,5.0,1.0,2.1877679463267596
SMALL STRIPES CHOCOLATE GIFT BAG ,594.51,867,28,0.0,0.0,0.0,0.0
SMALL TAHITI BEACH BAG,18.6,4,1,3.81,1.0,1.0,17.001338688085678
SMALL TALL CAMPHOR WOOD TOADSTOOL,217.89,142,34,0.0,0.0,0.0,0.0
SMALL WHITE HEART OF WICKER,8438.539999999999,4716,629,64.35,39.0,4.0,0.7568015110156664
SMALL WHITE RETROSPOT MUG IN BOX ,1384.3,729,86,180.5,286.0,5.0,11.53502044989775
SMALL WHITE/PINK ROSE ART FLOWER,120.07000000000001,107,9,2.5,2.0,1.0,2.0396508117810233
SMALL YELLOW BABUSHKA NOTEBOOK ,758.13,1010,217,0.0,0.0,0.0,0.0
SMALL ZINC HEART WALL ORGANISER,5416.18,1541,45,0.0,0.0,0.0,0.0
SMALL ZINC/GLASS CANDLEHOLDER,78.92999999999999,53,8,0.0,0.0,0.0,0.0
SMALLFOLKART BAUBLE CHRISTMAS DEC,361.81,688,41,18.240000000000002,96.0,1.0,4.7993685041441925
SMOKEY GREY COLOUR D.O.F. GLASS,204.79,587,26,0.0,0.0,0.0,0.0
SMOKEY GREY COLOUR GLASS,84.75999999999999,236,15,0.0,0.0,0.0,0.0
SNACK TRAY HAPPY FOREST  ,234.92,116,25,0.0,0.0,0.0,0.0
SNACK TRAY I LOVE LONDON,358.75,169,35,0.0,0.0,0.0,0.0
SNACK TRAY PAISLEY PARK,367.34999999999997,179,32,0.0,0.0,0.0,0.0
SNACK TRAY RED GINGHAM,125.72,60,14,0.0,0.0,0.0,0.0
SNACK TRAY RED VINTAGE DOILY,400.03999999999996,198,37,0.0,0.0,0.0,0.0
SNOWFLAKE PORTABLE TABLE LIGHT ,1557.65,529,127,0.0,0.0,0.0,0.0
SNOWSTORM PHOTO FRAME FRIDGE MAGNET,500.90999999999997,591,57,22.95,27.0,2.0,4.3809414729126095
SOAP DISH BROCANTE,2070.73,719,110,38.35000000000001,13.0,2.0,1.8183283706639866
SOFT PINK ROSE TOWEL ,952.83,273,124,0.0,0.0,0.0,0.0
SOLDIERS EGG CUP ,10858.31,9073,418,132.78,112.0,8.0,1.2080694453416359
SOMBRERO ,5716.85,4415,61,0.0,0.0,0.0,0.0
SPACE BOY CHILDRENS CUP,145.76,131,6,0.0,0.0,0.0,0.0
SPACE CADET BLACK,64.24,52,19,0.0,0.0,0.0,0.0
SPACE CADET RED,159.7,131,33,0.0,0.0,0.0,0.0
SPACE CADET WHITE,117.78,97,30,0.0,0.0,0.0,0.0
SPACE FROG,233.52,174,56,0.0,0.0,0.0,0.0
SPACE OWL,315.75,255,68,0.0,0.0,0.0,0.0
SPACEBOY BEAKER,3112.34,2628,184,7.5,6.0,1.0,0.24039694343299653
SPACEBOY BIRTHDAY CARD,3387.5699999999997,8161,527,5.04,12.0,1.0,0.14855818971234538
SPACEBOY CHILDRENS BOWL,2890.3500000000004,2430,214,12.5,10.0,2.0,0.4306112957955113
SPACEBOY CHILDRENS CUP,2557.57,2050,216,26.25,21.0,6.0,1.0159376427150497
SPACEBOY CHILDRENS EGG CUP,1624.63,1204,186,1.25,1.0,1.0,0.07688144266489531
SPACEBOY GIFT WRAP,2673.34,6527,208,31.5,75.0,3.0,1.1645790508865588
SPACEBOY LUNCH BOX ,25719.02,14249,900,92.7,54.0,8.0,0.3591391817360486
SPACEBOY MINI BACKPACK,4697.54,1102,233,8.3,2.0,1.0,0.17637658738928652
SPACEBOY MINI RUCKSACK,53.95,13,4,0.0,0.0,0.0,0.0
SPACEBOY ROCKET LOLLY MAKERS,1475.03,662,113,49.92,24.0,1.0,3.273549952457458
SPACEBOY TV DINNER TRAY,1636.27,303,132,136.0,32.0,1.0,7.67377431204049
SPACEBOY WALL ART,885.9000000000001,306,13,0.0,0.0,0.0,0.0
SPOTS ON RED BOOKCOVER TAPE,6.72,16,5,0.0,0.0,0.0,0.0
SPOTTED WHITE NATURAL SEED NECKLACE,72.0,72,7,0.0,0.0,0.0,0.0
SPOTTY BUNTING,42513.48,8320,1140,482.81,110.0,12.0,1.1229108371908367
SPOTTY PINK DUCK DOORSTOP,1282.81,285,117,8.5,2.0,1.0,0.6582462770364979
SPRIG LAVENDER ARTIFICIAL FLOWER,160.48,224,10,35.16,60.0,2.0,17.971784911061132
SQUARE CHERRY BLOSSOM CABINET,719.5500000000001,129,19,119.0,20.0,3.0,14.191163317631625
SQUARE FLOOR CUSHION VINTAGE RED,672.05,71,42,0.0,0.0,0.0,0.0
SQUARE METAL CANDLEHOLDER BASE,36.519999999999996,52,8,0.0,0.0,0.0,0.0
SQUARE MINI PORTRAIT FRAME,556.17,277,52,0.0,0.0,0.0,0.0
SQUARECUSHION COVER PINK UNION FLAG,506.34000000000003,72,32,0.0,0.0,0.0,0.0
SQUARECUSHION COVER PINK UNION JACK,581.23,173,42,0.0,0.0,0.0,0.0
ST GEORGE SET OF 10 PARTY LIGHTS,5.9,2,2,0.0,0.0,0.0,0.0
ST TROPEZ NECKLACE,224.12,45,35,0.0,0.0,0.0,0.0
STANDING FAIRY POLE SUPPORT ,278.5,346,22,0.0,0.0,0.0,0.0
STAR  T-LIGHT HOLDER ,270.22999999999996,158,29,0.0,0.0,0.0,0.0
STAR DECORATION PAINTED ZINC ,1233.91,4679,180,12.270000000000001,21.0,2.0,0.9846089649970309
STAR DECORATION RUSTIC,1133.61,2452,142,20.16,48.0,1.0,1.7473153228113054
STAR PORTABLE TABLE LIGHT ,887.6500000000001,299,49,26.55,9.0,2.0,2.9041785167359437
STAR T-LIGHT HOLDER WILLIE WINKIE,2004.9999999999998,1180,119,4.949999999999999,3.0,3.0,0.24627478295479985
STAR WOODEN CHRISTMAS DECORATION,2423.0,2684,221,0.0,0.0,0.0,0.0
STAR WREATH DECORATION WITH BELL,2138.42,1682,152,15.0,12.0,1.0,0.6965663920647156
STARFISH SOAP DISH,189.75,74,25,0.0,0.0,0.0,0.0
STARS GIFT TAPE ,725.4200000000001,1653,133,0.19,1.0,1.0,0.026184865147944485
STEEL SWEETHEART ROUND TABLE CREAM,699.63,41,24,0.0,0.0,0.0,0.0
STOOL HOME SWEET HOME ,2860.58,237,114,22.9,2.0,2.0,0.7941792556216792
STOP FOR TEA WALL ART,2572.7,518,41,0.0,0.0,0.0,0.0
STORAGE TIN HOME SWEET HOME,621.44,275,56,17.43,7.0,3.0,2.7282545744830715
STORAGE TIN VINTAGE DOILEY ,23.13,7,2,0.0,0.0,0.0,0.0
STORAGE TIN VINTAGE DOILY ,3704.78,1272,190,80.92,28.0,12.0,2.137517500066038
STORAGE TIN VINTAGE LEAF,2003.1000000000001,772,104,40.46,14.0,7.0,1.9798782516784432
STRAWBERRIES  DESIGN FLANNEL ,373.34,358,105,0.0,0.0,0.0,0.0
STRAWBERRY   PICNIC BAG,4898.849999999999,1707,251,47.2,16.0,6.0,0.9542968631534257
STRAWBERRY BATH SPONGE ,1745.43,1232,228,62.5,50.0,1.0,3.4569922508061706
STRAWBERRY CERAMIC TRINKET BOX,14117.58,10473,706,415.75,363.0,52.0,2.860665793730687
STRAWBERRY CERAMIC TRINKET POT,2131.2200000000003,1369,125,27.5,22.0,5.0,1.2739030536614289
STRAWBERRY CHARLOTTE BAG,12548.15,9793,722,62.709999999999994,75.0,12.0,0.4972698134782243
STRAWBERRY DREAM CHILDS UMBRELLA,270.56,80,35,0.0,0.0,0.0,0.0
STRAWBERRY FAIRY CAKE TEAPOT,4132.88,795,200,195.20000000000002,40.0,20.0,4.510082992920649
STRAWBERRY HONEYCOMB  GARLAND ,1610.9199999999998,1290,109,3.3,2.0,1.0,0.20443310081649343
STRAWBERRY LUNCH BOX WITH CUTLERY,9735.38,3933,573,35.25,14.0,10.0,0.3607750984327521
STRAWBERRY RAFFIA FOOD COVER,2220.59,639,163,15.0,4.0,3.0,0.6709638171578867
STRAWBERRY SHOPPER BAG,3561.98,2855,412,27.5,22.0,2.0,0.7661276842328136
STRAWBRY SCENTED VOTIVE CANDLE,267.45,1101,24,0.0,0.0,0.0,0.0
"STRING OF 8 BUTTERFLIES,PINK",41.24999999999999,25,6,0.0,0.0,0.0,0.0
STRING OF STARS CARD HOLDER,250.22000000000003,78,15,0.0,0.0,0.0,0.0
STRIPES DESIGN MONKEY DOLL,118.72999999999999,39,22,0.0,0.0,0.0,0.0
STRIPES DESIGN TEDDY,142.79999999999998,56,30,15.299999999999999,6.0,1.0,9.67741935483871
STRIPEY CHOCOLATE NESTING BOXES,1061.41,355,110,61.199999999999996,24.0,1.0,5.451581582205751
STRIPY DESIGN SHOWER CAP,70.57,197,15,0.29,1.0,1.0,0.4092576912221281
SUKI  SHOULDER BAG,6298.61,3393,530,1.65,1.0,1.0,0.0261893953582868
SUMMER BUTTERFLIES BAG CHARM,134.53,54,31,0.0,0.0,0.0,0.0
SUMMER DAISIES BAG CHARM,417.96,167,88,0.0,0.0,0.0,0.0
SUMMER FUN DESIGN SHOWER CAP,116.32999999999998,325,18,0.58,2.0,1.0,0.4961081173552305
SUNFLOWER DECORATIVE PARASOL,895.46,125,42,12.75,1.0,1.0,1.4038603406701093
SUNJAR LED NIGHT NIGHT LIGHT,48.39,3,2,0.0,0.0,0.0,0.0
SUNSET CHECK HAMMOCK,1657.42,192,62,0.0,0.0,0.0,0.0
SUNSET COLOUR CHUNKY KNITTED THROW,720.93,60,39,0.0,0.0,0.0,0.0
SWALLOW SQUARE TISSUE BOX,732.39,1596,145,3.9000000000000004,10.0,1.0,0.5296825978894187
SWALLOW WOODEN CHRISTMAS DECORATION,1414.4599999999998,1538,173,5.1,6.0,1.0,0.3592662515145539
SWALLOWS GREETING CARD,2237.89,5527,274,0.0,0.0,0.0,0.0
SWEET HEART CAKE CARRIER,795.5799999999999,80,44,89.55,9.0,6.0,10.117157931603268
SWEET PUDDING STICKER SHEET,95.52999999999999,98,36,0.85,1.0,1.0,0.881925710728367
SWEETHEART 3 TIER CAKE STAND ,3371.58,284,158,219.95,24.0,11.0,6.124130941409372
SWEETHEART BIRD HOUSE,3041.21,847,94,16.6,4.0,1.0,0.5428721863032694
SWEETHEART CAKESTAND 3 TIER,9687.3,958,377,643.05,69.0,29.0,6.224861693940671
SWEETHEART CARRY-ALL BASKET,76.44,6,6,17.0,2.0,1.0,18.19349315068493
SWEETHEART CERAMIC TRINKET BOX,7617.280000000001,6054,509,188.08,157.0,27.0,2.409626205581805
SWEETHEART CREAM STEEL TABLE RECT,618.66,27,21,0.0,0.0,0.0,0.0
SWEETHEART RECIPE BOOK STAND,8571.25,1211,368,78.45,17.0,3.0,0.9069678717180942
SWEETHEART WALL TIDY ,1007.0799999999999,108,43,49.75,5.0,4.0,4.707474238997758
SWEETHEART WIRE FRUIT BOWL,1623.08,207,89,0.0,0.0,0.0,0.0
SWEETHEART WIRE MAGAZINE RACK,2784.9,326,182,39.75,5.0,4.0,1.4072539960703097
SWEETHEART WIRE WALL TIDY,2295.43,227,109,87.9,10.0,2.0,3.6881170463175477
SWEETIES  STICKERS,277.24,301,50,0.0,0.0,0.0,0.0
SWIRLY CIRCULAR RUBBERS IN BAG,178.97,472,59,0.42,1.0,1.0,0.23412676291878032
SWISS CHALET TREE DECORATION ,598.8199999999999,1385,119,0.0,0.0,0.0,0.0
SWISS ROLL TOWEL PINK  SPOTS,1913.6899999999998,706,39,0.0,0.0,0.0,0.0
"SWISS ROLL TOWEL, CHOCOLATE  SPOTS",1651.02,900,94,0.0,0.0,0.0,0.0
"SWISS ROLL TOWEL, PINK  SPOTS",971.44,653,43,0.0,0.0,0.0,0.0
T-LIGHT GLASS FLUTED ANTIQUE,9873.880000000001,7955,345,192.75,177.0,10.0,1.914742073563844
T-LIGHT HOLDER HANGING LACE,831.26,839,82,50.0,40.0,1.0,5.673694482899485
T-LIGHT HOLDER HANGING LOVE BIRD,2032.77,542,101,11.25,3.0,1.0,0.550386004050841
T-LIGHT HOLDER SILVER HEART HANDLE,399.71,199,28,11.7,6.0,1.0,2.843878369509735
T-LIGHT HOLDER SILVER PETIT FOUR ,232.42000000000002,184,16,0.0,0.0,0.0,0.0
T-LIGHT HOLDER SILVER SAUCER,42.919999999999995,44,8,0.0,0.0,0.0,0.0
T-LIGHT HOLDER SWEETHEART HANGING,1657.02,844,138,1.95,1.0,1.0,0.11754281270909057
T-LIGHT HOLDER WHITE LACE,512.93,588,68,0.0,0.0,0.0,0.0
TABLE LAMP WHITE SHADE WOOD BASE,434.12,78,20,0.0,0.0,0.0,0.0
TABLECLOTH RED APPLES DESIGN ,3027.3799999999997,305,122,0.0,0.0,0.0,0.0
TALL ROCOCO CANDLE HOLDER,770.59,93,20,17.0,2.0,1.0,2.1584834749044552
TEA BAG PLATE RED RETROSPOT,3583.29,4084,358,10.2,12.0,1.0,0.28384662264261207
TEA COSY BLUE STRIPE,877.38,250,105,0.0,0.0,0.0,0.0
TEA COSY RED  STRIPE,1091.05,369,121,0.0,0.0,0.0,0.0
TEA FOR ONE POLKADOT,2108.18,420,168,127.5,30.0,18.0,5.702962856938382
TEA PARTY  WRAPPING PAPER ,929.0,2250,75,14.28,34.0,2.0,1.5138665083538292
TEA PARTY BIRTHDAY CARD,1873.71,4368,362,61.919999999999995,168.0,3.0,3.1989584786348626
TEA TIME BREAKFAST BASKET,2.1,1,1,0.0,0.0,0.0,0.0
TEA TIME DES TEA COSY,1116.72,388,110,30.599999999999998,12.0,2.0,2.6670850329463445
TEA TIME KITCHEN APRON,3414.5000000000005,602,133,46.3,8.0,5.0,1.337840961627369
TEA TIME OVEN GLOVE,2927.55,2180,315,37.5,30.0,2.0,1.2647341528810645
TEA TIME PARTY BUNTING,12926.42,2578,467,3692.9499999999994,1424.0,7.0,22.22075806724322
TEA TIME TABLE CLOTH,1769.25,187,33,0.0,0.0,0.0,0.0
TEA TIME TEA SET IN GIFT BOX,906.83,133,49,13.9,2.0,1.0,1.5096716735633682
TEA TIME TEA TOWELS ,6045.0,2600,2,0.0,0.0,0.0,0.0
TEA TIME TEAPOT IN GIFT BOX,2360.68,380,113,24.849999999999998,3.0,3.0,1.0416972329000265
TEAL/FUSCHIA COL BEAD NECKLACE,94.43,19,13,0.0,0.0,0.0,0.0
TEATIME FUNKY FLOWER BACKPACK FOR 2,732.2299999999999,66,53,0.0,0.0,0.0,0.0
TEATIME GEL PENS ASST,82.08,504,5,0.0,0.0,0.0,0.0
TEATIME PEN CASE & PENS,55.25,65,14,0.0,0.0,0.0,0.0
TEATIME PUSH DOWN RUBBER,115.3,479,13,0.0,0.0,0.0,0.0
TEATIME ROUND PENCIL SHARPENER ,205.29999999999998,1460,67,0.0,0.0,0.0,0.0
THE KING GIFT BAG,13.0,20,8,0.0,0.0,0.0,0.0
THE KING GIFT BAG 25x24x12cm,11.76,28,8,0.0,0.0,0.0,0.0
THREE CANVAS LUGGAGE TAGS,243.49,150,48,0.0,0.0,0.0,0.0
THREE MINI HANGING FRAMES,610.0,142,50,8.3,2.0,1.0,1.3423904253598578
TIGRIS EYE CHUNKY CHARM BRACELET,210.04,23,20,0.0,0.0,0.0,0.0
TINY CRYSTAL BRACELET BLUE,12.52,5,5,0.0,0.0,0.0,0.0
TINY CRYSTAL BRACELET GREEN,25.279999999999998,10,5,0.0,0.0,0.0,0.0
TINY CRYSTAL BRACELET RED,2.48,1,1,0.0,0.0,0.0,0.0
TOADSTOOL BEDSIDE LIGHT ,2207.5499999999997,249,105,125.3,14.0,7.0,5.371112587607433
TOADSTOOL MONEY BOX,2549.11,817,184,83.15,29.0,12.0,3.1588824812138614
TOAST ITS - BEST MUM,1007.71,799,95,0.0,0.0,0.0,0.0
TOAST ITS - DINOSAUR,23.75,19,10,0.0,0.0,0.0,0.0
TOAST ITS - FAIRY FLOWER,703.3,642,151,0.0,0.0,0.0,0.0
TOAST ITS - HAPPY BIRTHDAY,493.29,411,108,0.0,0.0,0.0,0.0
TOAST ITS - I LOVE YOU ,992.58,789,120,0.0,0.0,0.0,0.0
TOILET METAL SIGN,2155.8900000000003,3883,405,11.16,21.0,5.0,0.5149858102028102
TOILET SIGN OCCUPIED OR VACANT,3688.2099999999996,3741,433,11.62,14.0,6.0,0.3140684842276537
TOMATO CHARLIE+LOLA COASTER SET,905.55,512,88,0.0,0.0,0.0,0.0
TOOL BOX SOFT TOY ,1764.6399999999999,178,105,53.699999999999996,6.0,1.0,2.9532430678530965
TOOTHPASTE TUBE PEN,776.1,1273,205,0.0,0.0,0.0,0.0
TOP SECRET PEN SET,57.5,46,10,0.0,0.0,0.0,0.0
TOTE BAG I LOVE LONDON,2633.28,1288,136,50.400000000000006,24.0,2.0,1.878018243605795
TOXIC AREA  DOOR HANGER ,792.98,1462,162,0.0,0.0,0.0,0.0
TOY TIDY DOLLY GIRL DESIGN,1472.85,713,162,25.2,12.0,3.0,1.6821868428957645
TOY TIDY PINK POLKADOT,7433.74,3439,469,56.45,27.0,7.0,0.7536524440635018
TOY TIDY SPACEBOY  ,2815.46,1312,285,77.7,37.0,6.0,2.685644762128607
TOYBOX  WRAP ,288.92,726,23,0.42,1.0,1.0,0.1451579456694546
TRADITIONAL CHRISTMAS RIBBONS,4655.2,3245,359,15.0,12.0,1.0,0.32118538820607256
TRADITIONAL KNITTING NANCY,10053.65,6148,609,64.75,51.0,4.0,0.6399233080328905
TRADITIONAL MODELLING CLAY,9572.32,8144,389,1.06,1.0,1.0,0.01107236942438303
TRADITIONAL NAUGHTS & CROSSES,6406.91,2841,257,0.0,0.0,0.0,0.0
TRADITIONAL PICK UP STICKS GAME ,4931.87,2772,276,0.0,0.0,0.0,0.0
TRADITIONAL WOODEN CATCH CUP GAME ,4317.16,3192,412,16.25,13.0,2.0,0.37499336550199497
TRADITIONAL WOODEN SKIPPING ROPE,10504.85,8130,425,59.31999999999999,46.0,6.0,0.5615206873800781
TRADTIONAL ALPHABET STAMP SET,4717.66,954,192,9.9,2.0,1.0,0.20941035121711837
TRANQUILITY MASALA INCENSE,42.0,200,7,0.0,0.0,0.0,0.0
TRANSPARENT ACRYLIC TAPE DISPENSER,42.58,40,17,0.0,0.0,0.0,0.0
TRAVEL CARD WALLET FLOWER MEADOW,762.75,1758,173,32.76,78.0,5.0,4.11811290870008
TRAVEL CARD WALLET I LOVE LONDON,2126.55,4733,241,0.42,1.0,1.0,0.019746399808177828
TRAVEL CARD WALLET KEEP CALM,5262.82,12366,534,74.34,177.0,11.0,1.3928756117485706
TRAVEL CARD WALLET PANTRY,903.16,2002,221,77.28,184.0,4.0,7.882175349842928
TRAVEL CARD WALLET RETRO PETALS,674.11,1544,105,0.0,0.0,0.0,0.0
TRAVEL CARD WALLET RETROSPOT,956.94,2194,218,12.6,30.0,6.0,1.2995853703818303
TRAVEL CARD WALLET SKULLS,914.37,2119,192,53.76,128.0,8.0,5.552973257723653
TRAVEL CARD WALLET SUKI,1058.64,2381,266,20.580000000000002,49.0,3.0,1.9069327847890145
TRAVEL CARD WALLET TRANSPORT,1368.28,3169,278,16.38,39.0,4.0,1.1829618823393466
TRAVEL CARD WALLET UNION JACK,1094.93,2545,222,32.76,78.0,8.0,2.905053693834298
TRAVEL CARD WALLET VINTAGE LEAF,578.48,1350,117,1.26,3.0,2.0,0.21733880705143688
TRAVEL CARD WALLET VINTAGE ROSE ,226.2,542,53,0.0,0.0,0.0,0.0
TRAVEL CARD WALLET VINTAGE TICKET,2094.93,4801,408,10.92,26.0,4.0,0.518555452667569
TRAVEL SEWING KIT,8612.07,5091,467,24.75,15.0,5.0,0.2865638047336867
"TRAY, BREAKFAST IN BED",3491.8599999999997,275,80,74.7,6.0,6.0,2.0944551612758517
TREASURE AHOY WALL ART,833.46,270,16,0.0,0.0,0.0,0.0
TREASURE ISLAND BOOK BOX,5521.29,2532,267,45.0,20.0,5.0,0.8084379362196364
TREASURE TIN BUFFALO BILL ,3024.63,1470,214,56.160000000000004,27.0,3.0,1.8229090590400516
TREASURE TIN GYMKHANA DESIGN,4669.55,2165,363,14.56,7.0,5.0,0.31083813147001244
TREE T-LIGHT HOLDER WILLIE WINKIE,562.2199999999999,364,44,0.0,0.0,0.0,0.0
TRIANGULAR POUFFE VINTAGE ,1161.65,63,33,29.9,2.0,1.0,2.509336578406277
TRIPLE HOOK ANTIQUE IVORY ROSE,2645.26,798,227,164.1,50.0,22.0,5.841188028590142
TRIPLE PHOTO FRAME CORNICE ,7173.549999999999,774,218,348.25,35.0,17.0,4.629875827594459
TRIPLE WIRE HOOK IVORY HEART,766.1,182,52,49.800000000000004,12.0,1.0,6.103689177595294
TRIPLE WIRE HOOK PINK HEART,272.91,79,25,0.0,0.0,0.0,0.0
TROPICAL  HONEYCOMB PAPER GARLAND ,2987.82,1240,101,2.55,1.0,1.0,0.08527372866902756
TROPICAL HOLIDAY PURSE ,81.66,32,18,0.0,0.0,0.0,0.0
TROPICAL LUGGAGE TAG,105.91,73,33,0.0,0.0,0.0,0.0
TROPICAL PASSPORT COVER ,439.65,262,99,0.0,0.0,0.0,0.0
TUB 24 PINK FLOWER PEGS,271.03999999999996,164,58,0.0,0.0,0.0,0.0
TUMBLER BAROQUE,266.19,525,40,0.39,1.0,1.0,0.1462975467026784
TUMBLER NEW ENGLAND,551.1899999999999,1261,53,0.0,0.0,0.0,0.0
"TUMBLER, BAROQUE",84.03999999999999,56,7,0.0,0.0,0.0,0.0
"TUMBLER, NEW ENGLAND",182.29999999999998,142,14,0.0,0.0,0.0,0.0
TURQ ICE CREAM BUM BAG ,63.209999999999994,19,8,0.0,0.0,0.0,0.0
TURQ PENDANT TRIPLE SHELL NECKLACE,52.31,10,8,0.0,0.0,0.0,0.0
TURQ STONE/CRYSTAL EARRINGS,113.97,39,31,0.0,0.0,0.0,0.0
TURQ+RED BOUDICCA LARGE BRACELET,377.04,54,26,0.0,0.0,0.0,0.0
TURQUOISE BERTIE GLASS BEAD CHARM,69.85,77,7,0.0,0.0,0.0,0.0
TURQUOISE CHRISTMAS TREE ,6.25,5,4,0.0,0.0,0.0,0.0
TURQUOISE CRYSTAL+GLASS BRACELET,119.23,24,11,0.0,0.0,0.0,0.0
TURQUOISE GLASS TASSLE BAG CHARM ,121.38000000000001,57,20,0.0,0.0,0.0,0.0
TURQUOISE HEART OF GLASS BRACELET,53.42,9,5,0.0,0.0,0.0,0.0
TUSCAN VILLA BIRD FEEDER,148.63,17,9,0.0,0.0,0.0,0.0
TUSCAN VILLA BIRD TABLE ,156.75,19,11,0.0,0.0,0.0,0.0
TUSCAN VILLA DOVECOTE,99.0,12,4,0.0,0.0,0.0,0.0
TUSCAN VILLA DOVECOTE BIRD FEEDER,399.03,43,23,8.25,1.0,1.0,2.025633470830878
TUSCAN VILLA FEEDING STATION,99.0,12,7,0.0,0.0,0.0,0.0
TV DINNER TRAY AIR HOSTESS ,1502.02,419,105,1.95,1.0,1.0,0.12965684155933963
TV DINNER TRAY DOLLY GIRL,1527.01,320,107,9.9,2.0,2.0,0.6441496248967084
TV DINNER TRAY VINTAGE PAISLEY,1623.04,503,112,0.0,0.0,0.0,0.0
TWO DOOR CURIO CABINET,2577.45,212,83,382.95,33.0,13.0,12.935751925415486
UBO-LIGHT TRIOBASE BLUE,3.4,4,2,0.0,0.0,0.0,0.0
UBO-LIGHT TRIOBASE PURPLE,4.25,5,3,0.0,0.0,0.0,0.0
UNION FLAG WINDSOCK,426.94,387,22,0.0,0.0,0.0,0.0
UNION JACK FLAG LUGGAGE TAG,1292.38,747,193,0.0,0.0,0.0,0.0
UNION JACK FLAG PASSPORT COVER ,2041.69,828,184,42.0,20.0,1.0,2.0156549198777167
UNION JACK HOT WATER BOTTLE ,139.86,13,3,0.0,0.0,0.0,0.0
UNION STRIPE CUSHION COVER ,503.75,403,65,7.5,6.0,4.0,1.466992665036675
UNION STRIPE WITH FRINGE  HAMMOCK,6944.360000000001,898,208,0.0,0.0,0.0,0.0
URBAN BLACK RIBBONS ,869.1,848,184,0.0,0.0,0.0,0.0
UTILTY CABINET WITH HOOKS,2610.29,131,6,0.0,0.0,0.0,0.0
VANILLA INCENSE 40 CONES IN TIN,36.25,29,12,0.0,0.0,0.0,0.0
VANILLA INCENSE IN TIN,920.67,2084,95,0.0,0.0,0.0,0.0
VANILLA SCENT CANDLE JEWELLED BOX,2696.48,1396,106,579.81,505.0,4.0,17.697151351070875
VEGETABLE GARDEN CHOPPING BOARD,382.44,76,22,0.0,0.0,0.0,0.0
VEGETABLE MAGNETIC  SHOPPING LIST,49.8,36,3,0.0,0.0,0.0,0.0
VICTORIAN  METAL POSTCARD SPRING,3206.0,2869,177,128.72,296.0,3.0,3.8599942423951634
VICTORIAN GLASS HANGING T-LIGHT,33146.82,24275,1037,638.4,450.0,25.0,1.88958367001902
VICTORIAN SEWING BOX LARGE,7674.799999999999,532,163,679.75,61.0,18.0,8.1362850183433
VICTORIAN SEWING BOX MEDIUM,6901.42,688,261,88.4,12.0,5.0,1.2646963727249059
VICTORIAN SEWING BOX SMALL ,7077.200000000001,1179,285,92.2,16.0,8.0,1.286021145423606
VICTORIAN SEWING KIT,2822.58,2518,140,322.85,289.0,5.0,10.264097436598494
VILLAGE SHOW WALL ART,2072.42,386,18,0.0,0.0,0.0,0.0
VINTAGE  2 METER FOLDING RULER,3073.72,1844,181,21.449999999999996,13.0,2.0,0.6930152463354193
VINTAGE  2 METRE FOLDING RULER,3374.0499999999997,1627,152,1.65,1.0,1.0,0.048878751073851354
VINTAGE BEAD COSMETIC BAG ,156.85,57,35,0.0,0.0,0.0,0.0
VINTAGE BEAD NOTEBOOK,433.19,150,52,0.0,0.0,0.0,0.0
VINTAGE BEAD PINK EVENING BAG,937.25,619,94,0.0,0.0,0.0,0.0
VINTAGE BEAD PINK JEWEL BOX,17.0,4,3,0.0,0.0,0.0,0.0
VINTAGE BEAD PINK JEWEL STAND,4.95,1,1,0.0,0.0,0.0,0.0
VINTAGE BEAD PINK PURSE ,1066.6599999999999,979,128,20.749999999999996,25.0,2.0,1.908203897334032
VINTAGE BEAD PINK SCARF ,985.8399999999999,451,58,19.799999999999997,12.0,1.0,1.968895429776063
VINTAGE BEAD PINK SHADE ,16.25,13,2,0.0,0.0,0.0,0.0
VINTAGE BELLS GARLAND,2443.35,821,149,0.0,0.0,0.0,0.0
VINTAGE BILLBOARD DRINK ME MUG,1380.28,991,177,6.36,6.0,1.0,0.4586626665897422
VINTAGE BILLBOARD LOVE/HATE MUG,1890.33,1638,198,45.660000000000004,42.0,3.0,2.358483256628392
VINTAGE BILLBOARD MUG ,1184.98,1106,107,0.0,0.0,0.0,0.0
VINTAGE BILLBOARD TEA MUG,2250.52,1949,86,743.0600000000001,701.0,1.0,24.821785287181235
VINTAGE BLUE KITCHEN CABINET,3685.0,26,20,800.0,6.0,6.0,17.837235228539576
VINTAGE BLUE TINSEL REEL,0.84,2,1,0.0,0.0,0.0,0.0
VINTAGE CARAVAN GIFT WRAP,273.0,650,27,21.0,50.0,2.0,7.142857142857142
VINTAGE CARAVAN GREETING CARD ,617.3199999999999,1452,137,0.0,0.0,0.0,0.0
VINTAGE CHRISTMAS BUNTING,15798.66,2990,401,64.35,13.0,2.0,0.4056607163457629
VINTAGE CHRISTMAS CAKE FRILL,4034.08,2500,151,0.0,0.0,0.0,0.0
VINTAGE CHRISTMAS GIFT BAG LARGE ,2182.39,1831,105,18.75,15.0,2.0,0.8518313237685926
VINTAGE CHRISTMAS GIFT SACK,5964.150000000001,1423,214,4.15,1.0,1.0,0.06953403816832264
VINTAGE CHRISTMAS PAPER GIFT BAG,1313.3899999999999,1608,100,0.0,0.0,0.0,0.0
VINTAGE CHRISTMAS STOCKING ,6488.2,2390,344,38.25,15.0,4.0,0.5860766572945476
VINTAGE CHRISTMAS TABLECLOTH,5012.96,407,117,62.5,5.0,2.0,1.2314154776118813
VINTAGE COFFEE GRINDER BOX,561.23,109,30,49.800000000000004,12.0,1.0,8.150172659280233
VINTAGE CREAM 3 BASKET CAKE STAND,4145.389999999999,409,153,14.6,2.0,2.0,0.35096238212111086
VINTAGE CREAM CAT FOOD CONTAINER,5396.929999999999,802,316,88.1,14.0,9.0,1.606189938797053
VINTAGE CREAM DOG FOOD CONTAINER,9661.32,1003,416,227.8,28.0,8.0,2.303541670037375
VINTAGE DOILY DELUXE SEWING KIT ,5354.01,809,205,386.75,65.0,11.0,6.736912882614845
VINTAGE DOILY JUMBO BAG RED ,10206.41,4802,259,222.68,121.0,3.0,2.1351814971392518
VINTAGE DOILY TRAVEL SEWING KIT,8497.98,3964,415,11.399999999999999,6.0,3.0,0.1339698074360294
VINTAGE DONKEY TAIL GAME ,6550.17,1815,252,40.89,11.0,5.0,0.6203857953045488
VINTAGE EMBOSSED HEART,1257.68,955,113,3.75,3.0,1.0,0.29728165653266525
VINTAGE ENAMEL & CRYSTAL EARRINGS,134.70000000000002,27,18,0.0,0.0,0.0,0.0
VINTAGE ENAMEL & CRYSTAL NECKLACE,49.760000000000005,10,4,0.0,0.0,0.0,0.0
VINTAGE ENGRAVED HEART,75.0,60,4,0.0,0.0,0.0,0.0
VINTAGE GLASS COFFEE CADDY,557.3000000000001,86,26,0.0,0.0,0.0,0.0
VINTAGE GLASS T-LIGHT HOLDER,1870.0299999999997,2237,149,7.47,9.0,1.0,0.39786950732356857
VINTAGE GLASS TEA CADDY,17.85,3,3,0.0,0.0,0.0,0.0
VINTAGE HEADS AND TAILS CARD GAME ,10504.4,7864,607,45.0,36.0,3.0,0.4265645439551065
VINTAGE JINGLE BELLS HEART,1897.76,228,78,8.25,1.0,1.0,0.432841380685306
VINTAGE JINGLE BELLS WREATH,635.38,76,28,0.0,0.0,0.0,0.0
VINTAGE KEEPSAKE BOX PARIS DAYS,686.86,112,56,0.0,0.0,0.0,0.0
VINTAGE KEEPSAKE BOX PINK FLOWER,85.13,19,15,12.7,2.0,1.0,12.981702954104058
VINTAGE KEEPSAKE BOX TRAVELOGUE,441.89,82,56,0.0,0.0,0.0,0.0
VINTAGE KID DOLLY CARD ,1041.94,2478,213,5.04,12.0,1.0,0.4813845536686469
VINTAGE KITCHEN PRINT FRUITS,266.15,85,29,7.6499999999999995,3.0,1.0,2.7940102264426594
VINTAGE KITCHEN PRINT PUDDINGS,79.05,31,7,0.0,0.0,0.0,0.0
VINTAGE KITCHEN PRINT SEAFOOD,129.63,43,14,0.0,0.0,0.0,0.0
VINTAGE KITCHEN PRINT VEGETABLES,165.75,65,12,0.0,0.0,0.0,0.0
VINTAGE LEAF CHOPPING BOARD  ,737.95,149,45,14.850000000000001,3.0,2.0,1.972635494155154
VINTAGE LEAF MAGNETIC NOTEPAD,2601.15,1707,274,18.849999999999998,13.0,3.0,0.7194656488549617
VINTAGE NOTEBOOK BEAUTY GIRL,8.850000000000001,3,2,0.0,0.0,0.0,0.0
VINTAGE NOTEBOOK PARIS DAYS,298.27,107,24,35.400000000000006,12.0,2.0,10.609284622531247
VINTAGE NOTEBOOK TRAVELOGUE,105.73,38,13,17.700000000000003,6.0,1.0,14.340111804261527
VINTAGE PAISLEY STATIONERY SET,3510.72,1901,436,0.0,0.0,0.0,0.0
VINTAGE PHOTO ALBUM PARIS DAYS,50.8,8,3,0.0,0.0,0.0,0.0
VINTAGE PINK DECORATIVE PARASOL,489.74,88,24,0.0,0.0,0.0,0.0
VINTAGE POST OFFICE CABINET,607.6500000000001,11,2,0.0,0.0,0.0,0.0
VINTAGE RED ENAMEL TRIM JUG ,2231.61,595,136,123.75,33.0,7.0,5.253973914815569
VINTAGE RED ENAMEL TRIM MUG ,2090.75,1700,119,72.5,58.0,5.0,3.3514388073500516
VINTAGE RED ENAMEL TRIM PLATE,1406.2999999999997,830,80,87.71,55.0,7.0,5.87077730403411
VINTAGE RED KITCHEN CABINET,8125.0,60,38,1730.5,10.0,8.0,17.55872355537517
VINTAGE RED MUG,693.47,702,54,15.0,12.0,1.0,2.117238556325603
VINTAGE RED TEATIME MUG,504.15,317,76,29.380000000000003,27.0,3.0,5.506719397222275
VINTAGE RED TRIM ENAMEL BOWL ,1501.03,1155,108,141.8,121.0,8.0,8.631446954340987
VINTAGE ROSE BEAD BRACELET BLACK,152.4,36,17,0.0,0.0,0.0,0.0
VINTAGE ROSE BEAD BRACELET RASPBERR,315.73,75,44,0.0,0.0,0.0,0.0
VINTAGE SEASIDE JIGSAW PUZZLES,1565.83,398,148,11.25,3.0,2.0,0.7133436477540772
VINTAGE SHELLS PRINT,427.46000000000004,50,32,0.0,0.0,0.0,0.0
VINTAGE SNAKES & LADDERS,7047.7,1786,396,0.0,0.0,0.0,0.0
VINTAGE SNAP CARDS,12510.009999999998,14521,926,72.24999999999999,85.0,3.0,0.5742211653550316
VINTAGE UNION JACK APRON,2939.51,407,169,0.0,0.0,0.0,0.0
VINTAGE UNION JACK BUNTING,24525.83,2787,475,238.0,28.0,4.0,0.961079122252091
VINTAGE UNION JACK CUSHION COVER,1982.64,380,104,89.1,18.0,6.0,4.300732717425931
VINTAGE UNION JACK DOORSTOP,1331.5600000000002,216,95,29.75,5.0,2.0,2.1853949504521375
VINTAGE UNION JACK MEMOBOARD,22980.239999999998,3269,221,39.8,4.0,4.0,0.1728928359811712
VINTAGE UNION JACK PENNANT,1584.8,794,99,42.9,22.0,5.0,2.6356208146464337
VINTAGE UNION JACK SHOPPING BAG,1077.03,225,46,0.0,0.0,0.0,0.0
VINTAGE WOODEN BAR STOOL,169.75,6,4,0.0,0.0,0.0,0.0
VINTAGE ZINC PLANTER  ,120.08000000000001,32,11,0.0,0.0,0.0,0.0
VINTAGE ZINC WATERING CAN,139.39999999999998,13,8,0.0,0.0,0.0,0.0
VINTAGE ZINC WATERING CAN SMALL,99.2,18,8,0.0,0.0,0.0,0.0
VINYL RECORD FRAME SILVER,5010.69,1339,113,25.53,7.0,4.0,0.5069278149088008
VIP HOLIDAY PURSE,44.04,14,11,0.0,0.0,0.0,0.0
VIP PASSPORT COVER ,94.04,43,17,0.0,0.0,0.0,0.0
VIPPASSPORT COVER ,209.66,142,34,0.0,0.0,0.0,0.0
WAKE UP COCKEREL CALENDAR SIGN ,348.59000000000003,81,33,0.0,0.0,0.0,0.0
WAKE UP COCKEREL TILE COASTER,210.51999999999998,604,35,0.0,0.0,0.0,0.0
WAKE UP COCKEREL TILE HOOK,70.45,50,18,0.39,1.0,1.0,0.5505364201016375
"WALL ART , LOVES' SECRET ",47.6,8,2,0.0,0.0,0.0,0.0
"WALL ART , THE MAGIC FOREST ",13.9,2,1,0.0,0.0,0.0,0.0
"WALL ART ,PUDDINGS ",61.2,8,2,0.0,0.0,0.0,0.0
WALL ART 70'S ALPHABET ,2757.06,356,74,48.7,6.0,3.0,1.7357151003649638
WALL ART ANIMALS AND NATURE ,504.59000000000003,153,31,26.25,7.0,2.0,4.944992841534171
WALL ART BICYCLE SAFETY,5954.15,845,173,5.95,1.0,1.0,0.09983053975604436
WALL ART BICYCLE SAFTEY ,114.15,21,3,0.0,0.0,0.0,0.0
WALL ART BIG LOVE ,5538.26,976,112,0.0,0.0,0.0,0.0
WALL ART BUFFALO BILL ,1011.1000000000001,334,37,22.5,6.0,1.0,2.176857585139319
WALL ART CAT AND BIRD ,469.73,143,40,0.0,0.0,0.0,0.0
WALL ART CLASSIC PUDDINGS ,6762.71,864,150,16.5,2.0,1.0,0.24339119159902112
WALL ART DOG AND BALL ,301.56,102,28,0.0,0.0,0.0,0.0
WALL ART DOG LICENCE ,3939.76,604,114,95.2,16.0,2.0,2.3593790273013857
WALL ART DOLLY GIRL ,956.0500000000002,319,26,0.0,0.0,0.0,0.0
WALL ART GARDEN HAVEN ,998.64,215,36,0.0,0.0,0.0,0.0
WALL ART HORSE & PONY ,760.32,225,46,22.5,6.0,1.0,2.8742239595309265
WALL ART I LOVE LONDON ,521.73,99,32,0.0,0.0,0.0,0.0
WALL ART KEEP CALM ,4994.790000000001,967,83,0.0,0.0,0.0,0.0
WALL ART LOVES' SECRET ,1180.35,239,39,0.0,0.0,0.0,0.0
WALL ART MID CENTURY MODERN ,1015.78,164,20,8.25,1.0,1.0,0.8056404597521558
WALL ART ONLY ONE PERSON ,4406.57,1050,86,0.0,0.0,0.0,0.0
WALL ART SPACEBOY,618.59,173,37,0.0,0.0,0.0,0.0
WALL ART STOP FOR TEA ,6036.2,869,219,41.650000000000006,7.0,1.0,0.685275220678365
WALL ART THE MAGIC FOREST ,933.16,148,13,0.0,0.0,0.0,0.0
WALL ART TREASURE AHOY ,340.35,90,25,22.5,6.0,1.0,6.200909466721786
WALL ART VILLAGE SHOW ,1369.71,240,67,23.8,4.0,1.0,1.7079174171695934
WALL ART VINTAGE HEART,1329.54,331,32,0.0,0.0,0.0,0.0
WALL ART WORK REST AND PLAY  ,901.58,210,31,0.0,0.0,0.0,0.0
"WALL ART,ONLY ONE PERSON ",29.700000000000003,6,1,0.0,0.0,0.0,0.0
WALL MIRROR RECTANGLE DIAMANTE PINK,1614.4,207,87,23.85,3.0,2.0,1.4558217610254847
WALL TIDY RETROSPOT ,3638.5699999999997,2283,293,2.1,1.0,1.0,0.05768169045807503
WASH BAG VINTAGE ROSE PAISLEY,838.86,290,85,17.849999999999998,7.0,2.0,2.083552193857898
WASHROOM METAL SIGN,4674.83,3012,364,0.0,0.0,0.0,0.0
WATERING CAN BLUE ELEPHANT,3998.7099999999996,2058,334,15.6,8.0,3.0,0.38860974862429665
WATERING CAN GARDEN MARKER,1967.9,1364,127,1.25,1.0,1.0,0.06347916613767361
WATERING CAN GREEN DINOSAUR,2667.5,1394,227,5.85,3.0,3.0,0.2188265659191651
WATERING CAN PINK BUNNY,3342.8199999999997,1716,277,27.299999999999997,14.0,3.0,0.8100601758987811
WATERING CAN SINGLE HOOK PISTACHIO,3.36,1,1,0.0,0.0,0.0,0.0
WATERMELON BATH SPONGE,72.49,29,10,0.0,0.0,0.0,0.0
WAY OUT METAL SIGN ,59.39999999999999,36,8,0.0,0.0,0.0,0.0
WEEKEND BAG VINTAGE ROSE PAISLEY,527.85,69,1,0.0,0.0,0.0,0.0
WELCOME  WOODEN BLOCK LETTERS,5247.09,523,188,119.39999999999999,12.0,2.0,2.224917963137917
WHEELBARROW FOR CHILDREN ,1720.26,125,79,76.5,6.0,4.0,4.2576637948306955
WHITE  ROSEBUD PEARL BRACELET,140.98,38,15,0.0,0.0,0.0,0.0
WHITE 3 FRAME BIRDS AND TREE ,150.0,20,10,4.95,1.0,1.0,3.1945788964182
WHITE ALLIUM  ARTIFICIAL FLOWER,28.73,17,4,5.07,3.0,1.0,15.000000000000002
WHITE AND BLUE CERAMIC OIL BURNER,283.93,192,42,0.0,0.0,0.0,0.0
WHITE ANEMONE ARTIFICIAL FLOWER,3.38,2,1,0.0,0.0,0.0,0.0
WHITE BAMBOO RIBS LAMPSHADE,854.4599999999999,976,65,12.16,19.0,6.0,1.403152477441093
WHITE BAROQUE WALL CLOCK ,559.0,66,32,0.0,0.0,0.0,0.0
WHITE BEADED GARLAND STRING 20LIGHT,19.049999999999997,3,2,18.25,3.0,2.0,48.92761394101877
WHITE BELL HONEYCOMB PAPER ,1923.2899999999997,1092,88,0.0,0.0,0.0,0.0
WHITE BELL HONEYCOMB PAPER GARLAND ,648.4499999999999,369,48,0.0,0.0,0.0,0.0
WHITE BIRD GARDEN DESIGN MUG,23.63,7,2,0.0,0.0,0.0,0.0
WHITE BROCANTE SOAP DISH,2070.9,706,121,0.0,0.0,0.0,0.0
WHITE CANDYSTUFT ARTIFICIAL FLOWER,411.55999999999995,308,20,0.0,0.0,0.0,0.0
WHITE CHRISTMAS FLOCK DROPLET ,32.51,25,2,0.0,0.0,0.0,0.0
WHITE CHRISTMAS GARLAND STARS TREES,830.03,225,65,0.0,0.0,0.0,0.0
WHITE CHRISTMAS STAR DECORATION,189.0,438,30,0.0,0.0,0.0,0.0
WHITE CHRISTMAS TREE 60CM,5.9,2,2,0.0,0.0,0.0,0.0
WHITE CHRYSANTHEMUMS ART FLOWER,115.50000000000001,55,8,4.2,2.0,1.0,3.508771929824561
WHITE DOVE HONEYCOMB PAPER GARLAND,6.72,2,1,0.0,0.0,0.0,0.0
WHITE ENAMEL FLOWER HAIR TIE,49.65,17,10,17.700000000000003,6.0,1.0,26.280623608017823
WHITE FRANGIPANI HAIR CLIP,8.5,10,1,0.0,0.0,0.0,0.0
WHITE FRANGIPANI NECKLACE,98.07,39,17,15.299999999999999,6.0,1.0,13.495633765546442
WHITE GLASS CHUNKY CHARM BRACELET,245.63,27,25,0.0,0.0,0.0,0.0
WHITE GOOSE FEATHER CHRISTMAS TREE ,1233.21,332,78,56.75,5.0,3.0,4.3993612205029615
WHITE GOOSE FEATHER TREE 60CM ,571.65,283,48,15.6,8.0,2.0,2.656449553001277
WHITE HAND TOWEL WITH BUTTERFLY,466.3,184,27,0.0,0.0,0.0,0.0
WHITE HANGING BEADS CANDLE HOLDER,1239.5,238,47,27.25,5.0,2.0,2.1511742648509964
WHITE HANGING HEART T-LIGHT HOLDER,106236.72,37872,2256,6624.3,2578.0,42.0,5.869431270424457
WHITE HEART CONFETTI IN TUBE,1006.8199999999999,1028,71,59.75999999999999,72.0,2.0,5.602955240113259
WHITE HEART OF GLASS BRACELET,35.31,6,5,0.0,0.0,0.0,0.0
WHITE HEARTS WIRE PLANT POT HOLDER,963.27,343,71,0.0,0.0,0.0,0.0
WHITE HONEYCOMB PAPER GARLAND ,888.67,355,72,0.0,0.0,0.0,0.0
WHITE HYDRANGEA ART FLOWER,46.2,22,3,0.0,0.0,0.0,0.0
WHITE JEWELLED HEART DECORATION,1882.1499999999999,2146,162,5.95,7.0,2.0,0.31513161379164245
WHITE LOVEBIRD LANTERN,2764.0600000000004,834,164,11.8,4.0,2.0,0.4250934845417276
WHITE METAL LANTERN,8037.7699999999995,1875,307,139.77,39.0,9.0,1.7091937184043127
WHITE MOROCCAN METAL LANTERN,381.54999999999995,69,26,0.0,0.0,0.0,0.0
WHITE MURANO TWIST BRACELET,41.790000000000006,10,5,0.0,0.0,0.0,0.0
WHITE ROCKING HORSE HAND PAINTED,3551.53,2849,192,219.76,200.0,4.0,5.827183801829082
WHITE ROSEBUD  PEARL EARRINGS,47.43,19,18,0.0,0.0,0.0,0.0
WHITE ROSEBUD & PEARL NECKLACE,52.72,7,5,0.0,0.0,0.0,0.0
WHITE SAGE INCENSE,337.14,1432,67,10.5,50.0,1.0,3.0203658957542285
WHITE SILVER NECKLACE SHELL GLASS,20.17,2,2,0.0,0.0,0.0,0.0
WHITE SKULL HOT WATER BOTTLE ,20582.2,3915,499,635.9300000000001,185.0,4.0,2.997106719583677
WHITE SOAP RACK WITH 2 BOTTLES,969.8000000000001,172,48,5.95,1.0,1.0,0.6097873430694337
WHITE SPOT BLUE CERAMIC DRAWER KNOB,6041.2,4372,365,143.95,103.0,8.0,2.327348568749343
WHITE SPOT RED CERAMIC DRAWER KNOB,6776.0,4992,409,77.55,59.0,7.0,1.13153037476928
WHITE SQUARE TABLE CLOCK,172.75,105,21,0.0,0.0,0.0,0.0
WHITE STITCHED CUSHION COVER,412.23,57,22,0.0,0.0,0.0,0.0
WHITE STITCHED WALL CLOCK,813.29,847,44,4.54,2.0,2.0,0.5551275937542033
WHITE STONE/CRYSTAL EARRINGS,17.5,6,6,0.0,0.0,0.0,0.0
WHITE TALL PORCELAIN T-LIGHT HOLDER,1591.01,695,69,571.8000000000001,292.0,2.0,26.437828565616034
"WHITE TEA,COFFEE,SUGAR JARS",1134.5,622,59,86.54,38.0,13.0,7.087400904147286
WHITE TISSUE REAM,151.05,19,13,0.0,0.0,0.0,0.0
WHITE TRAVEL ALARM CLOCK,676.27,280,89,2.55,1.0,1.0,0.37565186647417576
WHITE VINT ART DECO CRYSTAL NECKLAC,102.0,12,8,0.0,0.0,0.0,0.0
WHITE VINTAGE CRYSTAL BRACELET,47.25,7,4,0.0,0.0,0.0,0.0
WHITE VINTAGE CRYSTAL EARRINGS,38.7,10,6,0.0,0.0,0.0,0.0
WHITE WICKER STAR ,3146.78,1469,294,6.300000000000001,3.0,3.0,0.19980463546754287
WHITE WIRE EGG HOLDER,2012.74,312,76,55.1,9.0,2.0,2.6646162178891983
WHITE WIRE PLANT POT HOLDER,46.24,16,2,0.0,0.0,0.0,0.0
WHITE WITH BLACK CATS PLATE,33.18,78,3,0.0,0.0,0.0,0.0
WHITE WITH METAL BAG CHARM,14.850000000000001,3,1,0.0,0.0,0.0,0.0
WHITE WOOD GARDEN PLANT LADDER,7909.28,784,429,232.79999999999998,25.0,17.0,2.8592202483886178
WHITE/PINK CHICK DECORATION,301.26,252,20,0.0,0.0,0.0,0.0
WHITE/PINK CHICK EASTER DECORATION,35.48,36,10,0.0,0.0,0.0,0.0
WHITE/PINK MINI CRYSTALS NECKLACE,52.42,10,7,0.0,0.0,0.0,0.0
WICKER STAR ,4251.72,1842,405,109.2,52.0,4.0,2.504058776588426
WICKER WREATH LARGE,1452.55,729,151,0.0,0.0,0.0,0.0
WICKER WREATH SMALL,1001.49,741,123,0.0,0.0,0.0,0.0
WINE BOTTLE DRESSING DARK BLUE,12.969999999999999,52,12,1.44,12.0,1.0,9.993060374739764
WINE BOTTLE DRESSING LT.BLUE,3.0399999999999996,14,4,0.0,0.0,0.0,0.0
WIRE EGG BASKET ,872.38,113,44,0.0,0.0,0.0,0.0
WIRE FLOWER T-LIGHT HOLDER,1.25,1,1,0.0,0.0,0.0,0.0
WISE MAN STAR SHAPE EGG PAN,13.14,24,6,0.0,0.0,0.0,0.0
WOOD 2 DRAWER CABINET WHITE FINISH,15123.92,2386,543,1240.7,206.0,40.0,7.581599817166546
WOOD AND GLASS MEDICINE CABINET,299.5,10,10,0.0,0.0,0.0,0.0
WOOD BLACK BOARD ANT WHITE FINISH,35966.92,6012,685,170.95000000000002,24.0,11.0,0.47304946307018103
WOOD S/3 CABINET ANT WHITE FINISH,11885.98,1402,403,249.75,29.0,16.0,2.057972614749999
WOOD STAMP SET BEST WISHES,958.04,1017,187,0.0,0.0,0.0,0.0
WOOD STAMP SET FLOWERS,1122.3899999999999,1008,196,69.6,48.0,1.0,5.838975159187577
WOOD STAMP SET HAPPY BIRTHDAY,964.2199999999999,945,173,9.959999999999999,12.0,1.0,1.0223983247449135
WOOD STAMP SET THANK YOU,1571.4899999999998,1509,280,11.61,13.0,2.0,0.7333712336554862
WOOD STOCKING CHRISTMAS SCANDISPOT,1137.28,1569,177,1.7,2.0,1.0,0.14925635217475283
WOODEN ADVENT CALENDAR CREAM,7030.22,453,137,237.75,17.0,7.0,3.2712022751882577
WOODEN ADVENT CALENDAR RED,8714.24,746,137,72.92,6.0,4.0,0.8298471861215684
WOODEN BOX ADVENT CALENDAR ,89.5,10,5,135.2,16.0,8.0,60.16911437472186
WOODEN BOX OF DOMINOES,8847.29,6390,587,32.5,26.0,2.0,0.3659996463880339
WOODEN CROQUET GARDEN SET,11276.21,782,299,97.0,8.0,7.0,0.8528814644238523
WOODEN FRAME ANTIQUE WHITE ,21811.09,6999,971,910.9499999999999,353.0,16.0,4.009103055887587
WOODEN HAPPY BIRTHDAY GARLAND,6307.51,2165,290,2.95,1.0,1.0,0.04674778066892112
WOODEN HEART CHRISTMAS SCANDINAVIAN,4075.3599999999997,10608,538,83.05,101.0,2.0,1.9971575674356306
WOODEN OWLS LIGHT GARLAND ,5789.85,1537,149,106.25,25.0,6.0,1.8020386357083493
WOODEN PICTURE FRAME WHITE FINISH,23057.06,8986,1100,581.55,233.0,18.0,2.4601700353785607
WOODEN REGATTA BUNTING,2116.04,333,150,0.0,0.0,0.0,0.0
WOODEN ROUNDERS GARDEN SET ,12531.57,1327,358,36.9,4.0,4.0,0.29359182143888635
WOODEN SCHOOL COLOURING SET,9741.57,5883,433,405.0,276.0,3.0,3.9914966338378393
WOODEN SKITTLES GARDEN SET,4638.46,313,142,118.25,11.0,8.0,2.485961935875847
WOODEN STAR CHRISTMAS SCANDINAVIAN,3876.5399999999995,10460,512,112.49,133.0,3.0,2.8199838055868223
WOODEN TREE CHRISTMAS SCANDINAVIAN,1988.0199999999998,5167,338,81.6,96.0,1.0,3.9427527758718997
WOODEN UNION JACK BUNTING,12792.25,2091,407,23.8,4.0,2.0,0.1857046437865021
WOODLAND  HEIGHT CHART STICKERS ,2160.0,724,119,0.0,0.0,0.0,0.0
WOODLAND  STICKERS,786.31,868,103,0.0,0.0,0.0,0.0
WOODLAND BUNNIES LOLLY MAKERS,1482.41,649,124,0.0,0.0,0.0,0.0
WOODLAND CHARLOTTE BAG,16744.45,13290,833,87.39999999999999,112.0,8.0,0.5192536768091445
WOODLAND DESIGN  COTTON TOTE BAG,1657.76,746,127,4.5,2.0,1.0,0.27071577250249657
WOODLAND LARGE BLUE FELT HEART,123.47,92,13,0.0,0.0,0.0,0.0
WOODLAND LARGE PINK FELT HEART,324.40000000000003,285,13,0.0,0.0,0.0,0.0
WOODLAND LARGE RED FELT HEART,264.72,205,22,0.0,0.0,0.0,0.0
WOODLAND MINI BACKPACK,3411.34,816,152,0.0,0.0,0.0,0.0
WOODLAND MINI RUCKSACK ,20.75,5,2,0.0,0.0,0.0,0.0
WOODLAND PARTY BAG + STICKER SET,2975.14,1840,183,3.3,2.0,2.0,0.11079625575804782
WOODLAND SMALL BLUE FELT HEART,270.96,312,37,0.0,0.0,0.0,0.0
WOODLAND SMALL PINK FELT HEART,242.17999999999998,286,31,0.0,0.0,0.0,0.0
WOODLAND SMALL RED FELT HEART,552.02,678,51,0.0,0.0,0.0,0.0
WOODLAND STORAGE BOX LARGE ,1401.02,346,70,14.75,5.0,5.0,1.041835891423042
WOODLAND STORAGE BOX SMALL,624.58,256,46,8.4,4.0,3.0,1.3270561471136528
WORLD WAR 2 GLIDERS ASSTD DESIGNS,13814.009999999998,54951,535,253.92,1200.0,5.0,1.804956379509992
WOVEN BERRIES CUSHION COVER ,683.8,162,89,0.0,0.0,0.0,0.0
WOVEN BUBBLE GUM CUSHION COVER,672.6,160,71,0.0,0.0,0.0,0.0
WOVEN CANDY CUSHION COVER ,292.56,68,39,0.0,0.0,0.0,0.0
WOVEN FROST CUSHION COVER,492.79,117,59,0.0,0.0,0.0,0.0
WOVEN ROSE GARDEN CUSHION COVER ,912.03,217,90,0.0,0.0,0.0,0.0
WOVEN SUNSET CUSHION COVER ,378.29,89,37,0.0,0.0,0.0,0.0
WRAP  PINK FLOCK,10.5,25,1,0.0,0.0,0.0,0.0
WRAP  VINTAGE DOILEY ,42.0,100,2,0.0,0.0,0.0,0.0
WRAP  VINTAGE DOILY ,1039.08,2474,94,0.0,0.0,0.0,0.0
WRAP 50'S  CHRISTMAS,1892.46,4563,149,52.5,125.0,2.0,2.6992843040473837
WRAP A PRETTY THANK YOU,21.0,50,2,0.0,0.0,0.0,0.0
WRAP ALPHABET DESIGN,3217.92,7976,235,31.5,75.0,3.0,0.9694037705190464
WRAP ALPHABET POSTER  ,763.1,1855,64,0.0,0.0,0.0,0.0
WRAP BAD HAIR DAY,70.0,700,22,0.0,0.0,0.0,0.0
WRAP BILLBOARD FONTS DESIGN,769.02,1831,64,0.0,0.0,0.0,0.0
WRAP BIRD GARDEN ,548.1,1305,52,0.0,0.0,0.0,0.0
WRAP BLUE RUSSIAN FOLKART,10.5,25,1,0.0,0.0,0.0,0.0
WRAP CAROUSEL,157.5,375,14,0.0,0.0,0.0,0.0
WRAP CHRISTMAS SCREEN PRINT,291.5,1050,33,10.5,25.0,1.0,3.47682119205298
WRAP CHRISTMAS VILLAGE,2014.42,4901,142,126.0,300.0,3.0,5.886695134599751
WRAP CIRCUS PARADE,1202.84,2902,103,21.0,50.0,2.0,1.7159105765459537
WRAP COWBOYS  ,847.94,2057,71,10.5,25.0,1.0,1.2231489678952516
WRAP DAISY CARPET ,277.2,660,25,0.0,0.0,0.0,0.0
WRAP DOILEY DESIGN,1927.26,4703,164,0.0,0.0,0.0,0.0
WRAP DOLLY GIRL,1160.0,2800,100,10.5,25.0,1.0,0.897052541648868
WRAP ENGLISH ROSE ,2980.42,7201,248,10.5,25.0,1.0,0.35106254931592956
WRAP FLOWER SHOP  ,661.5,1575,62,0.0,0.0,0.0,0.0
WRAP FOLK ART,84.0,200,8,0.0,0.0,0.0,0.0
WRAP GINGHAM ROSE ,943.92,2276,82,10.5,25.0,1.0,1.1001445904318854
WRAP GREEN PEARS ,790.86,1883,77,10.5,25.0,1.0,1.3102725366876309
WRAP GREEN RUSSIAN FOLKART ,21.0,50,2,0.0,0.0,0.0,0.0
WRAP I LOVE LONDON ,1774.42,4501,104,21.0,50.0,2.0,1.169642757683439
WRAP KEEP CALM BIRTHDAY,460.5,1125,36,0.0,0.0,0.0,0.0
WRAP MAGIC FOREST ,451.5,1075,43,0.0,0.0,0.0,0.0
WRAP MONSTER FUN ,527.94,1257,49,0.0,0.0,0.0,0.0
WRAP PAISLEY PARK ,1365.0,3250,120,0.0,0.0,0.0,0.0
WRAP PINK FAIRY CAKES ,2331.0,5800,167,0.0,0.0,0.0,0.0
WRAP POPPIES  DESIGN,2105.5,5175,158,10.5,25.0,1.0,0.49621928166351603
WRAP RED APPLES ,2158.26,5253,174,21.0,50.0,2.0,0.9636298560061672
WRAP RED DOILEY,159.6,380,16,0.0,0.0,0.0,0.0
WRAP RED VINTAGE DOILY,866.0,2100,68,0.0,0.0,0.0,0.0
WRAP SUKI AND FRIENDS,1687.5,4075,134,10.5,25.0,1.0,0.6183745583038869
WRAP SUMMER ROSE DESIGN,42.84,102,5,0.0,0.0,0.0,0.0
WRAP VINTAGE LEAF DESIGN,2109.42,5251,134,10.92,26.0,2.0,0.5150117433996434
WRAP VINTAGE PETALS  DESIGN,1327.5,3275,104,10.5,25.0,1.0,0.7847533632286996
WRAP WEDDING DAY,528.5,1325,39,0.0,0.0,0.0,0.0
"WRAP, BILLBOARD FONTS DESIGN",731.42,1951,35,0.0,0.0,0.0,0.0
"WRAP, CAROUSEL",42.0,100,4,0.0,0.0,0.0,0.0
YELLOW BREAKFAST CUP AND SAUCER,66.35000000000001,53,18,0.0,0.0,0.0,0.0
YELLOW COAT RACK PARIS FASHION,1342.39,287,100,29.700000000000003,6.0,2.0,2.1645810406022927
YELLOW DRAGONFLY HELICOPTER,151.05,19,8,0.0,0.0,0.0,0.0
YELLOW EASTER EGG HUNT START POST,150.38,76,19,15.6,8.0,2.0,9.398722737679238
YELLOW FELT HANGING HEART W FLOWER,67.39,87,29,0.0,0.0,0.0,0.0
YELLOW FLOWERS FELT HANDBAG KIT,98.63000000000001,46,19,0.0,0.0,0.0,0.0
YELLOW GIANT GARDEN THERMOMETER,1993.75,288,115,35.7,6.0,4.0,1.759097292369854
YELLOW METAL CHICKEN HEART ,1079.67,721,91,0.0,0.0,0.0,0.0
YELLOW PINK FLOWER DESIGN BIG BOWL,10.92,28,3,0.0,0.0,0.0,0.0
YELLOW POT PLANT CANDLE,71.05,23,9,0.0,0.0,0.0,0.0
YELLOW SHARK HELICOPTER,572.41,71,53,0.0,0.0,0.0,0.0
YELLOW/BLUE RETRO RADIO,47.2,16,7,2.95,1.0,1.0,5.88235294117647
YELLOW/ORANGE FLOWER DESIGN PLATE,19.72,68,2,0.0,0.0,0.0,0.0
YELLOW/PINK CERAMIC CANDLE HOLDER,19.81,6,4,0.0,0.0,0.0,0.0
YELLOW/PINK FLOWER DESIGN BIG MUG,14.43,33,14,0.0,0.0,0.0,0.0
YOU'RE CONFUSING ME METAL SIGN ,7301.7699999999995,4413,450,29.220000000000002,18.0,5.0,0.39858191049230735
YULETIDE IMAGES GIFT WRAP SET,561.34,687,93,7.800000000000001,12.0,1.0,1.3704888076747375
YULETIDE IMAGES S/6 PAPER BOXES,30.599999999999998,12,7,0.0,0.0,0.0,0.0
ZINC  HEART T-LIGHT HOLDER,1090.66,868,69,18.75,15.0,1.0,1.6900875239992428
ZINC  STAR T-LIGHT HOLDER ,1441.43,1217,46,20.0,16.0,1.0,1.368522611414847
ZINC BOX SIGN HOME,1378.75,141,64,39.8,4.0,1.0,2.805681858235522
ZINC FINISH 15CM PLANTER POTS,748.34,601,57,0.0,0.0,0.0,0.0
ZINC FOLKART SLEIGH BELLS,9512.73,5050,456,121.16999999999999,73.0,6.0,1.2577460841403791
ZINC HEART FLOWER T-LIGHT HOLDER,1033.28,795,79,0.0,0.0,0.0,0.0
ZINC HEART LATTICE 2 WALL PLANTER,120.64999999999999,19,11,0.0,0.0,0.0,0.0
ZINC HEART LATTICE CHARGER LARGE,217.57999999999998,52,18,0.0,0.0,0.0,0.0
ZINC HEART LATTICE CHARGER SMALL,61.95,21,8,0.0,0.0,0.0,0.0
ZINC HEART LATTICE T-LIGHT HOLDER,957.32,716,88,0.0,0.0,0.0,0.0
ZINC HEART LATTICE TRAY OVAL ,53.550000000000004,9,7,0.0,0.0,0.0,0.0
ZINC HEARTS PLANT POT HOLDER,792.47,283,52,34.68,12.0,1.0,4.192709907513752
ZINC HERB GARDEN CONTAINER,3516.64,556,204,43.75,7.0,4.0,1.228797968761849
ZINC METAL HEART DECORATION,7418.07,5937,535,43.75,35.0,2.0,0.5863180832558277
ZINC PLANT POT HOLDER,23.12,8,1,0.0,0.0,0.0,0.0
ZINC STAR T-LIGHT HOLDER ,10.0,8,1,0.0,0.0,0.0,0.0
ZINC SWEETHEART SOAP DISH,114.33000000000001,61,21,0.0,0.0,0.0,0.0
ZINC SWEETHEART WIRE LETTER RACK,1020.69,263,90,15.0,4.0,1.0,1.4483098224372155
ZINC T-LIGHT HOLDER STAR LARGE,1956.6799999999998,2060,167,10.45,11.0,2.0,0.5312307778336969
ZINC T-LIGHT HOLDER STARS LARGE,22.799999999999997,24,2,0.0,0.0,0.0,0.0
ZINC T-LIGHT HOLDER STARS SMALL,4197.83,5089,274,36.519999999999996,44.0,3.0,0.8624700367234639
ZINC TOP  2 DOOR WOODEN SHELF ,270.08,13,12,76.75,5.0,2.0,22.12899691491509
ZINC WILLIE WINKIE  CANDLE STICK,2712.7,2933,268,10.2,12.0,1.0,0.37460060964412945
ZINC WIRE KITCHEN ORGANISER,239.97,30,16,0.0,0.0,0.0,0.0
ZINC WIRE SWEETHEART LETTER TRAY,275.62,83,23,0.0,0.0,0.0,0.0
